period,nco_code,occupation,district,state,vacancies
Oct-24,2512,Software Developer,Hyderabad,Telangana,73
Nov-2024,2512,Software Developer,Hyderabad,Telangana,76
Dec-2024,2512,Software Developer,Hyderabad,Telangana,78
Jan-25,2512,Software Developer,Hyderabad,Telangana,78
Feb-2025,2512,Software Developer,Hyderabad,Telangana,79
Mar-2025,2512,Software Developer,Hyderabad,Telangana,79
Apr-25,2512,Software Developer,Hyderabad,Telangana,78
May-2025,2512,Software Developer,Hyderabad,Telangana,78
Jun-2025,2512,Software Developer,Hyderabad,Telangana,78
Jul-25,2512,Software Developer,Hyderabad,Telangana,78
Aug-2025,2512,Software Developer,Hyderabad,Telangana,80
Sep-2025,2512,Software Developer,Hyderabad,Telangana,83
Oct-25,2512,Software Developer,Hyderabad,Telangana,85
Nov-2025,2512,Software Developer,Hyderabad,Telangana,88
Dec-2025,2512,Software Developer,Hyderabad,Telangana,90
Jan-26,2512,Software Developer,Hyderabad,Telangana,92
Feb-2026,2512,Software Developer,Hyderabad,Telangana,93
Mar-2026,2512,Software Developer,Hyderabad,Telangana,93
Apr-26,2512,Software Developer,Hyderabad,Telangana,92
May-2026,2512,Software Developer,Hyderabad,Telangana,92
Jun-2026,2512,Software Developer,Hyderabad,Telangana,92
Jul-26,2512,Software Developer,Hyderabad,Telangana,92
Aug-2026,2512,Software Developer,Hyderabad,Telangana,95
Sep-2026,2512,Software Developer,Hyderabad,Telangana,97
Oct-24,4132,Data Entry Operator,Hyderabad,Telangana,90
Nov-2024,4132,Data Entry Operator,Hyderabad,Telangana,89
Dec-2024,4132,Data Entry Operator,Hyderabad,Telangana,87
Jan-25,4132,Data Entry Operator,Hyderabad,Telangana,86
Feb-2025,4132,Data Entry Operator,Hyderabad,Telangana,83
Mar-2025,4132,Data Entry Operator,Hyderabad,Telangana,81
Apr-25,4132,Data Entry Operator,Hyderabad,Telangana,79
May-2025,4132,Data Entry Operator,Hyderabad,Telangana,78
Jun-2025,4132,Data Entry Operator,Hyderabad,Telangana,78
Jul-25,4132,Data Entry Operator,Hyderabad,Telangana,78
Aug-2025,4132,Data Entry Operator,Hyderabad,Telangana,78
Sep-2025,4132,Data Entry Operator,Hyderabad,Telangana,79
Oct-25,4132,Data Entry Operator,Hyderabad,Telangana,78
Nov-2025,4132,Data Entry Operator,Hyderabad,Telangana,77
Dec-2025,4132,Data Entry Operator,Hyderabad,Telangana,75
Jan-26,4132,Data Entry Operator,Hyderabad,Telangana,75
Feb-2026,4132,Data Entry Operator,Hyderabad,Telangana,72
Mar-2026,4132,Data Entry Operator,Hyderabad,Telangana,70
Apr-26,4132,Data Entry Operator,Hyderabad,Telangana,68
May-2026,4132,Data Entry Operator,Hyderabad,Telangana,68
Jun-2026,4132,Data Entry Operator,Hyderabad,Telangana,68
Jul-26,4132,Data Entry Operator,Hyderabad,Telangana,68
Aug-2026,4132,Data Entry Operator,Hyderabad,Telangana,68
Sep-2026,4132,Data Entry Operator,Hyderabad,Telangana,68
Oct-24,2431,Digital Marketing Executive,Hyderabad,Telangana,21
Nov-2024,2431,Digital Marketing Executive,Hyderabad,Telangana,21
Dec-2024,2431,Digital Marketing Executive,Hyderabad,Telangana,21
Jan-25,2431,Digital Marketing Executive,Hyderabad,Telangana,19
Feb-2025,2431,Digital Marketing Executive,Hyderabad,Telangana,19
Mar-2025,2431,Digital Marketing Executive,Hyderabad,Telangana,19
Apr-25,2431,Digital Marketing Executive,Hyderabad,Telangana,19
May-2025,2431,Digital Marketing Executive,Hyderabad,Telangana,20
Jun-2025,2431,Digital Marketing Executive,Hyderabad,Telangana,20
Jul-25,2431,Digital Marketing Executive,Hyderabad,Telangana,21
Aug-2025,2431,Digital Marketing Executive,Hyderabad,Telangana,21
Sep-2025,2431,Digital Marketing Executive,Hyderabad,Telangana,22
Oct-25,2431,Digital Marketing Executive,Hyderabad,Telangana,22
Nov-2025,2431,Digital Marketing Executive,Hyderabad,Telangana,22
Dec-2025,2431,Digital Marketing Executive,Hyderabad,Telangana,22
Jan-26,2431,Digital Marketing Executive,Hyderabad,Telangana,23
Feb-2026,2431,Digital Marketing Executive,Hyderabad,Telangana,22
Mar-2026,2431,Digital Marketing Executive,Hyderabad,Telangana,22
Apr-26,2431,Digital Marketing Executive,Hyderabad,Telangana,22
May-2026,2431,Digital Marketing Executive,Hyderabad,Telangana,23
Jun-2026,2431,Digital Marketing Executive,Hyderabad,Telangana,23
Jul-26,2431,Digital Marketing Executive,Hyderabad,Telangana,24
Aug-2026,2431,Digital Marketing Executive,Hyderabad,Telangana,25
Sep-2026,2431,Digital Marketing Executive,Hyderabad,Telangana,26
Oct-24,5321,Healthcare Assistant,Hyderabad,Telangana,60
Nov-2024,5321,Healthcare Assistant,Hyderabad,Telangana,59
Dec-2024,5321,Healthcare Assistant,Hyderabad,Telangana,59
Jan-25,5321,Healthcare Assistant,Hyderabad,Telangana,53
Feb-2025,5321,Healthcare Assistant,Hyderabad,Telangana,54
Mar-2025,5321,Healthcare Assistant,Hyderabad,Telangana,55
Apr-25,5321,Healthcare Assistant,Hyderabad,Telangana,57
May-2025,5321,Healthcare Assistant,Hyderabad,Telangana,59
Jun-2025,5321,Healthcare Assistant,Hyderabad,Telangana,61
Jul-25,5321,Healthcare Assistant,Hyderabad,Telangana,62
Aug-2025,5321,Healthcare Assistant,Hyderabad,Telangana,62
Sep-2025,5321,Healthcare Assistant,Hyderabad,Telangana,62
Oct-25,5321,Healthcare Assistant,Hyderabad,Telangana,67
Nov-2025,5321,Healthcare Assistant,Hyderabad,Telangana,67
Dec-2025,5321,Healthcare Assistant,Hyderabad,Telangana,66
Jan-26,5321,Healthcare Assistant,Hyderabad,Telangana,63
Feb-2026,5321,Healthcare Assistant,Hyderabad,Telangana,63
Mar-2026,5321,Healthcare Assistant,Hyderabad,Telangana,65
Apr-26,5321,Healthcare Assistant,Hyderabad,Telangana,67
May-2026,5321,Healthcare Assistant,Hyderabad,Telangana,69
Jun-2026,5321,Healthcare Assistant,Hyderabad,Telangana,71
Jul-26,5321,Healthcare Assistant,Hyderabad,Telangana,73
Aug-2026,5321,Healthcare Assistant,Hyderabad,Telangana,73
Sep-2026,5321,Healthcare Assistant,Hyderabad,Telangana,74
Oct-24,3212,Phlebotomy Technician,Hyderabad,Telangana,19
Nov-2024,3212,Phlebotomy Technician,Hyderabad,Telangana,20
Dec-2024,3212,Phlebotomy Technician,Hyderabad,Telangana,20
Jan-25,3212,Phlebotomy Technician,Hyderabad,Telangana,20
Feb-2025,3212,Phlebotomy Technician,Hyderabad,Telangana,20
Mar-2025,3212,Phlebotomy Technician,Hyderabad,Telangana,20
Apr-25,3212,Phlebotomy Technician,Hyderabad,Telangana,20
May-2025,3212,Phlebotomy Technician,Hyderabad,Telangana,20
Jun-2025,3212,Phlebotomy Technician,Hyderabad,Telangana,19
Jul-25,3212,Phlebotomy Technician,Hyderabad,Telangana,19
Aug-2025,3212,Phlebotomy Technician,Hyderabad,Telangana,19
Sep-2025,3212,Phlebotomy Technician,Hyderabad,Telangana,19
Oct-25,3212,Phlebotomy Technician,Hyderabad,Telangana,18
Nov-2025,3212,Phlebotomy Technician,Hyderabad,Telangana,18
Dec-2025,3212,Phlebotomy Technician,Hyderabad,Telangana,19
Jan-26,3212,Phlebotomy Technician,Hyderabad,Telangana,20
Feb-2026,3212,Phlebotomy Technician,Hyderabad,Telangana,20
Mar-2026,3212,Phlebotomy Technician,Hyderabad,Telangana,20
Apr-26,3212,Phlebotomy Technician,Hyderabad,Telangana,20
May-2026,3212,Phlebotomy Technician,Hyderabad,Telangana,19
Jun-2026,3212,Phlebotomy Technician,Hyderabad,Telangana,19
Jul-26,3212,Phlebotomy Technician,Hyderabad,Telangana,19
Aug-2026,3212,Phlebotomy Technician,Hyderabad,Telangana,19
Sep-2026,3212,Phlebotomy Technician,Hyderabad,Telangana,19
Oct-24,7212,Welder,Hyderabad,Telangana,24
Nov-2024,7212,Welder,Hyderabad,Telangana,23
Dec-2024,7212,Welder,Hyderabad,Telangana,23
Jan-25,7212,Welder,Hyderabad,Telangana,22
Feb-2025,7212,Welder,Hyderabad,Telangana,22
Mar-2025,7212,Welder,Hyderabad,Telangana,22
Apr-25,7212,Welder,Hyderabad,Telangana,23
May-2025,7212,Welder,Hyderabad,Telangana,23
Jun-2025,7212,Welder,Hyderabad,Telangana,24
Jul-25,7212,Welder,Hyderabad,Telangana,24
Aug-2025,7212,Welder,Hyderabad,Telangana,24
Sep-2025,7212,Welder,Hyderabad,Telangana,24
Oct-25,7212,Welder,Hyderabad,Telangana,23
Nov-2025,7212,Welder,Hyderabad,Telangana,22
Dec-2025,7212,Welder,Hyderabad,Telangana,22
Jan-26,7212,Welder,Hyderabad,Telangana,22
Feb-2026,7212,Welder,Hyderabad,Telangana,22
Mar-2026,7212,Welder,Hyderabad,Telangana,22
Apr-26,7212,Welder,Hyderabad,Telangana,22
May-2026,7212,Welder,Hyderabad,Telangana,23
Jun-2026,7212,Welder,Hyderabad,Telangana,23
Jul-26,7212,Welder,Hyderabad,Telangana,23
Aug-2026,7212,Welder,Hyderabad,Telangana,24
Sep-2026,7212,Welder,Hyderabad,Telangana,23
Oct-24,4321,Warehouse Associate,Hyderabad,Telangana,72
Nov-2024,4321,Warehouse Associate,Hyderabad,Telangana,72
Dec-2024,4321,Warehouse Associate,Hyderabad,Telangana,72
Jan-25,4321,Warehouse Associate,Hyderabad,Telangana,72
Feb-2025,4321,Warehouse Associate,Hyderabad,Telangana,74
Mar-2025,4321,Warehouse Associate,Hyderabad,Telangana,76
Apr-25,4321,Warehouse Associate,Hyderabad,Telangana,77
May-2025,4321,Warehouse Associate,Hyderabad,Telangana,79
Jun-2025,4321,Warehouse Associate,Hyderabad,Telangana,81
Jul-25,4321,Warehouse Associate,Hyderabad,Telangana,81
Aug-2025,4321,Warehouse Associate,Hyderabad,Telangana,81
Sep-2025,4321,Warehouse Associate,Hyderabad,Telangana,79
Oct-25,4321,Warehouse Associate,Hyderabad,Telangana,85
Nov-2025,4321,Warehouse Associate,Hyderabad,Telangana,84
Dec-2025,4321,Warehouse Associate,Hyderabad,Telangana,84
Jan-26,4321,Warehouse Associate,Hyderabad,Telangana,87
Feb-2026,4321,Warehouse Associate,Hyderabad,Telangana,89
Mar-2026,4321,Warehouse Associate,Hyderabad,Telangana,92
Apr-26,4321,Warehouse Associate,Hyderabad,Telangana,94
May-2026,4321,Warehouse Associate,Hyderabad,Telangana,96
Jun-2026,4321,Warehouse Associate,Hyderabad,Telangana,98
Jul-26,4321,Warehouse Associate,Hyderabad,Telangana,98
Aug-2026,4321,Warehouse Associate,Hyderabad,Telangana,98
Sep-2026,4321,Warehouse Associate,Hyderabad,Telangana,97
Oct-24,4323,Logistics Coordinator,Hyderabad,Telangana,26
Nov-2024,4323,Logistics Coordinator,Hyderabad,Telangana,26
Dec-2024,4323,Logistics Coordinator,Hyderabad,Telangana,26
Jan-25,4323,Logistics Coordinator,Hyderabad,Telangana,26
Feb-2025,4323,Logistics Coordinator,Hyderabad,Telangana,26
Mar-2025,4323,Logistics Coordinator,Hyderabad,Telangana,27
Apr-25,4323,Logistics Coordinator,Hyderabad,Telangana,27
May-2025,4323,Logistics Coordinator,Hyderabad,Telangana,28
Jun-2025,4323,Logistics Coordinator,Hyderabad,Telangana,28
Jul-25,4323,Logistics Coordinator,Hyderabad,Telangana,28
Aug-2025,4323,Logistics Coordinator,Hyderabad,Telangana,28
Sep-2025,4323,Logistics Coordinator,Hyderabad,Telangana,28
Oct-25,4323,Logistics Coordinator,Hyderabad,Telangana,25
Nov-2025,4323,Logistics Coordinator,Hyderabad,Telangana,25
Dec-2025,4323,Logistics Coordinator,Hyderabad,Telangana,24
Jan-26,4323,Logistics Coordinator,Hyderabad,Telangana,25
Feb-2026,4323,Logistics Coordinator,Hyderabad,Telangana,26
Mar-2026,4323,Logistics Coordinator,Hyderabad,Telangana,26
Apr-26,4323,Logistics Coordinator,Hyderabad,Telangana,26
May-2026,4323,Logistics Coordinator,Hyderabad,Telangana,27
Jun-2026,4323,Logistics Coordinator,Hyderabad,Telangana,27
Jul-26,4323,Logistics Coordinator,Hyderabad,Telangana,28
Aug-2026,4323,Logistics Coordinator,Hyderabad,Telangana,27
Sep-2026,4323,Logistics Coordinator,Hyderabad,Telangana,27
Oct-24,7411,Electrician,Hyderabad,Telangana,70
Nov-2024,7411,Electrician,Hyderabad,Telangana,72
Dec-2024,7411,Electrician,Hyderabad,Telangana,73
Jan-25,7411,Electrician,Hyderabad,Telangana,85
Feb-2025,7411,Electrician,Hyderabad,Telangana,86
Mar-2025,7411,Electrician,Hyderabad,Telangana,86
Apr-25,7411,Electrician,Hyderabad,Telangana,86
May-2025,7411,Electrician,Hyderabad,Telangana,85
Jun-2025,7411,Electrician,Hyderabad,Telangana,83
Jul-25,7411,Electrician,Hyderabad,Telangana,82
Aug-2025,7411,Electrician,Hyderabad,Telangana,83
Sep-2025,7411,Electrician,Hyderabad,Telangana,84
Oct-25,7411,Electrician,Hyderabad,Telangana,79
Nov-2025,7411,Electrician,Hyderabad,Telangana,81
Dec-2025,7411,Electrician,Hyderabad,Telangana,83
Jan-26,7411,Electrician,Hyderabad,Telangana,86
Feb-2026,7411,Electrician,Hyderabad,Telangana,87
Mar-2026,7411,Electrician,Hyderabad,Telangana,87
Apr-26,7411,Electrician,Hyderabad,Telangana,86
May-2026,7411,Electrician,Hyderabad,Telangana,85
Jun-2026,7411,Electrician,Hyderabad,Telangana,84
Jul-26,7411,Electrician,Hyderabad,Telangana,83
Aug-2026,7411,Electrician,Hyderabad,Telangana,84
Sep-2026,7411,Electrician,Hyderabad,Telangana,84
Oct-24,7112,Mason,Hyderabad,Telangana,70
Nov-2024,7112,Mason,Hyderabad,Telangana,69
Dec-2024,7112,Mason,Hyderabad,Telangana,68
Jan-25,7112,Mason,Hyderabad,Telangana,66
Feb-2025,7112,Mason,Hyderabad,Telangana,64
Mar-2025,7112,Mason,Hyderabad,Telangana,63
Apr-25,7112,Mason,Hyderabad,Telangana,63
May-2025,7112,Mason,Hyderabad,Telangana,63
Jun-2025,7112,Mason,Hyderabad,Telangana,64
Jul-25,7112,Mason,Hyderabad,Telangana,65
Aug-2025,7112,Mason,Hyderabad,Telangana,67
Sep-2025,7112,Mason,Hyderabad,Telangana,68
Oct-25,7112,Mason,Hyderabad,Telangana,68
Nov-2025,7112,Mason,Hyderabad,Telangana,68
Dec-2025,7112,Mason,Hyderabad,Telangana,68
Jan-26,7112,Mason,Hyderabad,Telangana,59
Feb-2026,7112,Mason,Hyderabad,Telangana,58
Mar-2026,7112,Mason,Hyderabad,Telangana,57
Apr-26,7112,Mason,Hyderabad,Telangana,57
May-2026,7112,Mason,Hyderabad,Telangana,57
Jun-2026,7112,Mason,Hyderabad,Telangana,58
Jul-26,7112,Mason,Hyderabad,Telangana,59
Aug-2026,7112,Mason,Hyderabad,Telangana,60
Sep-2026,7112,Mason,Hyderabad,Telangana,61
Oct-24,5223,Retail Sales Associate,Hyderabad,Telangana,117
Nov-2024,5223,Retail Sales Associate,Hyderabad,Telangana,116
Dec-2024,5223,Retail Sales Associate,Hyderabad,Telangana,113
Jan-25,5223,Retail Sales Associate,Hyderabad,Telangana,112
Feb-2025,5223,Retail Sales Associate,Hyderabad,Telangana,109
Mar-2025,5223,Retail Sales Associate,Hyderabad,Telangana,107
Apr-25,5223,Retail Sales Associate,Hyderabad,Telangana,107
May-2025,5223,Retail Sales Associate,Hyderabad,Telangana,107
Jun-2025,5223,Retail Sales Associate,Hyderabad,Telangana,108
Jul-25,5223,Retail Sales Associate,Hyderabad,Telangana,110
Aug-2025,5223,Retail Sales Associate,Hyderabad,Telangana,111
Sep-2025,5223,Retail Sales Associate,Hyderabad,Telangana,112
Oct-25,5223,Retail Sales Associate,Hyderabad,Telangana,104
Nov-2025,5223,Retail Sales Associate,Hyderabad,Telangana,103
Dec-2025,5223,Retail Sales Associate,Hyderabad,Telangana,101
Jan-26,5223,Retail Sales Associate,Hyderabad,Telangana,104
Feb-2026,5223,Retail Sales Associate,Hyderabad,Telangana,102
Mar-2026,5223,Retail Sales Associate,Hyderabad,Telangana,100
Apr-26,5223,Retail Sales Associate,Hyderabad,Telangana,99
May-2026,5223,Retail Sales Associate,Hyderabad,Telangana,100
Jun-2026,5223,Retail Sales Associate,Hyderabad,Telangana,101
Jul-26,5223,Retail Sales Associate,Hyderabad,Telangana,103
Aug-2026,5223,Retail Sales Associate,Hyderabad,Telangana,104
Sep-2026,5223,Retail Sales Associate,Hyderabad,Telangana,105
Oct-24,7412,Solar Technician,Hyderabad,Telangana,20
Nov-2024,7412,Solar Technician,Hyderabad,Telangana,20
Dec-2024,7412,Solar Technician,Hyderabad,Telangana,21
Jan-25,7412,Solar Technician,Hyderabad,Telangana,22
Feb-2025,7412,Solar Technician,Hyderabad,Telangana,23
Mar-2025,7412,Solar Technician,Hyderabad,Telangana,23
Apr-25,7412,Solar Technician,Hyderabad,Telangana,24
May-2025,7412,Solar Technician,Hyderabad,Telangana,24
Jun-2025,7412,Solar Technician,Hyderabad,Telangana,24
Jul-25,7412,Solar Technician,Hyderabad,Telangana,24
Aug-2025,7412,Solar Technician,Hyderabad,Telangana,24
Sep-2025,7412,Solar Technician,Hyderabad,Telangana,24
Oct-25,7412,Solar Technician,Hyderabad,Telangana,24
Nov-2025,7412,Solar Technician,Hyderabad,Telangana,25
Dec-2025,7412,Solar Technician,Hyderabad,Telangana,26
Jan-26,7412,Solar Technician,Hyderabad,Telangana,23
Feb-2026,7412,Solar Technician,Hyderabad,Telangana,24
Mar-2026,7412,Solar Technician,Hyderabad,Telangana,25
Apr-26,7412,Solar Technician,Hyderabad,Telangana,25
May-2026,7412,Solar Technician,Hyderabad,Telangana,25
Jun-2026,7412,Solar Technician,Hyderabad,Telangana,25
Jul-26,7412,Solar Technician,Hyderabad,Telangana,25
Aug-2026,7412,Solar Technician,Hyderabad,Telangana,25
Sep-2026,7412,Solar Technician,Hyderabad,Telangana,26
Oct-24,2512,Software Developer,Rangareddy,Telangana,56
Nov-2024,2512,Software Developer,Rangareddy,Telangana,57
Dec-2024,2512,Software Developer,Rangareddy,Telangana,57
Jan-25,2512,Software Developer,Rangareddy,Telangana,58
Feb-2025,2512,Software Developer,Rangareddy,Telangana,57
Mar-2025,2512,Software Developer,Rangareddy,Telangana,56
Apr-25,2512,Software Developer,Rangareddy,Telangana,56
May-2025,2512,Software Developer,Rangareddy,Telangana,56
Jun-2025,2512,Software Developer,Rangareddy,Telangana,57
Jul-25,2512,Software Developer,Rangareddy,Telangana,58
Aug-2025,2512,Software Developer,Rangareddy,Telangana,60
Sep-2025,2512,Software Developer,Rangareddy,Telangana,62
Oct-25,2512,Software Developer,Rangareddy,Telangana,59
Nov-2025,2512,Software Developer,Rangareddy,Telangana,60
Dec-2025,2512,Software Developer,Rangareddy,Telangana,60
Jan-26,2512,Software Developer,Rangareddy,Telangana,64
Feb-2026,2512,Software Developer,Rangareddy,Telangana,63
Mar-2026,2512,Software Developer,Rangareddy,Telangana,62
Apr-26,2512,Software Developer,Rangareddy,Telangana,62
May-2026,2512,Software Developer,Rangareddy,Telangana,62
Jun-2026,2512,Software Developer,Rangareddy,Telangana,63
Jul-26,2512,Software Developer,Rangareddy,Telangana,64
Aug-2026,2512,Software Developer,Rangareddy,Telangana,66
Sep-2026,2512,Software Developer,Rangareddy,Telangana,68
Oct-24,4132,Data Entry Operator,Rangareddy,Telangana,59
Nov-2024,4132,Data Entry Operator,Rangareddy,Telangana,59
Dec-2024,4132,Data Entry Operator,Rangareddy,Telangana,58
Jan-25,4132,Data Entry Operator,Rangareddy,Telangana,57
Feb-2025,4132,Data Entry Operator,Rangareddy,Telangana,55
Mar-2025,4132,Data Entry Operator,Rangareddy,Telangana,53
Apr-25,4132,Data Entry Operator,Rangareddy,Telangana,51
May-2025,4132,Data Entry Operator,Rangareddy,Telangana,50
Jun-2025,4132,Data Entry Operator,Rangareddy,Telangana,49
Jul-25,4132,Data Entry Operator,Rangareddy,Telangana,48
Aug-2025,4132,Data Entry Operator,Rangareddy,Telangana,48
Sep-2025,4132,Data Entry Operator,Rangareddy,Telangana,49
Oct-25,4132,Data Entry Operator,Rangareddy,Telangana,52
Nov-2025,4132,Data Entry Operator,Rangareddy,Telangana,52
Dec-2025,4132,Data Entry Operator,Rangareddy,Telangana,52
Jan-26,4132,Data Entry Operator,Rangareddy,Telangana,54
Feb-2026,4132,Data Entry Operator,Rangareddy,Telangana,52
Mar-2026,4132,Data Entry Operator,Rangareddy,Telangana,50
Apr-26,4132,Data Entry Operator,Rangareddy,Telangana,49
May-2026,4132,Data Entry Operator,Rangareddy,Telangana,47
Jun-2026,4132,Data Entry Operator,Rangareddy,Telangana,47
Jul-26,4132,Data Entry Operator,Rangareddy,Telangana,46
Aug-2026,4132,Data Entry Operator,Rangareddy,Telangana,47
Sep-2026,4132,Data Entry Operator,Rangareddy,Telangana,47
Oct-24,2431,Digital Marketing Executive,Rangareddy,Telangana,12
Nov-2024,2431,Digital Marketing Executive,Rangareddy,Telangana,13
Dec-2024,2431,Digital Marketing Executive,Rangareddy,Telangana,13
Jan-25,2431,Digital Marketing Executive,Rangareddy,Telangana,13
Feb-2025,2431,Digital Marketing Executive,Rangareddy,Telangana,13
Mar-2025,2431,Digital Marketing Executive,Rangareddy,Telangana,14
Apr-25,2431,Digital Marketing Executive,Rangareddy,Telangana,13
May-2025,2431,Digital Marketing Executive,Rangareddy,Telangana,13
Jun-2025,2431,Digital Marketing Executive,Rangareddy,Telangana,13
Jul-25,2431,Digital Marketing Executive,Rangareddy,Telangana,13
Aug-2025,2431,Digital Marketing Executive,Rangareddy,Telangana,13
Sep-2025,2431,Digital Marketing Executive,Rangareddy,Telangana,13
Oct-25,2431,Digital Marketing Executive,Rangareddy,Telangana,14
Nov-2025,2431,Digital Marketing Executive,Rangareddy,Telangana,14
Dec-2025,2431,Digital Marketing Executive,Rangareddy,Telangana,14
Jan-26,2431,Digital Marketing Executive,Rangareddy,Telangana,16
Feb-2026,2431,Digital Marketing Executive,Rangareddy,Telangana,16
Mar-2026,2431,Digital Marketing Executive,Rangareddy,Telangana,16
Apr-26,2431,Digital Marketing Executive,Rangareddy,Telangana,16
May-2026,2431,Digital Marketing Executive,Rangareddy,Telangana,16
Jun-2026,2431,Digital Marketing Executive,Rangareddy,Telangana,16
Jul-26,2431,Digital Marketing Executive,Rangareddy,Telangana,16
Aug-2026,2431,Digital Marketing Executive,Rangareddy,Telangana,16
Sep-2026,2431,Digital Marketing Executive,Rangareddy,Telangana,16
Oct-24,5321,Healthcare Assistant,Rangareddy,Telangana,35
Nov-2024,5321,Healthcare Assistant,Rangareddy,Telangana,35
Dec-2024,5321,Healthcare Assistant,Rangareddy,Telangana,36
Jan-25,5321,Healthcare Assistant,Rangareddy,Telangana,37
Feb-2025,5321,Healthcare Assistant,Rangareddy,Telangana,36
Mar-2025,5321,Healthcare Assistant,Rangareddy,Telangana,35
Apr-25,5321,Healthcare Assistant,Rangareddy,Telangana,35
May-2025,5321,Healthcare Assistant,Rangareddy,Telangana,35
Jun-2025,5321,Healthcare Assistant,Rangareddy,Telangana,35
Jul-25,5321,Healthcare Assistant,Rangareddy,Telangana,36
Aug-2025,5321,Healthcare Assistant,Rangareddy,Telangana,37
Sep-2025,5321,Healthcare Assistant,Rangareddy,Telangana,38
Oct-25,5321,Healthcare Assistant,Rangareddy,Telangana,39
Nov-2025,5321,Healthcare Assistant,Rangareddy,Telangana,39
Dec-2025,5321,Healthcare Assistant,Rangareddy,Telangana,39
Jan-26,5321,Healthcare Assistant,Rangareddy,Telangana,42
Feb-2026,5321,Healthcare Assistant,Rangareddy,Telangana,42
Mar-2026,5321,Healthcare Assistant,Rangareddy,Telangana,41
Apr-26,5321,Healthcare Assistant,Rangareddy,Telangana,41
May-2026,5321,Healthcare Assistant,Rangareddy,Telangana,41
Jun-2026,5321,Healthcare Assistant,Rangareddy,Telangana,41
Jul-26,5321,Healthcare Assistant,Rangareddy,Telangana,41
Aug-2026,5321,Healthcare Assistant,Rangareddy,Telangana,43
Sep-2026,5321,Healthcare Assistant,Rangareddy,Telangana,44
Oct-24,3212,Phlebotomy Technician,Rangareddy,Telangana,11
Nov-2024,3212,Phlebotomy Technician,Rangareddy,Telangana,11
Dec-2024,3212,Phlebotomy Technician,Rangareddy,Telangana,11
Jan-25,3212,Phlebotomy Technician,Rangareddy,Telangana,11
Feb-2025,3212,Phlebotomy Technician,Rangareddy,Telangana,11
Mar-2025,3212,Phlebotomy Technician,Rangareddy,Telangana,11
Apr-25,3212,Phlebotomy Technician,Rangareddy,Telangana,12
May-2025,3212,Phlebotomy Technician,Rangareddy,Telangana,12
Jun-2025,3212,Phlebotomy Technician,Rangareddy,Telangana,12
Jul-25,3212,Phlebotomy Technician,Rangareddy,Telangana,12
Aug-2025,3212,Phlebotomy Technician,Rangareddy,Telangana,12
Sep-2025,3212,Phlebotomy Technician,Rangareddy,Telangana,12
Oct-25,3212,Phlebotomy Technician,Rangareddy,Telangana,12
Nov-2025,3212,Phlebotomy Technician,Rangareddy,Telangana,12
Dec-2025,3212,Phlebotomy Technician,Rangareddy,Telangana,11
Jan-26,3212,Phlebotomy Technician,Rangareddy,Telangana,11
Feb-2026,3212,Phlebotomy Technician,Rangareddy,Telangana,11
Mar-2026,3212,Phlebotomy Technician,Rangareddy,Telangana,11
Apr-26,3212,Phlebotomy Technician,Rangareddy,Telangana,11
May-2026,3212,Phlebotomy Technician,Rangareddy,Telangana,11
Jun-2026,3212,Phlebotomy Technician,Rangareddy,Telangana,11
Jul-26,3212,Phlebotomy Technician,Rangareddy,Telangana,11
Aug-2026,3212,Phlebotomy Technician,Rangareddy,Telangana,11
Sep-2026,3212,Phlebotomy Technician,Rangareddy,Telangana,11
Oct-24,7223,CNC Operator,Rangareddy,Telangana,25
Nov-2024,7223,CNC Operator,Rangareddy,Telangana,25
Dec-2024,7223,CNC Operator,Rangareddy,Telangana,26
Jan-25,7223,CNC Operator,Rangareddy,Telangana,29
Feb-2025,7223,CNC Operator,Rangareddy,Telangana,29
Mar-2025,7223,CNC Operator,Rangareddy,Telangana,28
Apr-25,7223,CNC Operator,Rangareddy,Telangana,28
May-2025,7223,CNC Operator,Rangareddy,Telangana,27
Jun-2025,7223,CNC Operator,Rangareddy,Telangana,27
Jul-25,7223,CNC Operator,Rangareddy,Telangana,27
Aug-2025,7223,CNC Operator,Rangareddy,Telangana,27
Sep-2025,7223,CNC Operator,Rangareddy,Telangana,27
Oct-25,7223,CNC Operator,Rangareddy,Telangana,28
Nov-2025,7223,CNC Operator,Rangareddy,Telangana,28
Dec-2025,7223,CNC Operator,Rangareddy,Telangana,28
Jan-26,7223,CNC Operator,Rangareddy,Telangana,27
Feb-2026,7223,CNC Operator,Rangareddy,Telangana,27
Mar-2026,7223,CNC Operator,Rangareddy,Telangana,26
Apr-26,7223,CNC Operator,Rangareddy,Telangana,26
May-2026,7223,CNC Operator,Rangareddy,Telangana,25
Jun-2026,7223,CNC Operator,Rangareddy,Telangana,25
Jul-26,7223,CNC Operator,Rangareddy,Telangana,25
Aug-2026,7223,CNC Operator,Rangareddy,Telangana,25
Sep-2026,7223,CNC Operator,Rangareddy,Telangana,25
Oct-24,7212,Welder,Rangareddy,Telangana,23
Nov-2024,7212,Welder,Rangareddy,Telangana,23
Dec-2024,7212,Welder,Rangareddy,Telangana,24
Jan-25,7212,Welder,Rangareddy,Telangana,22
Feb-2025,7212,Welder,Rangareddy,Telangana,22
Mar-2025,7212,Welder,Rangareddy,Telangana,22
Apr-25,7212,Welder,Rangareddy,Telangana,23
May-2025,7212,Welder,Rangareddy,Telangana,23
Jun-2025,7212,Welder,Rangareddy,Telangana,23
Jul-25,7212,Welder,Rangareddy,Telangana,22
Aug-2025,7212,Welder,Rangareddy,Telangana,22
Sep-2025,7212,Welder,Rangareddy,Telangana,22
Oct-25,7212,Welder,Rangareddy,Telangana,22
Nov-2025,7212,Welder,Rangareddy,Telangana,22
Dec-2025,7212,Welder,Rangareddy,Telangana,22
Jan-26,7212,Welder,Rangareddy,Telangana,28
Feb-2026,7212,Welder,Rangareddy,Telangana,28
Mar-2026,7212,Welder,Rangareddy,Telangana,29
Apr-26,7212,Welder,Rangareddy,Telangana,29
May-2026,7212,Welder,Rangareddy,Telangana,29
Jun-2026,7212,Welder,Rangareddy,Telangana,29
Jul-26,7212,Welder,Rangareddy,Telangana,29
Aug-2026,7212,Welder,Rangareddy,Telangana,23
Sep-2026,7212,Welder,Rangareddy,Telangana,23
Oct-24,4321,Warehouse Associate,Rangareddy,Telangana,56
Nov-2024,4321,Warehouse Associate,Rangareddy,Telangana,57
Dec-2024,4321,Warehouse Associate,Rangareddy,Telangana,59
Jan-25,4321,Warehouse Associate,Rangareddy,Telangana,65
Feb-2025,4321,Warehouse Associate,Rangareddy,Telangana,66
Mar-2025,4321,Warehouse Associate,Rangareddy,Telangana,65
Apr-25,4321,Warehouse Associate,Rangareddy,Telangana,65
May-2025,4321,Warehouse Associate,Rangareddy,Telangana,64
Jun-2025,4321,Warehouse Associate,Rangareddy,Telangana,63
Jul-25,4321,Warehouse Associate,Rangareddy,Telangana,63
Aug-2025,4321,Warehouse Associate,Rangareddy,Telangana,63
Sep-2025,4321,Warehouse Associate,Rangareddy,Telangana,64
Oct-25,4321,Warehouse Associate,Rangareddy,Telangana,67
Nov-2025,4321,Warehouse Associate,Rangareddy,Telangana,68
Dec-2025,4321,Warehouse Associate,Rangareddy,Telangana,70
Jan-26,4321,Warehouse Associate,Rangareddy,Telangana,68
Feb-2026,4321,Warehouse Associate,Rangareddy,Telangana,68
Mar-2026,4321,Warehouse Associate,Rangareddy,Telangana,68
Apr-26,4321,Warehouse Associate,Rangareddy,Telangana,67
May-2026,4321,Warehouse Associate,Rangareddy,Telangana,66
Jun-2026,4321,Warehouse Associate,Rangareddy,Telangana,65
Jul-26,4321,Warehouse Associate,Rangareddy,Telangana,65
Aug-2026,4321,Warehouse Associate,Rangareddy,Telangana,65
Sep-2026,4321,Warehouse Associate,Rangareddy,Telangana,66
Oct-24,4323,Logistics Coordinator,Rangareddy,Telangana,17
Nov-2024,4323,Logistics Coordinator,Rangareddy,Telangana,18
Dec-2024,4323,Logistics Coordinator,Rangareddy,Telangana,18
Jan-25,4323,Logistics Coordinator,Rangareddy,Telangana,17
Feb-2025,4323,Logistics Coordinator,Rangareddy,Telangana,17
Mar-2025,4323,Logistics Coordinator,Rangareddy,Telangana,17
Apr-25,4323,Logistics Coordinator,Rangareddy,Telangana,17
May-2025,4323,Logistics Coordinator,Rangareddy,Telangana,17
Jun-2025,4323,Logistics Coordinator,Rangareddy,Telangana,17
Jul-25,4323,Logistics Coordinator,Rangareddy,Telangana,17
Aug-2025,4323,Logistics Coordinator,Rangareddy,Telangana,18
Sep-2025,4323,Logistics Coordinator,Rangareddy,Telangana,19
Oct-25,4323,Logistics Coordinator,Rangareddy,Telangana,17
Nov-2025,4323,Logistics Coordinator,Rangareddy,Telangana,18
Dec-2025,4323,Logistics Coordinator,Rangareddy,Telangana,18
Jan-26,4323,Logistics Coordinator,Rangareddy,Telangana,18
Feb-2026,4323,Logistics Coordinator,Rangareddy,Telangana,18
Mar-2026,4323,Logistics Coordinator,Rangareddy,Telangana,18
Apr-26,4323,Logistics Coordinator,Rangareddy,Telangana,17
May-2026,4323,Logistics Coordinator,Rangareddy,Telangana,18
Jun-2026,4323,Logistics Coordinator,Rangareddy,Telangana,18
Jul-26,4323,Logistics Coordinator,Rangareddy,Telangana,18
Aug-2026,4323,Logistics Coordinator,Rangareddy,Telangana,19
Sep-2026,4323,Logistics Coordinator,Rangareddy,Telangana,20
Oct-24,7411,Electrician,Rangareddy,Telangana,52
Nov-2024,7411,Electrician,Rangareddy,Telangana,52
Dec-2024,7411,Electrician,Rangareddy,Telangana,53
Jan-25,7411,Electrician,Rangareddy,Telangana,50
Feb-2025,7411,Electrician,Rangareddy,Telangana,49
Mar-2025,7411,Electrician,Rangareddy,Telangana,48
Apr-25,7411,Electrician,Rangareddy,Telangana,47
May-2025,7411,Electrician,Rangareddy,Telangana,47
Jun-2025,7411,Electrician,Rangareddy,Telangana,47
Jul-25,7411,Electrician,Rangareddy,Telangana,48
Aug-2025,7411,Electrician,Rangareddy,Telangana,48
Sep-2025,7411,Electrician,Rangareddy,Telangana,50
Oct-25,7411,Electrician,Rangareddy,Telangana,47
Nov-2025,7411,Electrician,Rangareddy,Telangana,47
Dec-2025,7411,Electrician,Rangareddy,Telangana,47
Jan-26,7411,Electrician,Rangareddy,Telangana,50
Feb-2026,7411,Electrician,Rangareddy,Telangana,50
Mar-2026,7411,Electrician,Rangareddy,Telangana,48
Apr-26,7411,Electrician,Rangareddy,Telangana,48
May-2026,7411,Electrician,Rangareddy,Telangana,47
Jun-2026,7411,Electrician,Rangareddy,Telangana,47
Jul-26,7411,Electrician,Rangareddy,Telangana,48
Aug-2026,7411,Electrician,Rangareddy,Telangana,49
Sep-2026,7411,Electrician,Rangareddy,Telangana,50
Oct-24,7112,Mason,Rangareddy,Telangana,34
Nov-2024,7112,Mason,Rangareddy,Telangana,34
Dec-2024,7112,Mason,Rangareddy,Telangana,35
Jan-25,7112,Mason,Rangareddy,Telangana,36
Feb-2025,7112,Mason,Rangareddy,Telangana,37
Mar-2025,7112,Mason,Rangareddy,Telangana,38
Apr-25,7112,Mason,Rangareddy,Telangana,38
May-2025,7112,Mason,Rangareddy,Telangana,38
Jun-2025,7112,Mason,Rangareddy,Telangana,38
Jul-25,7112,Mason,Rangareddy,Telangana,37
Aug-2025,7112,Mason,Rangareddy,Telangana,37
Sep-2025,7112,Mason,Rangareddy,Telangana,36
Oct-25,7112,Mason,Rangareddy,Telangana,36
Nov-2025,7112,Mason,Rangareddy,Telangana,36
Dec-2025,7112,Mason,Rangareddy,Telangana,36
Jan-26,7112,Mason,Rangareddy,Telangana,36
Feb-2026,7112,Mason,Rangareddy,Telangana,37
Mar-2026,7112,Mason,Rangareddy,Telangana,38
Apr-26,7112,Mason,Rangareddy,Telangana,38
May-2026,7112,Mason,Rangareddy,Telangana,38
Jun-2026,7112,Mason,Rangareddy,Telangana,38
Jul-26,7112,Mason,Rangareddy,Telangana,37
Aug-2026,7112,Mason,Rangareddy,Telangana,36
Sep-2026,7112,Mason,Rangareddy,Telangana,36
Oct-24,5223,Retail Sales Associate,Rangareddy,Telangana,49
Nov-2024,5223,Retail Sales Associate,Rangareddy,Telangana,47
Dec-2024,5223,Retail Sales Associate,Rangareddy,Telangana,47
Jan-25,5223,Retail Sales Associate,Rangareddy,Telangana,53
Feb-2025,5223,Retail Sales Associate,Rangareddy,Telangana,52
Mar-2025,5223,Retail Sales Associate,Rangareddy,Telangana,52
Apr-25,5223,Retail Sales Associate,Rangareddy,Telangana,53
May-2025,5223,Retail Sales Associate,Rangareddy,Telangana,54
Jun-2025,5223,Retail Sales Associate,Rangareddy,Telangana,55
Jul-25,5223,Retail Sales Associate,Rangareddy,Telangana,56
Aug-2025,5223,Retail Sales Associate,Rangareddy,Telangana,56
Sep-2025,5223,Retail Sales Associate,Rangareddy,Telangana,56
Oct-25,5223,Retail Sales Associate,Rangareddy,Telangana,55
Nov-2025,5223,Retail Sales Associate,Rangareddy,Telangana,54
Dec-2025,5223,Retail Sales Associate,Rangareddy,Telangana,53
Jan-26,5223,Retail Sales Associate,Rangareddy,Telangana,49
Feb-2026,5223,Retail Sales Associate,Rangareddy,Telangana,49
Mar-2026,5223,Retail Sales Associate,Rangareddy,Telangana,49
Apr-26,5223,Retail Sales Associate,Rangareddy,Telangana,49
May-2026,5223,Retail Sales Associate,Rangareddy,Telangana,50
Jun-2026,5223,Retail Sales Associate,Rangareddy,Telangana,51
Jul-26,5223,Retail Sales Associate,Rangareddy,Telangana,52
Aug-2026,5223,Retail Sales Associate,Rangareddy,Telangana,52
Sep-2026,5223,Retail Sales Associate,Rangareddy,Telangana,52
Oct-24,7412,Solar Technician,Rangareddy,Telangana,17
Nov-2024,7412,Solar Technician,Rangareddy,Telangana,17
Dec-2024,7412,Solar Technician,Rangareddy,Telangana,17
Jan-25,7412,Solar Technician,Rangareddy,Telangana,16
Feb-2025,7412,Solar Technician,Rangareddy,Telangana,17
Mar-2025,7412,Solar Technician,Rangareddy,Telangana,17
Apr-25,7412,Solar Technician,Rangareddy,Telangana,18
May-2025,7412,Solar Technician,Rangareddy,Telangana,18
Jun-2025,7412,Solar Technician,Rangareddy,Telangana,19
Jul-25,7412,Solar Technician,Rangareddy,Telangana,20
Aug-2025,7412,Solar Technician,Rangareddy,Telangana,21
Sep-2025,7412,Solar Technician,Rangareddy,Telangana,21
Oct-25,7412,Solar Technician,Rangareddy,Telangana,20
Nov-2025,7412,Solar Technician,Rangareddy,Telangana,20
Dec-2025,7412,Solar Technician,Rangareddy,Telangana,20
Jan-26,7412,Solar Technician,Rangareddy,Telangana,22
Feb-2026,7412,Solar Technician,Rangareddy,Telangana,22
Mar-2026,7412,Solar Technician,Rangareddy,Telangana,23
Apr-26,7412,Solar Technician,Rangareddy,Telangana,23
May-2026,7412,Solar Technician,Rangareddy,Telangana,24
Jun-2026,7412,Solar Technician,Rangareddy,Telangana,26
Jul-26,7412,Solar Technician,Rangareddy,Telangana,27
Aug-2026,7412,Solar Technician,Rangareddy,Telangana,28
Sep-2026,7412,Solar Technician,Rangareddy,Telangana,29
Oct-24,2512,Software Developer,Warangal,Telangana,6
Nov-2024,2512,Software Developer,Warangal,Telangana,6
Dec-2024,2512,Software Developer,Warangal,Telangana,6
Jan-25,2512,Software Developer,Warangal,Telangana,6
Feb-2025,2512,Software Developer,Warangal,Telangana,6
Mar-2025,2512,Software Developer,Warangal,Telangana,6
Apr-25,2512,Software Developer,Warangal,Telangana,6
May-2025,2512,Software Developer,Warangal,Telangana,6
Jun-2025,2512,Software Developer,Warangal,Telangana,7
Jul-25,2512,Software Developer,Warangal,Telangana,7
Aug-2025,2512,Software Developer,Warangal,Telangana,7
Sep-2025,2512,Software Developer,Warangal,Telangana,7
Oct-25,2512,Software Developer,Warangal,Telangana,6
Nov-2025,2512,Software Developer,Warangal,Telangana,6
Dec-2025,2512,Software Developer,Warangal,Telangana,6
Jan-26,2512,Software Developer,Warangal,Telangana,7
Feb-2026,2512,Software Developer,Warangal,Telangana,7
Mar-2026,2512,Software Developer,Warangal,Telangana,7
Apr-26,2512,Software Developer,Warangal,Telangana,7
May-2026,2512,Software Developer,Warangal,Telangana,7
Jun-2026,2512,Software Developer,Warangal,Telangana,7
Jul-26,2512,Software Developer,Warangal,Telangana,8
Aug-2026,2512,Software Developer,Warangal,Telangana,8
Sep-2026,2512,Software Developer,Warangal,Telangana,8
Oct-24,4132,Data Entry Operator,Warangal,Telangana,8
Nov-2024,4132,Data Entry Operator,Warangal,Telangana,8
Dec-2024,4132,Data Entry Operator,Warangal,Telangana,8
Jan-25,4132,Data Entry Operator,Warangal,Telangana,7
Feb-2025,4132,Data Entry Operator,Warangal,Telangana,6
Mar-2025,4132,Data Entry Operator,Warangal,Telangana,6
Apr-25,4132,Data Entry Operator,Warangal,Telangana,6
May-2025,4132,Data Entry Operator,Warangal,Telangana,6
Jun-2025,4132,Data Entry Operator,Warangal,Telangana,6
Jul-25,4132,Data Entry Operator,Warangal,Telangana,6
Aug-2025,4132,Data Entry Operator,Warangal,Telangana,6
Sep-2025,4132,Data Entry Operator,Warangal,Telangana,6
Oct-25,4132,Data Entry Operator,Warangal,Telangana,6
Nov-2025,4132,Data Entry Operator,Warangal,Telangana,6
Dec-2025,4132,Data Entry Operator,Warangal,Telangana,6
Jan-26,4132,Data Entry Operator,Warangal,Telangana,6
Feb-2026,4132,Data Entry Operator,Warangal,Telangana,6
Mar-2026,4132,Data Entry Operator,Warangal,Telangana,6
Apr-26,4132,Data Entry Operator,Warangal,Telangana,6
May-2026,4132,Data Entry Operator,Warangal,Telangana,6
Jun-2026,4132,Data Entry Operator,Warangal,Telangana,6
Jul-26,4132,Data Entry Operator,Warangal,Telangana,6
Aug-2026,4132,Data Entry Operator,Warangal,Telangana,5
Sep-2026,4132,Data Entry Operator,Warangal,Telangana,6
Oct-24,2431,Digital Marketing Executive,Warangal,Telangana,2
Nov-2024,2431,Digital Marketing Executive,Warangal,Telangana,2
Dec-2024,2431,Digital Marketing Executive,Warangal,Telangana,2
Jan-25,2431,Digital Marketing Executive,Warangal,Telangana,2
Feb-2025,2431,Digital Marketing Executive,Warangal,Telangana,2
Mar-2025,2431,Digital Marketing Executive,Warangal,Telangana,2
Apr-25,2431,Digital Marketing Executive,Warangal,Telangana,2
May-2025,2431,Digital Marketing Executive,Warangal,Telangana,2
Jun-2025,2431,Digital Marketing Executive,Warangal,Telangana,2
Jul-25,2431,Digital Marketing Executive,Warangal,Telangana,2
Aug-2025,2431,Digital Marketing Executive,Warangal,Telangana,2
Sep-2025,2431,Digital Marketing Executive,Warangal,Telangana,2
Oct-25,2431,Digital Marketing Executive,Warangal,Telangana,2
Nov-2025,2431,Digital Marketing Executive,Warangal,Telangana,2
Dec-2025,2431,Digital Marketing Executive,Warangal,Telangana,2
Jan-26,2431,Digital Marketing Executive,Warangal,Telangana,2
Feb-2026,2431,Digital Marketing Executive,Warangal,Telangana,2
Mar-2026,2431,Digital Marketing Executive,Warangal,Telangana,2
Apr-26,2431,Digital Marketing Executive,Warangal,Telangana,2
May-2026,2431,Digital Marketing Executive,Warangal,Telangana,2
Jun-2026,2431,Digital Marketing Executive,Warangal,Telangana,2
Jul-26,2431,Digital Marketing Executive,Warangal,Telangana,2
Aug-2026,2431,Digital Marketing Executive,Warangal,Telangana,2
Sep-2026,2431,Digital Marketing Executive,Warangal,Telangana,2
Oct-24,5321,Healthcare Assistant,Warangal,Telangana,15
Nov-2024,5321,Healthcare Assistant,Warangal,Telangana,16
Dec-2024,5321,Healthcare Assistant,Warangal,Telangana,16
Jan-25,5321,Healthcare Assistant,Warangal,Telangana,15
Feb-2025,5321,Healthcare Assistant,Warangal,Telangana,15
Mar-2025,5321,Healthcare Assistant,Warangal,Telangana,15
Apr-25,5321,Healthcare Assistant,Warangal,Telangana,15
May-2025,5321,Healthcare Assistant,Warangal,Telangana,15
Jun-2025,5321,Healthcare Assistant,Warangal,Telangana,15
Jul-25,5321,Healthcare Assistant,Warangal,Telangana,15
Aug-2025,5321,Healthcare Assistant,Warangal,Telangana,15
Sep-2025,5321,Healthcare Assistant,Warangal,Telangana,16
Oct-25,5321,Healthcare Assistant,Warangal,Telangana,18
Nov-2025,5321,Healthcare Assistant,Warangal,Telangana,19
Dec-2025,5321,Healthcare Assistant,Warangal,Telangana,19
Jan-26,5321,Healthcare Assistant,Warangal,Telangana,17
Feb-2026,5321,Healthcare Assistant,Warangal,Telangana,17
Mar-2026,5321,Healthcare Assistant,Warangal,Telangana,17
Apr-26,5321,Healthcare Assistant,Warangal,Telangana,17
May-2026,5321,Healthcare Assistant,Warangal,Telangana,16
Jun-2026,5321,Healthcare Assistant,Warangal,Telangana,17
Jul-26,5321,Healthcare Assistant,Warangal,Telangana,17
Aug-2026,5321,Healthcare Assistant,Warangal,Telangana,17
Sep-2026,5321,Healthcare Assistant,Warangal,Telangana,17
Oct-24,3212,Phlebotomy Technician,Warangal,Telangana,6
Nov-2024,3212,Phlebotomy Technician,Warangal,Telangana,6
Dec-2024,3212,Phlebotomy Technician,Warangal,Telangana,6
Jan-25,3212,Phlebotomy Technician,Warangal,Telangana,6
Feb-2025,3212,Phlebotomy Technician,Warangal,Telangana,6
Mar-2025,3212,Phlebotomy Technician,Warangal,Telangana,6
Apr-25,3212,Phlebotomy Technician,Warangal,Telangana,6
May-2025,3212,Phlebotomy Technician,Warangal,Telangana,6
Jun-2025,3212,Phlebotomy Technician,Warangal,Telangana,6
Jul-25,3212,Phlebotomy Technician,Warangal,Telangana,6
Aug-2025,3212,Phlebotomy Technician,Warangal,Telangana,4
Sep-2025,3212,Phlebotomy Technician,Warangal,Telangana,4
Oct-25,3212,Phlebotomy Technician,Warangal,Telangana,4
Nov-2025,3212,Phlebotomy Technician,Warangal,Telangana,4
Dec-2025,3212,Phlebotomy Technician,Warangal,Telangana,4
Jan-26,3212,Phlebotomy Technician,Warangal,Telangana,5
Feb-2026,3212,Phlebotomy Technician,Warangal,Telangana,5
Mar-2026,3212,Phlebotomy Technician,Warangal,Telangana,5
Apr-26,3212,Phlebotomy Technician,Warangal,Telangana,5
May-2026,3212,Phlebotomy Technician,Warangal,Telangana,5
Jun-2026,3212,Phlebotomy Technician,Warangal,Telangana,5
Jul-26,3212,Phlebotomy Technician,Warangal,Telangana,4
Aug-2026,3212,Phlebotomy Technician,Warangal,Telangana,4
Sep-2026,3212,Phlebotomy Technician,Warangal,Telangana,4
Oct-24,7223,CNC Operator,Warangal,Telangana,5
Nov-2024,7223,CNC Operator,Warangal,Telangana,5
Dec-2024,7223,CNC Operator,Warangal,Telangana,6
Jan-25,7223,CNC Operator,Warangal,Telangana,6
Feb-2025,7223,CNC Operator,Warangal,Telangana,6
Mar-2025,7223,CNC Operator,Warangal,Telangana,6
Apr-25,7223,CNC Operator,Warangal,Telangana,6
May-2025,7223,CNC Operator,Warangal,Telangana,6
Jun-2025,7223,CNC Operator,Warangal,Telangana,6
Jul-25,7223,CNC Operator,Warangal,Telangana,6
Aug-2025,7223,CNC Operator,Warangal,Telangana,6
Sep-2025,7223,CNC Operator,Warangal,Telangana,6
Oct-25,7223,CNC Operator,Warangal,Telangana,6
Nov-2025,7223,CNC Operator,Warangal,Telangana,6
Dec-2025,7223,CNC Operator,Warangal,Telangana,6
Jan-26,7223,CNC Operator,Warangal,Telangana,6
Feb-2026,7223,CNC Operator,Warangal,Telangana,6
Mar-2026,7223,CNC Operator,Warangal,Telangana,6
Apr-26,7223,CNC Operator,Warangal,Telangana,6
May-2026,7223,CNC Operator,Warangal,Telangana,6
Jun-2026,7223,CNC Operator,Warangal,Telangana,6
Jul-26,7223,CNC Operator,Warangal,Telangana,6
Aug-2026,7223,CNC Operator,Warangal,Telangana,6
Sep-2026,7223,CNC Operator,Warangal,Telangana,6
Oct-24,7212,Welder,Warangal,Telangana,8
Nov-2024,7212,Welder,Warangal,Telangana,8
Dec-2024,7212,Welder,Warangal,Telangana,8
Jan-25,7212,Welder,Warangal,Telangana,6
Feb-2025,7212,Welder,Warangal,Telangana,6
Mar-2025,7212,Welder,Warangal,Telangana,6
Apr-25,7212,Welder,Warangal,Telangana,6
May-2025,7212,Welder,Warangal,Telangana,6
Jun-2025,7212,Welder,Warangal,Telangana,6
Jul-25,7212,Welder,Warangal,Telangana,6
Aug-2025,7212,Welder,Warangal,Telangana,6
Sep-2025,7212,Welder,Warangal,Telangana,6
Oct-25,7212,Welder,Warangal,Telangana,6
Nov-2025,7212,Welder,Warangal,Telangana,6
Dec-2025,7212,Welder,Warangal,Telangana,6
Jan-26,7212,Welder,Warangal,Telangana,6
Feb-2026,7212,Welder,Warangal,Telangana,6
Mar-2026,7212,Welder,Warangal,Telangana,6
Apr-26,7212,Welder,Warangal,Telangana,6
May-2026,7212,Welder,Warangal,Telangana,6
Jun-2026,7212,Welder,Warangal,Telangana,6
Jul-26,7212,Welder,Warangal,Telangana,6
Aug-2026,7212,Welder,Warangal,Telangana,6
Sep-2026,7212,Welder,Warangal,Telangana,6
Oct-24,4321,Warehouse Associate,Warangal,Telangana,21
Nov-2024,4321,Warehouse Associate,Warangal,Telangana,22
Dec-2024,4321,Warehouse Associate,Warangal,Telangana,22
Jan-25,4321,Warehouse Associate,Warangal,Telangana,22
Feb-2025,4321,Warehouse Associate,Warangal,Telangana,22
Mar-2025,4321,Warehouse Associate,Warangal,Telangana,22
Apr-25,4321,Warehouse Associate,Warangal,Telangana,22
May-2025,4321,Warehouse Associate,Warangal,Telangana,22
Jun-2025,4321,Warehouse Associate,Warangal,Telangana,21
Jul-25,4321,Warehouse Associate,Warangal,Telangana,21
Aug-2025,4321,Warehouse Associate,Warangal,Telangana,22
Sep-2025,4321,Warehouse Associate,Warangal,Telangana,22
Oct-25,4321,Warehouse Associate,Warangal,Telangana,20
Nov-2025,4321,Warehouse Associate,Warangal,Telangana,21
Dec-2025,4321,Warehouse Associate,Warangal,Telangana,21
Jan-26,4321,Warehouse Associate,Warangal,Telangana,22
Feb-2026,4321,Warehouse Associate,Warangal,Telangana,22
Mar-2026,4321,Warehouse Associate,Warangal,Telangana,22
Apr-26,4321,Warehouse Associate,Warangal,Telangana,22
May-2026,4321,Warehouse Associate,Warangal,Telangana,22
Jun-2026,4321,Warehouse Associate,Warangal,Telangana,21
Jul-26,4321,Warehouse Associate,Warangal,Telangana,21
Aug-2026,4321,Warehouse Associate,Warangal,Telangana,22
Sep-2026,4321,Warehouse Associate,Warangal,Telangana,22
Oct-24,4323,Logistics Coordinator,Warangal,Telangana,5
Nov-2024,4323,Logistics Coordinator,Warangal,Telangana,5
Dec-2024,4323,Logistics Coordinator,Warangal,Telangana,5
Jan-25,4323,Logistics Coordinator,Warangal,Telangana,6
Feb-2025,4323,Logistics Coordinator,Warangal,Telangana,6
Mar-2025,4323,Logistics Coordinator,Warangal,Telangana,7
Apr-25,4323,Logistics Coordinator,Warangal,Telangana,7
May-2025,4323,Logistics Coordinator,Warangal,Telangana,7
Jun-2025,4323,Logistics Coordinator,Warangal,Telangana,7
Jul-25,4323,Logistics Coordinator,Warangal,Telangana,7
Aug-2025,4323,Logistics Coordinator,Warangal,Telangana,7
Sep-2025,4323,Logistics Coordinator,Warangal,Telangana,7
Oct-25,4323,Logistics Coordinator,Warangal,Telangana,7
Nov-2025,4323,Logistics Coordinator,Warangal,Telangana,7
Dec-2025,4323,Logistics Coordinator,Warangal,Telangana,7
Jan-26,4323,Logistics Coordinator,Warangal,Telangana,6
Feb-2026,4323,Logistics Coordinator,Warangal,Telangana,6
Mar-2026,4323,Logistics Coordinator,Warangal,Telangana,6
Apr-26,4323,Logistics Coordinator,Warangal,Telangana,7
May-2026,4323,Logistics Coordinator,Warangal,Telangana,7
Jun-2026,4323,Logistics Coordinator,Warangal,Telangana,7
Jul-26,4323,Logistics Coordinator,Warangal,Telangana,7
Aug-2026,4323,Logistics Coordinator,Warangal,Telangana,7
Sep-2026,4323,Logistics Coordinator,Warangal,Telangana,6
Oct-24,7411,Electrician,Warangal,Telangana,20
Nov-2024,7411,Electrician,Warangal,Telangana,20
Dec-2024,7411,Electrician,Warangal,Telangana,20
Jan-25,7411,Electrician,Warangal,Telangana,19
Feb-2025,7411,Electrician,Warangal,Telangana,19
Mar-2025,7411,Electrician,Warangal,Telangana,18
Apr-25,7411,Electrician,Warangal,Telangana,18
May-2025,7411,Electrician,Warangal,Telangana,18
Jun-2025,7411,Electrician,Warangal,Telangana,18
Jul-25,7411,Electrician,Warangal,Telangana,19
Aug-2025,7411,Electrician,Warangal,Telangana,19
Sep-2025,7411,Electrician,Warangal,Telangana,19
Oct-25,7411,Electrician,Warangal,Telangana,20
Nov-2025,7411,Electrician,Warangal,Telangana,20
Dec-2025,7411,Electrician,Warangal,Telangana,20
Jan-26,7411,Electrician,Warangal,Telangana,23
Feb-2026,7411,Electrician,Warangal,Telangana,23
Mar-2026,7411,Electrician,Warangal,Telangana,22
Apr-26,7411,Electrician,Warangal,Telangana,22
May-2026,7411,Electrician,Warangal,Telangana,22
Jun-2026,7411,Electrician,Warangal,Telangana,22
Jul-26,7411,Electrician,Warangal,Telangana,22
Aug-2026,7411,Electrician,Warangal,Telangana,23
Sep-2026,7411,Electrician,Warangal,Telangana,23
Oct-24,7112,Mason,Warangal,Telangana,21
Nov-2024,7112,Mason,Warangal,Telangana,20
Dec-2024,7112,Mason,Warangal,Telangana,19
Jan-25,7112,Mason,Warangal,Telangana,18
Feb-2025,7112,Mason,Warangal,Telangana,18
Mar-2025,7112,Mason,Warangal,Telangana,18
Apr-25,7112,Mason,Warangal,Telangana,18
May-2025,7112,Mason,Warangal,Telangana,18
Jun-2025,7112,Mason,Warangal,Telangana,18
Jul-25,7112,Mason,Warangal,Telangana,18
Aug-2025,7112,Mason,Warangal,Telangana,18
Sep-2025,7112,Mason,Warangal,Telangana,18
Oct-25,7112,Mason,Warangal,Telangana,18
Nov-2025,7112,Mason,Warangal,Telangana,18
Dec-2025,7112,Mason,Warangal,Telangana,17
Jan-26,7112,Mason,Warangal,Telangana,18
Feb-2026,7112,Mason,Warangal,Telangana,18
Mar-2026,7112,Mason,Warangal,Telangana,18
Apr-26,7112,Mason,Warangal,Telangana,18
May-2026,7112,Mason,Warangal,Telangana,18
Jun-2026,7112,Mason,Warangal,Telangana,18
Jul-26,7112,Mason,Warangal,Telangana,18
Aug-2026,7112,Mason,Warangal,Telangana,18
Sep-2026,7112,Mason,Warangal,Telangana,18
Oct-24,5223,Retail Sales Associate,Warangal,Telangana,28
Nov-2024,5223,Retail Sales Associate,Warangal,Telangana,27
Dec-2024,5223,Retail Sales Associate,Warangal,Telangana,27
Jan-25,5223,Retail Sales Associate,Warangal,Telangana,27
Feb-2025,5223,Retail Sales Associate,Warangal,Telangana,27
Mar-2025,5223,Retail Sales Associate,Warangal,Telangana,27
Apr-25,5223,Retail Sales Associate,Warangal,Telangana,28
May-2025,5223,Retail Sales Associate,Warangal,Telangana,28
Jun-2025,5223,Retail Sales Associate,Warangal,Telangana,28
Jul-25,5223,Retail Sales Associate,Warangal,Telangana,28
Aug-2025,5223,Retail Sales Associate,Warangal,Telangana,27
Sep-2025,5223,Retail Sales Associate,Warangal,Telangana,27
Oct-25,5223,Retail Sales Associate,Warangal,Telangana,22
Nov-2025,5223,Retail Sales Associate,Warangal,Telangana,21
Dec-2025,5223,Retail Sales Associate,Warangal,Telangana,21
Jan-26,5223,Retail Sales Associate,Warangal,Telangana,24
Feb-2026,5223,Retail Sales Associate,Warangal,Telangana,24
Mar-2026,5223,Retail Sales Associate,Warangal,Telangana,24
Apr-26,5223,Retail Sales Associate,Warangal,Telangana,25
May-2026,5223,Retail Sales Associate,Warangal,Telangana,25
Jun-2026,5223,Retail Sales Associate,Warangal,Telangana,25
Jul-26,5223,Retail Sales Associate,Warangal,Telangana,25
Aug-2026,5223,Retail Sales Associate,Warangal,Telangana,25
Sep-2026,5223,Retail Sales Associate,Warangal,Telangana,24
Oct-24,7412,Solar Technician,Warangal,Telangana,7
Nov-2024,7412,Solar Technician,Warangal,Telangana,7
Dec-2024,7412,Solar Technician,Warangal,Telangana,7
Jan-25,7412,Solar Technician,Warangal,Telangana,7
Feb-2025,7412,Solar Technician,Warangal,Telangana,7
Mar-2025,7412,Solar Technician,Warangal,Telangana,8
Apr-25,7412,Solar Technician,Warangal,Telangana,8
May-2025,7412,Solar Technician,Warangal,Telangana,8
Jun-2025,7412,Solar Technician,Warangal,Telangana,8
Jul-25,7412,Solar Technician,Warangal,Telangana,9
Aug-2025,7412,Solar Technician,Warangal,Telangana,9
Sep-2025,7412,Solar Technician,Warangal,Telangana,10
Oct-25,7412,Solar Technician,Warangal,Telangana,11
Nov-2025,7412,Solar Technician,Warangal,Telangana,11
Dec-2025,7412,Solar Technician,Warangal,Telangana,12
Jan-26,7412,Solar Technician,Warangal,Telangana,13
Feb-2026,7412,Solar Technician,Warangal,Telangana,13
Mar-2026,7412,Solar Technician,Warangal,Telangana,14
Apr-26,7412,Solar Technician,Warangal,Telangana,14
May-2026,7412,Solar Technician,Warangal,Telangana,14
Jun-2026,7412,Solar Technician,Warangal,Telangana,15
Jul-26,7412,Solar Technician,Warangal,Telangana,15
Aug-2026,7412,Solar Technician,Warangal,Telangana,16
Sep-2026,7412,Solar Technician,Warangal,Telangana,17
Oct-24,2512,Software Developer,Bengaluru Urban,Karnataka,153
Nov-2024,2512,Software Developer,Bengaluru Urban,Karnataka,156
Dec-2024,2512,Software Developer,Bengaluru Urban,Karnataka,157
Jan-25,2512,Software Developer,Bengaluru Urban,Karnataka,153
Feb-2025,2512,Software Developer,Bengaluru Urban,Karnataka,152
Mar-2025,2512,Software Developer,Bengaluru Urban,Karnataka,149
Apr-25,2512,Software Developer,Bengaluru Urban,Karnataka,147
May-2025,2512,Software Developer,Bengaluru Urban,Karnataka,146
Jun-2025,2512,Software Developer,Bengaluru Urban,Karnataka,147
Jul-25,2512,Software Developer,Bengaluru Urban,Karnataka,149
Aug-2025,2512,Software Developer,Bengaluru Urban,Karnataka,153
Sep-2025,2512,Software Developer,Bengaluru Urban,Karnataka,157
Oct-25,2512,Software Developer,Bengaluru Urban,Karnataka,170
Nov-2025,2512,Software Developer,Bengaluru Urban,Karnataka,173
Dec-2025,2512,Software Developer,Bengaluru Urban,Karnataka,175
Jan-26,2512,Software Developer,Bengaluru Urban,Karnataka,173
Feb-2026,2512,Software Developer,Bengaluru Urban,Karnataka,171
Mar-2026,2512,Software Developer,Bengaluru Urban,Karnataka,169
Apr-26,2512,Software Developer,Bengaluru Urban,Karnataka,167
May-2026,2512,Software Developer,Bengaluru Urban,Karnataka,166
Jun-2026,2512,Software Developer,Bengaluru Urban,Karnataka,166
Jul-26,2512,Software Developer,Bengaluru Urban,Karnataka,169
Aug-2026,2512,Software Developer,Bengaluru Urban,Karnataka,173
Sep-2026,2512,Software Developer,Bengaluru Urban,Karnataka,178
Oct-24,4132,Data Entry Operator,Bengaluru Urban,Karnataka,151
Nov-2024,4132,Data Entry Operator,Bengaluru Urban,Karnataka,146
Dec-2024,4132,Data Entry Operator,Bengaluru Urban,Karnataka,142
Jan-25,4132,Data Entry Operator,Bengaluru Urban,Karnataka,148
Feb-2025,4132,Data Entry Operator,Bengaluru Urban,Karnataka,146
Mar-2025,4132,Data Entry Operator,Bengaluru Urban,Karnataka,146
Apr-25,4132,Data Entry Operator,Bengaluru Urban,Karnataka,147
May-2025,4132,Data Entry Operator,Bengaluru Urban,Karnataka,148
Jun-2025,4132,Data Entry Operator,Bengaluru Urban,Karnataka,148
Jul-25,4132,Data Entry Operator,Bengaluru Urban,Karnataka,147
Aug-2025,4132,Data Entry Operator,Bengaluru Urban,Karnataka,146
Sep-2025,4132,Data Entry Operator,Bengaluru Urban,Karnataka,143
Oct-25,4132,Data Entry Operator,Bengaluru Urban,Karnataka,137
Nov-2025,4132,Data Entry Operator,Bengaluru Urban,Karnataka,133
Dec-2025,4132,Data Entry Operator,Bengaluru Urban,Karnataka,129
Jan-26,4132,Data Entry Operator,Bengaluru Urban,Karnataka,125
Feb-2026,4132,Data Entry Operator,Bengaluru Urban,Karnataka,123
Mar-2026,4132,Data Entry Operator,Bengaluru Urban,Karnataka,123
Apr-26,4132,Data Entry Operator,Bengaluru Urban,Karnataka,124
May-2026,4132,Data Entry Operator,Bengaluru Urban,Karnataka,125
Jun-2026,4132,Data Entry Operator,Bengaluru Urban,Karnataka,125
Jul-26,4132,Data Entry Operator,Bengaluru Urban,Karnataka,125
Aug-2026,4132,Data Entry Operator,Bengaluru Urban,Karnataka,123
Sep-2026,4132,Data Entry Operator,Bengaluru Urban,Karnataka,120
Oct-24,2431,Digital Marketing Executive,Bengaluru Urban,Karnataka,35
Nov-2024,2431,Digital Marketing Executive,Bengaluru Urban,Karnataka,35
Dec-2024,2431,Digital Marketing Executive,Bengaluru Urban,Karnataka,35
Jan-25,2431,Digital Marketing Executive,Bengaluru Urban,Karnataka,33
Feb-2025,2431,Digital Marketing Executive,Bengaluru Urban,Karnataka,33
Mar-2025,2431,Digital Marketing Executive,Bengaluru Urban,Karnataka,34
Apr-25,2431,Digital Marketing Executive,Bengaluru Urban,Karnataka,34
May-2025,2431,Digital Marketing Executive,Bengaluru Urban,Karnataka,36
Jun-2025,2431,Digital Marketing Executive,Bengaluru Urban,Karnataka,37
Jul-25,2431,Digital Marketing Executive,Bengaluru Urban,Karnataka,38
Aug-2025,2431,Digital Marketing Executive,Bengaluru Urban,Karnataka,39
Sep-2025,2431,Digital Marketing Executive,Bengaluru Urban,Karnataka,39
Oct-25,2431,Digital Marketing Executive,Bengaluru Urban,Karnataka,39
Nov-2025,2431,Digital Marketing Executive,Bengaluru Urban,Karnataka,39
Dec-2025,2431,Digital Marketing Executive,Bengaluru Urban,Karnataka,39
Jan-26,2431,Digital Marketing Executive,Bengaluru Urban,Karnataka,37
Feb-2026,2431,Digital Marketing Executive,Bengaluru Urban,Karnataka,37
Mar-2026,2431,Digital Marketing Executive,Bengaluru Urban,Karnataka,38
Apr-26,2431,Digital Marketing Executive,Bengaluru Urban,Karnataka,38
May-2026,2431,Digital Marketing Executive,Bengaluru Urban,Karnataka,40
Jun-2026,2431,Digital Marketing Executive,Bengaluru Urban,Karnataka,41
Jul-26,2431,Digital Marketing Executive,Bengaluru Urban,Karnataka,42
Aug-2026,2431,Digital Marketing Executive,Bengaluru Urban,Karnataka,43
Sep-2026,2431,Digital Marketing Executive,Bengaluru Urban,Karnataka,44
Oct-24,5321,Healthcare Assistant,Bengaluru Urban,Karnataka,71
Nov-2024,5321,Healthcare Assistant,Bengaluru Urban,Karnataka,71
Dec-2024,5321,Healthcare Assistant,Bengaluru Urban,Karnataka,71
Jan-25,5321,Healthcare Assistant,Bengaluru Urban,Karnataka,73
Feb-2025,5321,Healthcare Assistant,Bengaluru Urban,Karnataka,74
Mar-2025,5321,Healthcare Assistant,Bengaluru Urban,Karnataka,76
Apr-25,5321,Healthcare Assistant,Bengaluru Urban,Karnataka,79
May-2025,5321,Healthcare Assistant,Bengaluru Urban,Karnataka,82
Jun-2025,5321,Healthcare Assistant,Bengaluru Urban,Karnataka,84
Jul-25,5321,Healthcare Assistant,Bengaluru Urban,Karnataka,85
Aug-2025,5321,Healthcare Assistant,Bengaluru Urban,Karnataka,86
Sep-2025,5321,Healthcare Assistant,Bengaluru Urban,Karnataka,85
Oct-25,5321,Healthcare Assistant,Bengaluru Urban,Karnataka,85
Nov-2025,5321,Healthcare Assistant,Bengaluru Urban,Karnataka,84
Dec-2025,5321,Healthcare Assistant,Bengaluru Urban,Karnataka,84
Jan-26,5321,Healthcare Assistant,Bengaluru Urban,Karnataka,85
Feb-2026,5321,Healthcare Assistant,Bengaluru Urban,Karnataka,87
Mar-2026,5321,Healthcare Assistant,Bengaluru Urban,Karnataka,89
Apr-26,5321,Healthcare Assistant,Bengaluru Urban,Karnataka,92
May-2026,5321,Healthcare Assistant,Bengaluru Urban,Karnataka,95
Jun-2026,5321,Healthcare Assistant,Bengaluru Urban,Karnataka,98
Jul-26,5321,Healthcare Assistant,Bengaluru Urban,Karnataka,100
Aug-2026,5321,Healthcare Assistant,Bengaluru Urban,Karnataka,101
Sep-2026,5321,Healthcare Assistant,Bengaluru Urban,Karnataka,101
Oct-24,3212,Phlebotomy Technician,Bengaluru Urban,Karnataka,26
Nov-2024,3212,Phlebotomy Technician,Bengaluru Urban,Karnataka,27
Dec-2024,3212,Phlebotomy Technician,Bengaluru Urban,Karnataka,27
Jan-25,3212,Phlebotomy Technician,Bengaluru Urban,Karnataka,29
Feb-2025,3212,Phlebotomy Technician,Bengaluru Urban,Karnataka,29
Mar-2025,3212,Phlebotomy Technician,Bengaluru Urban,Karnataka,28
Apr-25,3212,Phlebotomy Technician,Bengaluru Urban,Karnataka,28
May-2025,3212,Phlebotomy Technician,Bengaluru Urban,Karnataka,27
Jun-2025,3212,Phlebotomy Technician,Bengaluru Urban,Karnataka,27
Jul-25,3212,Phlebotomy Technician,Bengaluru Urban,Karnataka,27
Aug-2025,3212,Phlebotomy Technician,Bengaluru Urban,Karnataka,27
Sep-2025,3212,Phlebotomy Technician,Bengaluru Urban,Karnataka,28
Oct-25,3212,Phlebotomy Technician,Bengaluru Urban,Karnataka,28
Nov-2025,3212,Phlebotomy Technician,Bengaluru Urban,Karnataka,29
Dec-2025,3212,Phlebotomy Technician,Bengaluru Urban,Karnataka,29
Jan-26,3212,Phlebotomy Technician,Bengaluru Urban,Karnataka,31
Feb-2026,3212,Phlebotomy Technician,Bengaluru Urban,Karnataka,31
Mar-2026,3212,Phlebotomy Technician,Bengaluru Urban,Karnataka,30
Apr-26,3212,Phlebotomy Technician,Bengaluru Urban,Karnataka,29
May-2026,3212,Phlebotomy Technician,Bengaluru Urban,Karnataka,29
Jun-2026,3212,Phlebotomy Technician,Bengaluru Urban,Karnataka,29
Jul-26,3212,Phlebotomy Technician,Bengaluru Urban,Karnataka,29
Aug-2026,3212,Phlebotomy Technician,Bengaluru Urban,Karnataka,29
Sep-2026,3212,Phlebotomy Technician,Bengaluru Urban,Karnataka,29
Oct-24,7223,CNC Operator,Bengaluru Urban,Karnataka,54
Nov-2024,7223,CNC Operator,Bengaluru Urban,Karnataka,54
Dec-2024,7223,CNC Operator,Bengaluru Urban,Karnataka,55
Jan-25,7223,CNC Operator,Bengaluru Urban,Karnataka,53
Feb-2025,7223,CNC Operator,Bengaluru Urban,Karnataka,54
Mar-2025,7223,CNC Operator,Bengaluru Urban,Karnataka,55
Apr-25,7223,CNC Operator,Bengaluru Urban,Karnataka,55
May-2025,7223,CNC Operator,Bengaluru Urban,Karnataka,54
Jun-2025,7223,CNC Operator,Bengaluru Urban,Karnataka,53
Jul-25,7223,CNC Operator,Bengaluru Urban,Karnataka,52
Aug-2025,7223,CNC Operator,Bengaluru Urban,Karnataka,50
Sep-2025,7223,CNC Operator,Bengaluru Urban,Karnataka,50
Oct-25,7223,CNC Operator,Bengaluru Urban,Karnataka,50
Nov-2025,7223,CNC Operator,Bengaluru Urban,Karnataka,51
Dec-2025,7223,CNC Operator,Bengaluru Urban,Karnataka,52
Jan-26,7223,CNC Operator,Bengaluru Urban,Karnataka,50
Feb-2026,7223,CNC Operator,Bengaluru Urban,Karnataka,51
Mar-2026,7223,CNC Operator,Bengaluru Urban,Karnataka,51
Apr-26,7223,CNC Operator,Bengaluru Urban,Karnataka,51
May-2026,7223,CNC Operator,Bengaluru Urban,Karnataka,51
Jun-2026,7223,CNC Operator,Bengaluru Urban,Karnataka,50
Jul-26,7223,CNC Operator,Bengaluru Urban,Karnataka,49
Aug-2026,7223,CNC Operator,Bengaluru Urban,Karnataka,48
Sep-2026,7223,CNC Operator,Bengaluru Urban,Karnataka,47
Oct-24,7212,Welder,Bengaluru Urban,Karnataka,48
Nov-2024,7212,Welder,Bengaluru Urban,Karnataka,48
Dec-2024,7212,Welder,Bengaluru Urban,Karnataka,48
Jan-25,7212,Welder,Bengaluru Urban,Karnataka,48
Feb-2025,7212,Welder,Bengaluru Urban,Karnataka,48
Mar-2025,7212,Welder,Bengaluru Urban,Karnataka,47
Apr-25,7212,Welder,Bengaluru Urban,Karnataka,47
May-2025,7212,Welder,Bengaluru Urban,Karnataka,48
Jun-2025,7212,Welder,Bengaluru Urban,Karnataka,48
Jul-25,7212,Welder,Bengaluru Urban,Karnataka,50
Aug-2025,7212,Welder,Bengaluru Urban,Karnataka,51
Sep-2025,7212,Welder,Bengaluru Urban,Karnataka,52
Oct-25,7212,Welder,Bengaluru Urban,Karnataka,53
Nov-2025,7212,Welder,Bengaluru Urban,Karnataka,53
Dec-2025,7212,Welder,Bengaluru Urban,Karnataka,53
Jan-26,7212,Welder,Bengaluru Urban,Karnataka,48
Feb-2026,7212,Welder,Bengaluru Urban,Karnataka,47
Mar-2026,7212,Welder,Bengaluru Urban,Karnataka,47
Apr-26,7212,Welder,Bengaluru Urban,Karnataka,47
May-2026,7212,Welder,Bengaluru Urban,Karnataka,47
Jun-2026,7212,Welder,Bengaluru Urban,Karnataka,48
Jul-26,7212,Welder,Bengaluru Urban,Karnataka,49
Aug-2026,7212,Welder,Bengaluru Urban,Karnataka,51
Sep-2026,7212,Welder,Bengaluru Urban,Karnataka,52
Oct-24,4321,Warehouse Associate,Bengaluru Urban,Karnataka,82
Nov-2024,4321,Warehouse Associate,Bengaluru Urban,Karnataka,83
Dec-2024,4321,Warehouse Associate,Bengaluru Urban,Karnataka,85
Jan-25,4321,Warehouse Associate,Bengaluru Urban,Karnataka,85
Feb-2025,4321,Warehouse Associate,Bengaluru Urban,Karnataka,88
Mar-2025,4321,Warehouse Associate,Bengaluru Urban,Karnataka,91
Apr-25,4321,Warehouse Associate,Bengaluru Urban,Karnataka,94
May-2025,4321,Warehouse Associate,Bengaluru Urban,Karnataka,96
Jun-2025,4321,Warehouse Associate,Bengaluru Urban,Karnataka,96
Jul-25,4321,Warehouse Associate,Bengaluru Urban,Karnataka,96
Aug-2025,4321,Warehouse Associate,Bengaluru Urban,Karnataka,96
Sep-2025,4321,Warehouse Associate,Bengaluru Urban,Karnataka,96
Oct-25,4321,Warehouse Associate,Bengaluru Urban,Karnataka,95
Nov-2025,4321,Warehouse Associate,Bengaluru Urban,Karnataka,96
Dec-2025,4321,Warehouse Associate,Bengaluru Urban,Karnataka,99
Jan-26,4321,Warehouse Associate,Bengaluru Urban,Karnataka,108
Feb-2026,4321,Warehouse Associate,Bengaluru Urban,Karnataka,112
Mar-2026,4321,Warehouse Associate,Bengaluru Urban,Karnataka,116
Apr-26,4321,Warehouse Associate,Bengaluru Urban,Karnataka,119
May-2026,4321,Warehouse Associate,Bengaluru Urban,Karnataka,121
Jun-2026,4321,Warehouse Associate,Bengaluru Urban,Karnataka,122
Jul-26,4321,Warehouse Associate,Bengaluru Urban,Karnataka,122
Aug-2026,4321,Warehouse Associate,Bengaluru Urban,Karnataka,121
Sep-2026,4321,Warehouse Associate,Bengaluru Urban,Karnataka,121
Oct-24,4323,Logistics Coordinator,Bengaluru Urban,Karnataka,26
Nov-2024,4323,Logistics Coordinator,Bengaluru Urban,Karnataka,27
Dec-2024,4323,Logistics Coordinator,Bengaluru Urban,Karnataka,28
Jan-25,4323,Logistics Coordinator,Bengaluru Urban,Karnataka,30
Feb-2025,4323,Logistics Coordinator,Bengaluru Urban,Karnataka,30
Mar-2025,4323,Logistics Coordinator,Bengaluru Urban,Karnataka,30
Apr-25,4323,Logistics Coordinator,Bengaluru Urban,Karnataka,30
May-2025,4323,Logistics Coordinator,Bengaluru Urban,Karnataka,29
Jun-2025,4323,Logistics Coordinator,Bengaluru Urban,Karnataka,30
Jul-25,4323,Logistics Coordinator,Bengaluru Urban,Karnataka,30
Aug-2025,4323,Logistics Coordinator,Bengaluru Urban,Karnataka,31
Sep-2025,4323,Logistics Coordinator,Bengaluru Urban,Karnataka,32
Oct-25,4323,Logistics Coordinator,Bengaluru Urban,Karnataka,33
Nov-2025,4323,Logistics Coordinator,Bengaluru Urban,Karnataka,34
Dec-2025,4323,Logistics Coordinator,Bengaluru Urban,Karnataka,34
Jan-26,4323,Logistics Coordinator,Bengaluru Urban,Karnataka,34
Feb-2026,4323,Logistics Coordinator,Bengaluru Urban,Karnataka,34
Mar-2026,4323,Logistics Coordinator,Bengaluru Urban,Karnataka,34
Apr-26,4323,Logistics Coordinator,Bengaluru Urban,Karnataka,33
May-2026,4323,Logistics Coordinator,Bengaluru Urban,Karnataka,33
Jun-2026,4323,Logistics Coordinator,Bengaluru Urban,Karnataka,33
Jul-26,4323,Logistics Coordinator,Bengaluru Urban,Karnataka,34
Aug-2026,4323,Logistics Coordinator,Bengaluru Urban,Karnataka,35
Sep-2026,4323,Logistics Coordinator,Bengaluru Urban,Karnataka,36
Oct-24,7411,Electrician,Bengaluru Urban,Karnataka,104
Nov-2024,7411,Electrician,Bengaluru Urban,Karnataka,102
Dec-2024,7411,Electrician,Bengaluru Urban,Karnataka,100
Jan-25,7411,Electrician,Bengaluru Urban,Karnataka,112
Feb-2025,7411,Electrician,Bengaluru Urban,Karnataka,111
Mar-2025,7411,Electrician,Bengaluru Urban,Karnataka,97
Apr-25,7411,Electrician,Bengaluru Urban,Karnataka,98
May-2025,7411,Electrician,Bengaluru Urban,Karnataka,100
Jun-2025,7411,Electrician,Bengaluru Urban,Karnataka,103
Jul-25,7411,Electrician,Bengaluru Urban,Karnataka,105
Aug-2025,7411,Electrician,Bengaluru Urban,Karnataka,106
Sep-2025,7411,Electrician,Bengaluru Urban,Karnataka,106
Oct-25,7411,Electrician,Bengaluru Urban,Karnataka,105
Nov-2025,7411,Electrician,Bengaluru Urban,Karnataka,103
Dec-2025,7411,Electrician,Bengaluru Urban,Karnataka,101
Jan-26,7411,Electrician,Bengaluru Urban,Karnataka,104
Feb-2026,7411,Electrician,Bengaluru Urban,Karnataka,103
Mar-2026,7411,Electrician,Bengaluru Urban,Karnataka,103
Apr-26,7411,Electrician,Bengaluru Urban,Karnataka,105
May-2026,7411,Electrician,Bengaluru Urban,Karnataka,107
Jun-2026,7411,Electrician,Bengaluru Urban,Karnataka,110
Jul-26,7411,Electrician,Bengaluru Urban,Karnataka,112
Aug-2026,7411,Electrician,Bengaluru Urban,Karnataka,113
Sep-2026,7411,Electrician,Bengaluru Urban,Karnataka,113
Oct-24,7112,Mason,Bengaluru Urban,Karnataka,95
Nov-2024,7112,Mason,Bengaluru Urban,Karnataka,93
Dec-2024,7112,Mason,Bengaluru Urban,Karnataka,92
Jan-25,7112,Mason,Bengaluru Urban,Karnataka,88
Feb-2025,7112,Mason,Bengaluru Urban,Karnataka,89
Mar-2025,7112,Mason,Bengaluru Urban,Karnataka,90
Apr-25,7112,Mason,Bengaluru Urban,Karnataka,91
May-2025,7112,Mason,Bengaluru Urban,Karnataka,91
Jun-2025,7112,Mason,Bengaluru Urban,Karnataka,91
Jul-25,7112,Mason,Bengaluru Urban,Karnataka,90
Aug-2025,7112,Mason,Bengaluru Urban,Karnataka,89
Sep-2025,7112,Mason,Bengaluru Urban,Karnataka,86
Oct-25,7112,Mason,Bengaluru Urban,Karnataka,91
Nov-2025,7112,Mason,Bengaluru Urban,Karnataka,90
Dec-2025,7112,Mason,Bengaluru Urban,Karnataka,88
Jan-26,7112,Mason,Bengaluru Urban,Karnataka,80
Feb-2026,7112,Mason,Bengaluru Urban,Karnataka,81
Mar-2026,7112,Mason,Bengaluru Urban,Karnataka,82
Apr-26,7112,Mason,Bengaluru Urban,Karnataka,83
May-2026,7112,Mason,Bengaluru Urban,Karnataka,84
Jun-2026,7112,Mason,Bengaluru Urban,Karnataka,84
Jul-26,7112,Mason,Bengaluru Urban,Karnataka,83
Aug-2026,7112,Mason,Bengaluru Urban,Karnataka,81
Sep-2026,7112,Mason,Bengaluru Urban,Karnataka,79
Oct-24,5223,Retail Sales Associate,Bengaluru Urban,Karnataka,134
Nov-2024,5223,Retail Sales Associate,Bengaluru Urban,Karnataka,132
Dec-2024,5223,Retail Sales Associate,Bengaluru Urban,Karnataka,132
Jan-25,5223,Retail Sales Associate,Bengaluru Urban,Karnataka,121
Feb-2025,5223,Retail Sales Associate,Bengaluru Urban,Karnataka,123
Mar-2025,5223,Retail Sales Associate,Bengaluru Urban,Karnataka,125
Apr-25,5223,Retail Sales Associate,Bengaluru Urban,Karnataka,127
May-2025,5223,Retail Sales Associate,Bengaluru Urban,Karnataka,128
Jun-2025,5223,Retail Sales Associate,Bengaluru Urban,Karnataka,128
Jul-25,5223,Retail Sales Associate,Bengaluru Urban,Karnataka,127
Aug-2025,5223,Retail Sales Associate,Bengaluru Urban,Karnataka,125
Sep-2025,5223,Retail Sales Associate,Bengaluru Urban,Karnataka,122
Oct-25,5223,Retail Sales Associate,Bengaluru Urban,Karnataka,135
Nov-2025,5223,Retail Sales Associate,Bengaluru Urban,Karnataka,133
Dec-2025,5223,Retail Sales Associate,Bengaluru Urban,Karnataka,133
Jan-26,5223,Retail Sales Associate,Bengaluru Urban,Karnataka,129
Feb-2026,5223,Retail Sales Associate,Bengaluru Urban,Karnataka,131
Mar-2026,5223,Retail Sales Associate,Bengaluru Urban,Karnataka,133
Apr-26,5223,Retail Sales Associate,Bengaluru Urban,Karnataka,136
May-2026,5223,Retail Sales Associate,Bengaluru Urban,Karnataka,137
Jun-2026,5223,Retail Sales Associate,Bengaluru Urban,Karnataka,137
Jul-26,5223,Retail Sales Associate,Bengaluru Urban,Karnataka,136
Aug-2026,5223,Retail Sales Associate,Bengaluru Urban,Karnataka,134
Sep-2026,5223,Retail Sales Associate,Bengaluru Urban,Karnataka,131
Oct-24,7412,Solar Technician,Bengaluru Urban,Karnataka,35
Nov-2024,7412,Solar Technician,Bengaluru Urban,Karnataka,36
Dec-2024,7412,Solar Technician,Bengaluru Urban,Karnataka,36
Jan-25,7412,Solar Technician,Bengaluru Urban,Karnataka,34
Feb-2025,7412,Solar Technician,Bengaluru Urban,Karnataka,34
Mar-2025,7412,Solar Technician,Bengaluru Urban,Karnataka,34
Apr-25,7412,Solar Technician,Bengaluru Urban,Karnataka,34
May-2025,7412,Solar Technician,Bengaluru Urban,Karnataka,35
Jun-2025,7412,Solar Technician,Bengaluru Urban,Karnataka,36
Jul-25,7412,Solar Technician,Bengaluru Urban,Karnataka,37
Aug-2025,7412,Solar Technician,Bengaluru Urban,Karnataka,39
Sep-2025,7412,Solar Technician,Bengaluru Urban,Karnataka,40
Oct-25,7412,Solar Technician,Bengaluru Urban,Karnataka,46
Nov-2025,7412,Solar Technician,Bengaluru Urban,Karnataka,47
Dec-2025,7412,Solar Technician,Bengaluru Urban,Karnataka,48
Jan-26,7412,Solar Technician,Bengaluru Urban,Karnataka,48
Feb-2026,7412,Solar Technician,Bengaluru Urban,Karnataka,48
Mar-2026,7412,Solar Technician,Bengaluru Urban,Karnataka,48
Apr-26,7412,Solar Technician,Bengaluru Urban,Karnataka,49
May-2026,7412,Solar Technician,Bengaluru Urban,Karnataka,49
Jun-2026,7412,Solar Technician,Bengaluru Urban,Karnataka,51
Jul-26,7412,Solar Technician,Bengaluru Urban,Karnataka,53
Aug-2026,7412,Solar Technician,Bengaluru Urban,Karnataka,55
Sep-2026,7412,Solar Technician,Bengaluru Urban,Karnataka,58
Oct-24,7233,Wind Turbine Technician,Bengaluru Urban,Karnataka,14
Nov-2024,7233,Wind Turbine Technician,Bengaluru Urban,Karnataka,14
Dec-2024,7233,Wind Turbine Technician,Bengaluru Urban,Karnataka,14
Jan-25,7233,Wind Turbine Technician,Bengaluru Urban,Karnataka,13
Feb-2025,7233,Wind Turbine Technician,Bengaluru Urban,Karnataka,14
Mar-2025,7233,Wind Turbine Technician,Bengaluru Urban,Karnataka,14
Apr-25,7233,Wind Turbine Technician,Bengaluru Urban,Karnataka,14
May-2025,7233,Wind Turbine Technician,Bengaluru Urban,Karnataka,15
Jun-2025,7233,Wind Turbine Technician,Bengaluru Urban,Karnataka,15
Jul-25,7233,Wind Turbine Technician,Bengaluru Urban,Karnataka,15
Aug-2025,7233,Wind Turbine Technician,Bengaluru Urban,Karnataka,15
Sep-2025,7233,Wind Turbine Technician,Bengaluru Urban,Karnataka,15
Oct-25,7233,Wind Turbine Technician,Bengaluru Urban,Karnataka,15
Nov-2025,7233,Wind Turbine Technician,Bengaluru Urban,Karnataka,15
Dec-2025,7233,Wind Turbine Technician,Bengaluru Urban,Karnataka,15
Jan-26,7233,Wind Turbine Technician,Bengaluru Urban,Karnataka,13
Feb-2026,7233,Wind Turbine Technician,Bengaluru Urban,Karnataka,13
Mar-2026,7233,Wind Turbine Technician,Bengaluru Urban,Karnataka,14
Apr-26,7233,Wind Turbine Technician,Bengaluru Urban,Karnataka,14
May-2026,7233,Wind Turbine Technician,Bengaluru Urban,Karnataka,14
Jun-2026,7233,Wind Turbine Technician,Bengaluru Urban,Karnataka,15
Jul-26,7233,Wind Turbine Technician,Bengaluru Urban,Karnataka,15
Aug-2026,7233,Wind Turbine Technician,Bengaluru Urban,Karnataka,15
Sep-2026,7233,Wind Turbine Technician,Bengaluru Urban,Karnataka,15
Oct-24,2512,Software Developer,Mysuru,Karnataka,14
Nov-2024,2512,Software Developer,Mysuru,Karnataka,14
Dec-2024,2512,Software Developer,Mysuru,Karnataka,14
Jan-25,2512,Software Developer,Mysuru,Karnataka,14
Feb-2025,2512,Software Developer,Mysuru,Karnataka,14
Mar-2025,2512,Software Developer,Mysuru,Karnataka,14
Apr-25,2512,Software Developer,Mysuru,Karnataka,14
May-2025,2512,Software Developer,Mysuru,Karnataka,14
Jun-2025,2512,Software Developer,Mysuru,Karnataka,14
Jul-25,2512,Software Developer,Mysuru,Karnataka,14
Aug-2025,2512,Software Developer,Mysuru,Karnataka,15
Sep-2025,2512,Software Developer,Mysuru,Karnataka,15
Oct-25,2512,Software Developer,Mysuru,Karnataka,14
Nov-2025,2512,Software Developer,Mysuru,Karnataka,14
Dec-2025,2512,Software Developer,Mysuru,Karnataka,14
Jan-26,2512,Software Developer,Mysuru,Karnataka,16
Feb-2026,2512,Software Developer,Mysuru,Karnataka,15
Mar-2026,2512,Software Developer,Mysuru,Karnataka,15
Apr-26,2512,Software Developer,Mysuru,Karnataka,15
May-2026,2512,Software Developer,Mysuru,Karnataka,15
Jun-2026,2512,Software Developer,Mysuru,Karnataka,15
Jul-26,2512,Software Developer,Mysuru,Karnataka,16
Aug-2026,2512,Software Developer,Mysuru,Karnataka,16
Sep-2026,2512,Software Developer,Mysuru,Karnataka,17
Oct-24,4132,Data Entry Operator,Mysuru,Karnataka,15
Nov-2024,4132,Data Entry Operator,Mysuru,Karnataka,15
Dec-2024,4132,Data Entry Operator,Mysuru,Karnataka,15
Jan-25,4132,Data Entry Operator,Mysuru,Karnataka,15
Feb-2025,4132,Data Entry Operator,Mysuru,Karnataka,14
Mar-2025,4132,Data Entry Operator,Mysuru,Karnataka,14
Apr-25,4132,Data Entry Operator,Mysuru,Karnataka,13
May-2025,4132,Data Entry Operator,Mysuru,Karnataka,13
Jun-2025,4132,Data Entry Operator,Mysuru,Karnataka,13
Jul-25,4132,Data Entry Operator,Mysuru,Karnataka,13
Aug-2025,4132,Data Entry Operator,Mysuru,Karnataka,13
Sep-2025,4132,Data Entry Operator,Mysuru,Karnataka,13
Oct-25,4132,Data Entry Operator,Mysuru,Karnataka,12
Nov-2025,4132,Data Entry Operator,Mysuru,Karnataka,12
Dec-2025,4132,Data Entry Operator,Mysuru,Karnataka,11
Jan-26,4132,Data Entry Operator,Mysuru,Karnataka,12
Feb-2026,4132,Data Entry Operator,Mysuru,Karnataka,12
Mar-2026,4132,Data Entry Operator,Mysuru,Karnataka,11
Apr-26,4132,Data Entry Operator,Mysuru,Karnataka,11
May-2026,4132,Data Entry Operator,Mysuru,Karnataka,11
Jun-2026,4132,Data Entry Operator,Mysuru,Karnataka,11
Jul-26,4132,Data Entry Operator,Mysuru,Karnataka,11
Aug-2026,4132,Data Entry Operator,Mysuru,Karnataka,11
Sep-2026,4132,Data Entry Operator,Mysuru,Karnataka,11
Oct-24,2431,Digital Marketing Executive,Mysuru,Karnataka,3
Nov-2024,2431,Digital Marketing Executive,Mysuru,Karnataka,3
Dec-2024,2431,Digital Marketing Executive,Mysuru,Karnataka,3
Jan-25,2431,Digital Marketing Executive,Mysuru,Karnataka,3
Feb-2025,2431,Digital Marketing Executive,Mysuru,Karnataka,3
Mar-2025,2431,Digital Marketing Executive,Mysuru,Karnataka,3
Apr-25,2431,Digital Marketing Executive,Mysuru,Karnataka,3
May-2025,2431,Digital Marketing Executive,Mysuru,Karnataka,3
Jun-2025,2431,Digital Marketing Executive,Mysuru,Karnataka,3
Jul-25,2431,Digital Marketing Executive,Mysuru,Karnataka,3
Aug-2025,2431,Digital Marketing Executive,Mysuru,Karnataka,3
Sep-2025,2431,Digital Marketing Executive,Mysuru,Karnataka,3
Oct-25,2431,Digital Marketing Executive,Mysuru,Karnataka,3
Nov-2025,2431,Digital Marketing Executive,Mysuru,Karnataka,3
Dec-2025,2431,Digital Marketing Executive,Mysuru,Karnataka,3
Jan-26,2431,Digital Marketing Executive,Mysuru,Karnataka,4
Feb-2026,2431,Digital Marketing Executive,Mysuru,Karnataka,4
Mar-2026,2431,Digital Marketing Executive,Mysuru,Karnataka,4
Apr-26,2431,Digital Marketing Executive,Mysuru,Karnataka,4
May-2026,2431,Digital Marketing Executive,Mysuru,Karnataka,4
Jun-2026,2431,Digital Marketing Executive,Mysuru,Karnataka,4
Jul-26,2431,Digital Marketing Executive,Mysuru,Karnataka,4
Aug-2026,2431,Digital Marketing Executive,Mysuru,Karnataka,4
Sep-2026,2431,Digital Marketing Executive,Mysuru,Karnataka,4
Oct-24,5321,Healthcare Assistant,Mysuru,Karnataka,22
Nov-2024,5321,Healthcare Assistant,Mysuru,Karnataka,22
Dec-2024,5321,Healthcare Assistant,Mysuru,Karnataka,21
Jan-25,5321,Healthcare Assistant,Mysuru,Karnataka,22
Feb-2025,5321,Healthcare Assistant,Mysuru,Karnataka,22
Mar-2025,5321,Healthcare Assistant,Mysuru,Karnataka,22
Apr-25,5321,Healthcare Assistant,Mysuru,Karnataka,23
May-2025,5321,Healthcare Assistant,Mysuru,Karnataka,23
Jun-2025,5321,Healthcare Assistant,Mysuru,Karnataka,24
Jul-25,5321,Healthcare Assistant,Mysuru,Karnataka,24
Aug-2025,5321,Healthcare Assistant,Mysuru,Karnataka,24
Sep-2025,5321,Healthcare Assistant,Mysuru,Karnataka,24
Oct-25,5321,Healthcare Assistant,Mysuru,Karnataka,24
Nov-2025,5321,Healthcare Assistant,Mysuru,Karnataka,23
Dec-2025,5321,Healthcare Assistant,Mysuru,Karnataka,23
Jan-26,5321,Healthcare Assistant,Mysuru,Karnataka,20
Feb-2026,5321,Healthcare Assistant,Mysuru,Karnataka,21
Mar-2026,5321,Healthcare Assistant,Mysuru,Karnataka,21
Apr-26,5321,Healthcare Assistant,Mysuru,Karnataka,22
May-2026,5321,Healthcare Assistant,Mysuru,Karnataka,22
Jun-2026,5321,Healthcare Assistant,Mysuru,Karnataka,23
Jul-26,5321,Healthcare Assistant,Mysuru,Karnataka,23
Aug-2026,5321,Healthcare Assistant,Mysuru,Karnataka,23
Sep-2026,5321,Healthcare Assistant,Mysuru,Karnataka,23
Aug-2026,3212,Phlebotomy Technician,Mysuru,Karnataka,6
Sep-2026,3212,Phlebotomy Technician,Mysuru,Karnataka,6
Oct-24,7223,CNC Operator,Mysuru,Karnataka,10
Nov-2024,7223,CNC Operator,Mysuru,Karnataka,10
Dec-2024,7223,CNC Operator,Mysuru,Karnataka,11
Jan-25,7223,CNC Operator,Mysuru,Karnataka,10
Feb-2025,7223,CNC Operator,Mysuru,Karnataka,10
Mar-2025,7223,CNC Operator,Mysuru,Karnataka,10
Apr-25,7223,CNC Operator,Mysuru,Karnataka,11
May-2025,7223,CNC Operator,Mysuru,Karnataka,11
Jun-2025,7223,CNC Operator,Mysuru,Karnataka,11
Jul-25,7223,CNC Operator,Mysuru,Karnataka,11
Aug-2025,7223,CNC Operator,Mysuru,Karnataka,13
Sep-2025,7223,CNC Operator,Mysuru,Karnataka,13
Oct-25,7223,CNC Operator,Mysuru,Karnataka,13
Nov-2025,7223,CNC Operator,Mysuru,Karnataka,13
Dec-2025,7223,CNC Operator,Mysuru,Karnataka,13
Jan-26,7223,CNC Operator,Mysuru,Karnataka,13
Feb-2026,7223,CNC Operator,Mysuru,Karnataka,13
Mar-2026,7223,CNC Operator,Mysuru,Karnataka,13
Apr-26,7223,CNC Operator,Mysuru,Karnataka,14
May-2026,7223,CNC Operator,Mysuru,Karnataka,14
Jun-2026,7223,CNC Operator,Mysuru,Karnataka,14
Jul-26,7223,CNC Operator,Mysuru,Karnataka,14
Aug-2026,7223,CNC Operator,Mysuru,Karnataka,13
Sep-2026,7223,CNC Operator,Mysuru,Karnataka,13
Oct-24,7212,Welder,Mysuru,Karnataka,9
Nov-2024,7212,Welder,Mysuru,Karnataka,10
Dec-2024,7212,Welder,Mysuru,Karnataka,10
Jan-25,7212,Welder,Mysuru,Karnataka,12
Feb-2025,7212,Welder,Mysuru,Karnataka,12
Mar-2025,7212,Welder,Mysuru,Karnataka,12
Apr-25,7212,Welder,Mysuru,Karnataka,12
May-2025,7212,Welder,Mysuru,Karnataka,12
Jun-2025,7212,Welder,Mysuru,Karnataka,12
Jul-25,7212,Welder,Mysuru,Karnataka,12
Aug-2025,7212,Welder,Mysuru,Karnataka,12
Sep-2025,7212,Welder,Mysuru,Karnataka,12
Oct-25,7212,Welder,Mysuru,Karnataka,12
Nov-2025,7212,Welder,Mysuru,Karnataka,12
Dec-2025,7212,Welder,Mysuru,Karnataka,12
Jan-26,7212,Welder,Mysuru,Karnataka,12
Feb-2026,7212,Welder,Mysuru,Karnataka,12
Mar-2026,7212,Welder,Mysuru,Karnataka,13
Apr-26,7212,Welder,Mysuru,Karnataka,13
May-2026,7212,Welder,Mysuru,Karnataka,13
Jun-2026,7212,Welder,Mysuru,Karnataka,13
Jul-26,7212,Welder,Mysuru,Karnataka,13
Aug-2026,7212,Welder,Mysuru,Karnataka,12
Sep-2026,7212,Welder,Mysuru,Karnataka,12
Oct-24,4321,Warehouse Associate,Mysuru,Karnataka,25
Nov-2024,4321,Warehouse Associate,Mysuru,Karnataka,26
Dec-2024,4321,Warehouse Associate,Mysuru,Karnataka,26
Jan-25,4321,Warehouse Associate,Mysuru,Karnataka,25
Feb-2025,4321,Warehouse Associate,Mysuru,Karnataka,25
Mar-2025,4321,Warehouse Associate,Mysuru,Karnataka,25
Apr-25,4321,Warehouse Associate,Mysuru,Karnataka,24
May-2025,4321,Warehouse Associate,Mysuru,Karnataka,24
Jun-2025,4321,Warehouse Associate,Mysuru,Karnataka,24
Jul-25,4321,Warehouse Associate,Mysuru,Karnataka,24
Aug-2025,4321,Warehouse Associate,Mysuru,Karnataka,24
Sep-2025,4321,Warehouse Associate,Mysuru,Karnataka,25
Oct-25,4321,Warehouse Associate,Mysuru,Karnataka,26
Nov-2025,4321,Warehouse Associate,Mysuru,Karnataka,27
Dec-2025,4321,Warehouse Associate,Mysuru,Karnataka,27
Jan-26,4321,Warehouse Associate,Mysuru,Karnataka,26
Feb-2026,4321,Warehouse Associate,Mysuru,Karnataka,26
Mar-2026,4321,Warehouse Associate,Mysuru,Karnataka,26
Apr-26,4321,Warehouse Associate,Mysuru,Karnataka,26
May-2026,4321,Warehouse Associate,Mysuru,Karnataka,25
Jun-2026,4321,Warehouse Associate,Mysuru,Karnataka,25
Jul-26,4321,Warehouse Associate,Mysuru,Karnataka,25
Aug-2026,4321,Warehouse Associate,Mysuru,Karnataka,26
Sep-2026,4321,Warehouse Associate,Mysuru,Karnataka,26
Oct-24,4323,Logistics Coordinator,Mysuru,Karnataka,7
Nov-2024,4323,Logistics Coordinator,Mysuru,Karnataka,7
Dec-2024,4323,Logistics Coordinator,Mysuru,Karnataka,7
Jan-25,4323,Logistics Coordinator,Mysuru,Karnataka,7
Feb-2025,4323,Logistics Coordinator,Mysuru,Karnataka,7
Mar-2025,4323,Logistics Coordinator,Mysuru,Karnataka,7
Apr-25,4323,Logistics Coordinator,Mysuru,Karnataka,7
May-2025,4323,Logistics Coordinator,Mysuru,Karnataka,7
Jun-2025,4323,Logistics Coordinator,Mysuru,Karnataka,7
Jul-25,4323,Logistics Coordinator,Mysuru,Karnataka,7
Aug-2025,4323,Logistics Coordinator,Mysuru,Karnataka,7
Sep-2025,4323,Logistics Coordinator,Mysuru,Karnataka,7
Oct-25,4323,Logistics Coordinator,Mysuru,Karnataka,6
Nov-2025,4323,Logistics Coordinator,Mysuru,Karnataka,7
Dec-2025,4323,Logistics Coordinator,Mysuru,Karnataka,7
Jan-26,4323,Logistics Coordinator,Mysuru,Karnataka,7
Feb-2026,4323,Logistics Coordinator,Mysuru,Karnataka,7
Mar-2026,4323,Logistics Coordinator,Mysuru,Karnataka,7
Apr-26,4323,Logistics Coordinator,Mysuru,Karnataka,7
May-2026,4323,Logistics Coordinator,Mysuru,Karnataka,7
Jun-2026,4323,Logistics Coordinator,Mysuru,Karnataka,7
Jul-26,4323,Logistics Coordinator,Mysuru,Karnataka,7
Aug-2026,4323,Logistics Coordinator,Mysuru,Karnataka,7
Sep-2026,4323,Logistics Coordinator,Mysuru,Karnataka,7
Oct-24,7411,Electrician,Mysuru,Karnataka,24
Nov-2024,7411,Electrician,Mysuru,Karnataka,25
Dec-2024,7411,Electrician,Mysuru,Karnataka,25
Jan-25,7411,Electrician,Mysuru,Karnataka,24
Feb-2025,7411,Electrician,Mysuru,Karnataka,23
Mar-2025,7411,Electrician,Mysuru,Karnataka,23
Apr-25,7411,Electrician,Mysuru,Karnataka,23
May-2025,7411,Electrician,Mysuru,Karnataka,23
Jun-2025,7411,Electrician,Mysuru,Karnataka,23
Jul-25,7411,Electrician,Mysuru,Karnataka,24
Aug-2025,7411,Electrician,Mysuru,Karnataka,24
Sep-2025,7411,Electrician,Mysuru,Karnataka,25
Oct-25,7411,Electrician,Mysuru,Karnataka,24
Nov-2025,7411,Electrician,Mysuru,Karnataka,24
Dec-2025,7411,Electrician,Mysuru,Karnataka,24
Jan-26,7411,Electrician,Mysuru,Karnataka,26
Feb-2026,7411,Electrician,Mysuru,Karnataka,26
Mar-2026,7411,Electrician,Mysuru,Karnataka,25
Apr-26,7411,Electrician,Mysuru,Karnataka,25
May-2026,7411,Electrician,Mysuru,Karnataka,25
Jun-2026,7411,Electrician,Mysuru,Karnataka,26
Jul-26,7411,Electrician,Mysuru,Karnataka,26
Aug-2026,7411,Electrician,Mysuru,Karnataka,27
Sep-2026,7411,Electrician,Mysuru,Karnataka,28
Oct-24,7112,Mason,Mysuru,Karnataka,18
Nov-2024,7112,Mason,Mysuru,Karnataka,18
Dec-2024,7112,Mason,Mysuru,Karnataka,18
Jan-25,7112,Mason,Mysuru,Karnataka,19
Feb-2025,7112,Mason,Mysuru,Karnataka,19
Mar-2025,7112,Mason,Mysuru,Karnataka,19
Apr-25,7112,Mason,Mysuru,Karnataka,19
May-2025,7112,Mason,Mysuru,Karnataka,20
Jun-2025,7112,Mason,Mysuru,Karnataka,20
Jul-25,7112,Mason,Mysuru,Karnataka,20
Aug-2025,7112,Mason,Mysuru,Karnataka,20
Sep-2025,7112,Mason,Mysuru,Karnataka,20
Oct-25,7112,Mason,Mysuru,Karnataka,20
Nov-2025,7112,Mason,Mysuru,Karnataka,19
Dec-2025,7112,Mason,Mysuru,Karnataka,19
Jan-26,7112,Mason,Mysuru,Karnataka,18
Feb-2026,7112,Mason,Mysuru,Karnataka,19
Mar-2026,7112,Mason,Mysuru,Karnataka,19
Apr-26,7112,Mason,Mysuru,Karnataka,19
May-2026,7112,Mason,Mysuru,Karnataka,20
Jun-2026,7112,Mason,Mysuru,Karnataka,20
Jul-26,7112,Mason,Mysuru,Karnataka,20
Aug-2026,7112,Mason,Mysuru,Karnataka,20
Sep-2026,7112,Mason,Mysuru,Karnataka,20
Oct-24,5223,Retail Sales Associate,Mysuru,Karnataka,27
Nov-2024,5223,Retail Sales Associate,Mysuru,Karnataka,26
Dec-2024,5223,Retail Sales Associate,Mysuru,Karnataka,26
Jan-25,5223,Retail Sales Associate,Mysuru,Karnataka,25
Feb-2025,5223,Retail Sales Associate,Mysuru,Karnataka,24
Mar-2025,5223,Retail Sales Associate,Mysuru,Karnataka,24
Apr-25,5223,Retail Sales Associate,Mysuru,Karnataka,25
May-2025,5223,Retail Sales Associate,Mysuru,Karnataka,25
Jun-2025,5223,Retail Sales Associate,Mysuru,Karnataka,26
Jul-25,5223,Retail Sales Associate,Mysuru,Karnataka,26
Aug-2025,5223,Retail Sales Associate,Mysuru,Karnataka,26
Sep-2025,5223,Retail Sales Associate,Mysuru,Karnataka,26
Oct-25,5223,Retail Sales Associate,Mysuru,Karnataka,26
Nov-2025,5223,Retail Sales Associate,Mysuru,Karnataka,26
Dec-2025,5223,Retail Sales Associate,Mysuru,Karnataka,25
Jan-26,5223,Retail Sales Associate,Mysuru,Karnataka,28
Feb-2026,5223,Retail Sales Associate,Mysuru,Karnataka,28
Mar-2026,5223,Retail Sales Associate,Mysuru,Karnataka,28
Apr-26,5223,Retail Sales Associate,Mysuru,Karnataka,28
May-2026,5223,Retail Sales Associate,Mysuru,Karnataka,28
Jun-2026,5223,Retail Sales Associate,Mysuru,Karnataka,29
Jul-26,5223,Retail Sales Associate,Mysuru,Karnataka,29
Aug-2026,5223,Retail Sales Associate,Mysuru,Karnataka,30
Sep-2026,5223,Retail Sales Associate,Mysuru,Karnataka,30
Oct-24,7412,Solar Technician,Mysuru,Karnataka,10
Nov-2024,7412,Solar Technician,Mysuru,Karnataka,10
Dec-2024,7412,Solar Technician,Mysuru,Karnataka,11
Jan-25,7412,Solar Technician,Mysuru,Karnataka,10
Feb-2025,7412,Solar Technician,Mysuru,Karnataka,11
Mar-2025,7412,Solar Technician,Mysuru,Karnataka,11
Apr-25,7412,Solar Technician,Mysuru,Karnataka,11
May-2025,7412,Solar Technician,Mysuru,Karnataka,11
Jun-2025,7412,Solar Technician,Mysuru,Karnataka,11
Jul-25,7412,Solar Technician,Mysuru,Karnataka,11
Aug-2025,7412,Solar Technician,Mysuru,Karnataka,11
Sep-2025,7412,Solar Technician,Mysuru,Karnataka,11
Oct-25,7412,Solar Technician,Mysuru,Karnataka,13
Nov-2025,7412,Solar Technician,Mysuru,Karnataka,13
Dec-2025,7412,Solar Technician,Mysuru,Karnataka,14
Jan-26,7412,Solar Technician,Mysuru,Karnataka,12
Feb-2026,7412,Solar Technician,Mysuru,Karnataka,13
Mar-2026,7412,Solar Technician,Mysuru,Karnataka,13
Apr-26,7412,Solar Technician,Mysuru,Karnataka,13
May-2026,7412,Solar Technician,Mysuru,Karnataka,13
Jun-2026,7412,Solar Technician,Mysuru,Karnataka,13
Jul-26,7412,Solar Technician,Mysuru,Karnataka,13
Aug-2026,7412,Solar Technician,Mysuru,Karnataka,13
Sep-2026,7412,Solar Technician,Mysuru,Karnataka,14
Oct-24,7233,Wind Turbine Technician,Mysuru,Karnataka,4
Nov-2024,7233,Wind Turbine Technician,Mysuru,Karnataka,4
Dec-2024,7233,Wind Turbine Technician,Mysuru,Karnataka,4
Jan-25,7233,Wind Turbine Technician,Mysuru,Karnataka,4
Feb-2025,7233,Wind Turbine Technician,Mysuru,Karnataka,4
Mar-2025,7233,Wind Turbine Technician,Mysuru,Karnataka,4
Apr-25,7233,Wind Turbine Technician,Mysuru,Karnataka,4
May-2025,7233,Wind Turbine Technician,Mysuru,Karnataka,4
Jun-2025,7233,Wind Turbine Technician,Mysuru,Karnataka,4
Jul-25,7233,Wind Turbine Technician,Mysuru,Karnataka,4
Aug-2025,7233,Wind Turbine Technician,Mysuru,Karnataka,4
Sep-2025,7233,Wind Turbine Technician,Mysuru,Karnataka,4
Oct-25,7233,Wind Turbine Technician,Mysuru,Karnataka,5
Nov-2025,7233,Wind Turbine Technician,Mysuru,Karnataka,5
Dec-2025,7233,Wind Turbine Technician,Mysuru,Karnataka,5
Jan-26,7233,Wind Turbine Technician,Mysuru,Karnataka,5
Feb-2026,7233,Wind Turbine Technician,Mysuru,Karnataka,5
Mar-2026,7233,Wind Turbine Technician,Mysuru,Karnataka,5
Apr-26,7233,Wind Turbine Technician,Mysuru,Karnataka,5
May-2026,7233,Wind Turbine Technician,Mysuru,Karnataka,5
Jun-2026,7233,Wind Turbine Technician,Mysuru,Karnataka,5
Jul-26,7233,Wind Turbine Technician,Mysuru,Karnataka,5
Aug-2026,7233,Wind Turbine Technician,Mysuru,Karnataka,5
Sep-2026,7233,Wind Turbine Technician,Mysuru,Karnataka,5
Oct-24,2512,Software Developer,Pune,Maharashtra,85
Nov-2024,2512,Software Developer,Pune,Maharashtra,84
Dec-2024,2512,Software Developer,Pune,Maharashtra,83
Jan-25,2512,Software Developer,Pune,Maharashtra,79
Feb-2025,2512,Software Developer,Pune,Maharashtra,79
Mar-2025,2512,Software Developer,Pune,Maharashtra,79
Apr-25,2512,Software Developer,Pune,Maharashtra,80
May-2025,2512,Software Developer,Pune,Maharashtra,82
Jun-2025,2512,Software Developer,Pune,Maharashtra,84
Jul-25,2512,Software Developer,Pune,Maharashtra,87
Aug-2025,2512,Software Developer,Pune,Maharashtra,89
Sep-2025,2512,Software Developer,Pune,Maharashtra,90
Oct-25,2512,Software Developer,Pune,Maharashtra,90
Nov-2025,2512,Software Developer,Pune,Maharashtra,90
Dec-2025,2512,Software Developer,Pune,Maharashtra,88
Jan-26,2512,Software Developer,Pune,Maharashtra,84
Feb-2026,2512,Software Developer,Pune,Maharashtra,84
Mar-2026,2512,Software Developer,Pune,Maharashtra,84
Apr-26,2512,Software Developer,Pune,Maharashtra,85
May-2026,2512,Software Developer,Pune,Maharashtra,87
Jun-2026,2512,Software Developer,Pune,Maharashtra,90
Jul-26,2512,Software Developer,Pune,Maharashtra,92
Aug-2026,2512,Software Developer,Pune,Maharashtra,105
Sep-2026,2512,Software Developer,Pune,Maharashtra,107
Oct-24,4132,Data Entry Operator,Pune,Maharashtra,87
Nov-2024,4132,Data Entry Operator,Pune,Maharashtra,88
Dec-2024,4132,Data Entry Operator,Pune,Maharashtra,89
Jan-25,4132,Data Entry Operator,Pune,Maharashtra,81
Feb-2025,4132,Data Entry Operator,Pune,Maharashtra,80
Mar-2025,4132,Data Entry Operator,Pune,Maharashtra,80
Apr-25,4132,Data Entry Operator,Pune,Maharashtra,78
May-2025,4132,Data Entry Operator,Pune,Maharashtra,76
Jun-2025,4132,Data Entry Operator,Pune,Maharashtra,73
Jul-25,4132,Data Entry Operator,Pune,Maharashtra,71
Aug-2025,4132,Data Entry Operator,Pune,Maharashtra,70
Sep-2025,4132,Data Entry Operator,Pune,Maharashtra,69
Oct-25,4132,Data Entry Operator,Pune,Maharashtra,70
Nov-2025,4132,Data Entry Operator,Pune,Maharashtra,70
Dec-2025,4132,Data Entry Operator,Pune,Maharashtra,71
Jan-26,4132,Data Entry Operator,Pune,Maharashtra,76
Feb-2026,4132,Data Entry Operator,Pune,Maharashtra,75
Mar-2026,4132,Data Entry Operator,Pune,Maharashtra,74
Apr-26,4132,Data Entry Operator,Pune,Maharashtra,73
May-2026,4132,Data Entry Operator,Pune,Maharashtra,71
Jun-2026,4132,Data Entry Operator,Pune,Maharashtra,69
Jul-26,4132,Data Entry Operator,Pune,Maharashtra,67
Aug-2026,4132,Data Entry Operator,Pune,Maharashtra,65
Sep-2026,4132,Data Entry Operator,Pune,Maharashtra,65
Oct-24,2431,Digital Marketing Executive,Pune,Maharashtra,16
Nov-2024,2431,Digital Marketing Executive,Pune,Maharashtra,17
Dec-2024,2431,Digital Marketing Executive,Pune,Maharashtra,17
Jan-25,2431,Digital Marketing Executive,Pune,Maharashtra,17
Feb-2025,2431,Digital Marketing Executive,Pune,Maharashtra,17
Mar-2025,2431,Digital Marketing Executive,Pune,Maharashtra,17
Apr-25,2431,Digital Marketing Executive,Pune,Maharashtra,17
May-2025,2431,Digital Marketing Executive,Pune,Maharashtra,17
Jun-2025,2431,Digital Marketing Executive,Pune,Maharashtra,18
Jul-25,2431,Digital Marketing Executive,Pune,Maharashtra,18
Aug-2025,2431,Digital Marketing Executive,Pune,Maharashtra,19
Sep-2025,2431,Digital Marketing Executive,Pune,Maharashtra,20
Oct-25,2431,Digital Marketing Executive,Pune,Maharashtra,20
Nov-2025,2431,Digital Marketing Executive,Pune,Maharashtra,21
Dec-2025,2431,Digital Marketing Executive,Pune,Maharashtra,21
Jan-26,2431,Digital Marketing Executive,Pune,Maharashtra,22
Feb-2026,2431,Digital Marketing Executive,Pune,Maharashtra,22
Mar-2026,2431,Digital Marketing Executive,Pune,Maharashtra,22
Apr-26,2431,Digital Marketing Executive,Pune,Maharashtra,22
May-2026,2431,Digital Marketing Executive,Pune,Maharashtra,22
Jun-2026,2431,Digital Marketing Executive,Pune,Maharashtra,23
Jul-26,2431,Digital Marketing Executive,Pune,Maharashtra,23
Aug-2026,2431,Digital Marketing Executive,Pune,Maharashtra,24
Sep-2026,2431,Digital Marketing Executive,Pune,Maharashtra,25
Oct-24,5321,Healthcare Assistant,Pune,Maharashtra,66
Nov-2024,5321,Healthcare Assistant,Pune,Maharashtra,66
Dec-2024,5321,Healthcare Assistant,Pune,Maharashtra,66
Jan-25,5321,Healthcare Assistant,Pune,Maharashtra,68
Feb-2025,5321,Healthcare Assistant,Pune,Maharashtra,66
Mar-2025,5321,Healthcare Assistant,Pune,Maharashtra,65
Apr-25,5321,Healthcare Assistant,Pune,Maharashtra,65
May-2025,5321,Healthcare Assistant,Pune,Maharashtra,66
Jun-2025,5321,Healthcare Assistant,Pune,Maharashtra,67
Jul-25,5321,Healthcare Assistant,Pune,Maharashtra,68
Aug-2025,5321,Healthcare Assistant,Pune,Maharashtra,70
Sep-2025,5321,Healthcare Assistant,Pune,Maharashtra,71
Oct-25,5321,Healthcare Assistant,Pune,Maharashtra,63
Nov-2025,5321,Healthcare Assistant,Pune,Maharashtra,63
Dec-2025,5321,Healthcare Assistant,Pune,Maharashtra,72
Jan-26,5321,Healthcare Assistant,Pune,Maharashtra,65
Feb-2026,5321,Healthcare Assistant,Pune,Maharashtra,64
Mar-2026,5321,Healthcare Assistant,Pune,Maharashtra,63
Apr-26,5321,Healthcare Assistant,Pune,Maharashtra,63
May-2026,5321,Healthcare Assistant,Pune,Maharashtra,64
Jun-2026,5321,Healthcare Assistant,Pune,Maharashtra,65
Jul-26,5321,Healthcare Assistant,Pune,Maharashtra,66
Aug-2026,5321,Healthcare Assistant,Pune,Maharashtra,68
Sep-2026,5321,Healthcare Assistant,Pune,Maharashtra,69
Oct-24,3212,Phlebotomy Technician,Pune,Maharashtra,17
Nov-2024,3212,Phlebotomy Technician,Pune,Maharashtra,17
Dec-2024,3212,Phlebotomy Technician,Pune,Maharashtra,17
Jan-25,3212,Phlebotomy Technician,Pune,Maharashtra,18
Feb-2025,3212,Phlebotomy Technician,Pune,Maharashtra,19
Mar-2025,3212,Phlebotomy Technician,Pune,Maharashtra,19
Apr-25,3212,Phlebotomy Technician,Pune,Maharashtra,19
May-2025,3212,Phlebotomy Technician,Pune,Maharashtra,19
Jun-2025,3212,Phlebotomy Technician,Pune,Maharashtra,18
Jul-25,3212,Phlebotomy Technician,Pune,Maharashtra,18
Aug-2025,3212,Phlebotomy Technician,Pune,Maharashtra,18
Sep-2025,3212,Phlebotomy Technician,Pune,Maharashtra,18
Oct-25,3212,Phlebotomy Technician,Pune,Maharashtra,18
Nov-2025,3212,Phlebotomy Technician,Pune,Maharashtra,18
Dec-2025,3212,Phlebotomy Technician,Pune,Maharashtra,19
Jan-26,3212,Phlebotomy Technician,Pune,Maharashtra,17
Feb-2026,3212,Phlebotomy Technician,Pune,Maharashtra,17
Mar-2026,3212,Phlebotomy Technician,Pune,Maharashtra,17
Apr-26,3212,Phlebotomy Technician,Pune,Maharashtra,17
May-2026,3212,Phlebotomy Technician,Pune,Maharashtra,17
Jun-2026,3212,Phlebotomy Technician,Pune,Maharashtra,17
Jul-26,3212,Phlebotomy Technician,Pune,Maharashtra,17
Aug-2026,3212,Phlebotomy Technician,Pune,Maharashtra,17
Sep-2026,3212,Phlebotomy Technician,Pune,Maharashtra,17
Oct-24,7223,CNC Operator,Pune,Maharashtra,56
Nov-2024,7223,CNC Operator,Pune,Maharashtra,56
Dec-2024,7223,CNC Operator,Pune,Maharashtra,57
Jan-25,7223,CNC Operator,Pune,Maharashtra,54
Feb-2025,7223,CNC Operator,Pune,Maharashtra,55
Mar-2025,7223,CNC Operator,Pune,Maharashtra,57
Apr-25,7223,CNC Operator,Pune,Maharashtra,58
May-2025,7223,CNC Operator,Pune,Maharashtra,58
Jun-2025,7223,CNC Operator,Pune,Maharashtra,58
Jul-25,7223,CNC Operator,Pune,Maharashtra,58
Aug-2025,7223,CNC Operator,Pune,Maharashtra,57
Sep-2025,7223,CNC Operator,Pune,Maharashtra,56
Oct-25,7223,CNC Operator,Pune,Maharashtra,56
Nov-2025,7223,CNC Operator,Pune,Maharashtra,56
Dec-2025,7223,CNC Operator,Pune,Maharashtra,57
Jan-26,7223,CNC Operator,Pune,Maharashtra,61
Feb-2026,7223,CNC Operator,Pune,Maharashtra,62
Mar-2026,7223,CNC Operator,Pune,Maharashtra,64
Apr-26,7223,CNC Operator,Pune,Maharashtra,65
May-2026,7223,CNC Operator,Pune,Maharashtra,65
Jun-2026,7223,CNC Operator,Pune,Maharashtra,65
Jul-26,7223,CNC Operator,Pune,Maharashtra,65
Aug-2026,7223,CNC Operator,Pune,Maharashtra,64
Sep-2026,7223,CNC Operator,Pune,Maharashtra,63
Oct-24,7212,Welder,Pune,Maharashtra,52
Nov-2024,7212,Welder,Pune,Maharashtra,53
Dec-2024,7212,Welder,Pune,Maharashtra,54
Jan-25,7212,Welder,Pune,Maharashtra,55
Feb-2025,7212,Welder,Pune,Maharashtra,56
Mar-2025,7212,Welder,Pune,Maharashtra,57
Apr-25,7212,Welder,Pune,Maharashtra,58
May-2025,7212,Welder,Pune,Maharashtra,58
Jun-2025,7212,Welder,Pune,Maharashtra,57
Jul-25,7212,Welder,Pune,Maharashtra,56
Aug-2025,7212,Welder,Pune,Maharashtra,56
Sep-2025,7212,Welder,Pune,Maharashtra,56
Oct-25,7212,Welder,Pune,Maharashtra,51
Nov-2025,7212,Welder,Pune,Maharashtra,52
Dec-2025,7212,Welder,Pune,Maharashtra,53
Jan-26,7212,Welder,Pune,Maharashtra,59
Feb-2026,7212,Welder,Pune,Maharashtra,61
Mar-2026,7212,Welder,Pune,Maharashtra,62
Apr-26,7212,Welder,Pune,Maharashtra,63
May-2026,7212,Welder,Pune,Maharashtra,62
Jun-2026,7212,Welder,Pune,Maharashtra,62
Jul-26,7212,Welder,Pune,Maharashtra,61
Aug-2026,7212,Welder,Pune,Maharashtra,60
Sep-2026,7212,Welder,Pune,Maharashtra,60
Oct-24,4321,Warehouse Associate,Pune,Maharashtra,74
Nov-2024,4321,Warehouse Associate,Pune,Maharashtra,75
Dec-2024,4321,Warehouse Associate,Pune,Maharashtra,75
Jan-25,4321,Warehouse Associate,Pune,Maharashtra,84
Feb-2025,4321,Warehouse Associate,Pune,Maharashtra,83
Mar-2025,4321,Warehouse Associate,Pune,Maharashtra,82
Apr-25,4321,Warehouse Associate,Pune,Maharashtra,82
May-2025,4321,Warehouse Associate,Pune,Maharashtra,83
Jun-2025,4321,Warehouse Associate,Pune,Maharashtra,84
Jul-25,4321,Warehouse Associate,Pune,Maharashtra,86
Aug-2025,4321,Warehouse Associate,Pune,Maharashtra,90
Sep-2025,4321,Warehouse Associate,Pune,Maharashtra,92
Oct-25,4321,Warehouse Associate,Pune,Maharashtra,93
Nov-2025,4321,Warehouse Associate,Pune,Maharashtra,94
Dec-2025,4321,Warehouse Associate,Pune,Maharashtra,93
Jan-26,4321,Warehouse Associate,Pune,Maharashtra,93
Feb-2026,4321,Warehouse Associate,Pune,Maharashtra,92
Mar-2026,4321,Warehouse Associate,Pune,Maharashtra,91
Apr-26,4321,Warehouse Associate,Pune,Maharashtra,91
May-2026,4321,Warehouse Associate,Pune,Maharashtra,92
Jun-2026,4321,Warehouse Associate,Pune,Maharashtra,93
Jul-26,4321,Warehouse Associate,Pune,Maharashtra,96
Aug-2026,4321,Warehouse Associate,Pune,Maharashtra,86
Sep-2026,4321,Warehouse Associate,Pune,Maharashtra,89
Oct-24,4323,Logistics Coordinator,Pune,Maharashtra,21
Nov-2024,4323,Logistics Coordinator,Pune,Maharashtra,22
Dec-2024,4323,Logistics Coordinator,Pune,Maharashtra,22
Jan-25,4323,Logistics Coordinator,Pune,Maharashtra,23
Feb-2025,4323,Logistics Coordinator,Pune,Maharashtra,23
Mar-2025,4323,Logistics Coordinator,Pune,Maharashtra,22
Apr-25,4323,Logistics Coordinator,Pune,Maharashtra,22
May-2025,4323,Logistics Coordinator,Pune,Maharashtra,22
Jun-2025,4323,Logistics Coordinator,Pune,Maharashtra,23
Jul-25,4323,Logistics Coordinator,Pune,Maharashtra,23
Aug-2025,4323,Logistics Coordinator,Pune,Maharashtra,23
Sep-2025,4323,Logistics Coordinator,Pune,Maharashtra,24
Oct-25,4323,Logistics Coordinator,Pune,Maharashtra,25
Nov-2025,4323,Logistics Coordinator,Pune,Maharashtra,25
Dec-2025,4323,Logistics Coordinator,Pune,Maharashtra,26
Jan-26,4323,Logistics Coordinator,Pune,Maharashtra,26
Feb-2026,4323,Logistics Coordinator,Pune,Maharashtra,26
Mar-2026,4323,Logistics Coordinator,Pune,Maharashtra,26
Apr-26,4323,Logistics Coordinator,Pune,Maharashtra,26
May-2026,4323,Logistics Coordinator,Pune,Maharashtra,26
Jun-2026,4323,Logistics Coordinator,Pune,Maharashtra,26
Jul-26,4323,Logistics Coordinator,Pune,Maharashtra,26
Aug-2026,4323,Logistics Coordinator,Pune,Maharashtra,27
Sep-2026,4323,Logistics Coordinator,Pune,Maharashtra,28
Oct-24,7411,Electrician,Pune,Maharashtra,71
Nov-2024,7411,Electrician,Pune,Maharashtra,71
Dec-2024,7411,Electrician,Pune,Maharashtra,70
Jan-25,7411,Electrician,Pune,Maharashtra,76
Feb-2025,7411,Electrician,Pune,Maharashtra,74
Mar-2025,7411,Electrician,Pune,Maharashtra,74
Apr-25,7411,Electrician,Pune,Maharashtra,73
May-2025,7411,Electrician,Pune,Maharashtra,74
Jun-2025,7411,Electrician,Pune,Maharashtra,74
Jul-25,7411,Electrician,Pune,Maharashtra,76
Aug-2025,7411,Electrician,Pune,Maharashtra,78
Sep-2025,7411,Electrician,Pune,Maharashtra,79
Oct-25,7411,Electrician,Pune,Maharashtra,80
Nov-2025,7411,Electrician,Pune,Maharashtra,80
Dec-2025,7411,Electrician,Pune,Maharashtra,80
Jan-26,7411,Electrician,Pune,Maharashtra,75
Feb-2026,7411,Electrician,Pune,Maharashtra,73
Mar-2026,7411,Electrician,Pune,Maharashtra,72
Apr-26,7411,Electrician,Pune,Maharashtra,72
May-2026,7411,Electrician,Pune,Maharashtra,72
Jun-2026,7411,Electrician,Pune,Maharashtra,73
Jul-26,7411,Electrician,Pune,Maharashtra,74
Aug-2026,7411,Electrician,Pune,Maharashtra,76
Sep-2026,7411,Electrician,Pune,Maharashtra,78
Oct-24,7112,Mason,Pune,Maharashtra,61
Nov-2024,7112,Mason,Pune,Maharashtra,62
Dec-2024,7112,Mason,Pune,Maharashtra,63
Jan-25,7112,Mason,Pune,Maharashtra,72
Feb-2025,7112,Mason,Pune,Maharashtra,72
Mar-2025,7112,Mason,Pune,Maharashtra,71
Apr-25,7112,Mason,Pune,Maharashtra,70
May-2025,7112,Mason,Pune,Maharashtra,68
Jun-2025,7112,Mason,Pune,Maharashtra,66
Jul-25,7112,Mason,Pune,Maharashtra,64
Aug-2025,7112,Mason,Pune,Maharashtra,64
Sep-2025,7112,Mason,Pune,Maharashtra,63
Oct-25,7112,Mason,Pune,Maharashtra,59
Nov-2025,7112,Mason,Pune,Maharashtra,59
Dec-2025,7112,Mason,Pune,Maharashtra,60
Jan-26,7112,Mason,Pune,Maharashtra,60
Feb-2026,7112,Mason,Pune,Maharashtra,60
Mar-2026,7112,Mason,Pune,Maharashtra,59
Apr-26,7112,Mason,Pune,Maharashtra,59
May-2026,7112,Mason,Pune,Maharashtra,57
Jun-2026,7112,Mason,Pune,Maharashtra,55
Jul-26,7112,Mason,Pune,Maharashtra,54
Aug-2026,7112,Mason,Pune,Maharashtra,53
Sep-2026,7112,Mason,Pune,Maharashtra,53
Oct-24,5223,Retail Sales Associate,Pune,Maharashtra,100
Nov-2024,5223,Retail Sales Associate,Pune,Maharashtra,101
Dec-2024,5223,Retail Sales Associate,Pune,Maharashtra,102
Jan-25,5223,Retail Sales Associate,Pune,Maharashtra,96
Feb-2025,5223,Retail Sales Associate,Pune,Maharashtra,96
Mar-2025,5223,Retail Sales Associate,Pune,Maharashtra,95
Apr-25,5223,Retail Sales Associate,Pune,Maharashtra,94
May-2025,5223,Retail Sales Associate,Pune,Maharashtra,92
Jun-2025,5223,Retail Sales Associate,Pune,Maharashtra,89
Jul-25,5223,Retail Sales Associate,Pune,Maharashtra,86
Aug-2025,5223,Retail Sales Associate,Pune,Maharashtra,95
Sep-2025,5223,Retail Sales Associate,Pune,Maharashtra,94
Oct-25,5223,Retail Sales Associate,Pune,Maharashtra,83
Nov-2025,5223,Retail Sales Associate,Pune,Maharashtra,83
Dec-2025,5223,Retail Sales Associate,Pune,Maharashtra,83
Jan-26,5223,Retail Sales Associate,Pune,Maharashtra,95
Feb-2026,5223,Retail Sales Associate,Pune,Maharashtra,95
Mar-2026,5223,Retail Sales Associate,Pune,Maharashtra,95
Apr-26,5223,Retail Sales Associate,Pune,Maharashtra,93
May-2026,5223,Retail Sales Associate,Pune,Maharashtra,91
Jun-2026,5223,Retail Sales Associate,Pune,Maharashtra,88
Jul-26,5223,Retail Sales Associate,Pune,Maharashtra,86
Aug-2026,5223,Retail Sales Associate,Pune,Maharashtra,83
Sep-2026,5223,Retail Sales Associate,Pune,Maharashtra,82
Oct-24,7412,Solar Technician,Pune,Maharashtra,26
Nov-2024,7412,Solar Technician,Pune,Maharashtra,26
Dec-2024,7412,Solar Technician,Pune,Maharashtra,26
Jan-25,7412,Solar Technician,Pune,Maharashtra,26
Feb-2025,7412,Solar Technician,Pune,Maharashtra,26
Mar-2025,7412,Solar Technician,Pune,Maharashtra,26
Apr-25,7412,Solar Technician,Pune,Maharashtra,26
May-2025,7412,Solar Technician,Pune,Maharashtra,27
Jun-2025,7412,Solar Technician,Pune,Maharashtra,28
Jul-25,7412,Solar Technician,Pune,Maharashtra,29
Aug-2025,7412,Solar Technician,Pune,Maharashtra,30
Sep-2025,7412,Solar Technician,Pune,Maharashtra,31
Oct-25,7412,Solar Technician,Pune,Maharashtra,32
Nov-2025,7412,Solar Technician,Pune,Maharashtra,33
Dec-2025,7412,Solar Technician,Pune,Maharashtra,33
Jan-26,7412,Solar Technician,Pune,Maharashtra,30
Feb-2026,7412,Solar Technician,Pune,Maharashtra,30
Mar-2026,7412,Solar Technician,Pune,Maharashtra,31
Apr-26,7412,Solar Technician,Pune,Maharashtra,31
May-2026,7412,Solar Technician,Pune,Maharashtra,32
Jun-2026,7412,Solar Technician,Pune,Maharashtra,33
Jul-26,7412,Solar Technician,Pune,Maharashtra,34
Aug-2026,7412,Solar Technician,Pune,Maharashtra,35
Sep-2026,7412,Solar Technician,Pune,Maharashtra,37
Oct-24,7233,Wind Turbine Technician,Pune,Maharashtra,8
Nov-2024,7233,Wind Turbine Technician,Pune,Maharashtra,8
Dec-2024,7233,Wind Turbine Technician,Pune,Maharashtra,8
Jan-25,7233,Wind Turbine Technician,Pune,Maharashtra,8
Feb-2025,7233,Wind Turbine Technician,Pune,Maharashtra,8
Mar-2025,7233,Wind Turbine Technician,Pune,Maharashtra,8
Apr-25,7233,Wind Turbine Technician,Pune,Maharashtra,8
May-2025,7233,Wind Turbine Technician,Pune,Maharashtra,9
Jun-2025,7233,Wind Turbine Technician,Pune,Maharashtra,9
Jul-25,7233,Wind Turbine Technician,Pune,Maharashtra,9
Aug-2025,7233,Wind Turbine Technician,Pune,Maharashtra,9
Sep-2025,7233,Wind Turbine Technician,Pune,Maharashtra,9
Oct-25,7233,Wind Turbine Technician,Pune,Maharashtra,9
Nov-2025,7233,Wind Turbine Technician,Pune,Maharashtra,9
Dec-2025,7233,Wind Turbine Technician,Pune,Maharashtra,9
Jan-26,7233,Wind Turbine Technician,Pune,Maharashtra,9
Feb-2026,7233,Wind Turbine Technician,Pune,Maharashtra,9
Mar-2026,7233,Wind Turbine Technician,Pune,Maharashtra,10
Apr-26,7233,Wind Turbine Technician,Pune,Maharashtra,10
May-2026,7233,Wind Turbine Technician,Pune,Maharashtra,10
Jun-2026,7233,Wind Turbine Technician,Pune,Maharashtra,11
Jul-26,7233,Wind Turbine Technician,Pune,Maharashtra,11
Aug-2026,7233,Wind Turbine Technician,Pune,Maharashtra,11
Sep-2026,7233,Wind Turbine Technician,Pune,Maharashtra,11
Oct-24,2512,Software Developer,Nagpur,Maharashtra,16
Nov-2024,2512,Software Developer,Nagpur,Maharashtra,16
Dec-2024,2512,Software Developer,Nagpur,Maharashtra,16
Jan-25,2512,Software Developer,Nagpur,Maharashtra,17
Feb-2025,2512,Software Developer,Nagpur,Maharashtra,17
Mar-2025,2512,Software Developer,Nagpur,Maharashtra,18
Apr-25,2512,Software Developer,Nagpur,Maharashtra,18
May-2025,2512,Software Developer,Nagpur,Maharashtra,18
Jun-2025,2512,Software Developer,Nagpur,Maharashtra,18
Jul-25,2512,Software Developer,Nagpur,Maharashtra,18
Aug-2025,2512,Software Developer,Nagpur,Maharashtra,18
Sep-2025,2512,Software Developer,Nagpur,Maharashtra,18
Oct-25,2512,Software Developer,Nagpur,Maharashtra,18
Nov-2025,2512,Software Developer,Nagpur,Maharashtra,18
Dec-2025,2512,Software Developer,Nagpur,Maharashtra,18
Jan-26,2512,Software Developer,Nagpur,Maharashtra,19
Feb-2026,2512,Software Developer,Nagpur,Maharashtra,20
Mar-2026,2512,Software Developer,Nagpur,Maharashtra,20
Apr-26,2512,Software Developer,Nagpur,Maharashtra,21
May-2026,2512,Software Developer,Nagpur,Maharashtra,21
Jun-2026,2512,Software Developer,Nagpur,Maharashtra,21
Jul-26,2512,Software Developer,Nagpur,Maharashtra,21
Aug-2026,2512,Software Developer,Nagpur,Maharashtra,21
Sep-2026,2512,Software Developer,Nagpur,Maharashtra,21
Oct-24,4132,Data Entry Operator,Nagpur,Maharashtra,19
Nov-2024,4132,Data Entry Operator,Nagpur,Maharashtra,19
Dec-2024,4132,Data Entry Operator,Nagpur,Maharashtra,19
Jan-25,4132,Data Entry Operator,Nagpur,Maharashtra,18
Feb-2025,4132,Data Entry Operator,Nagpur,Maharashtra,18
Mar-2025,4132,Data Entry Operator,Nagpur,Maharashtra,17
Apr-25,4132,Data Entry Operator,Nagpur,Maharashtra,17
May-2025,4132,Data Entry Operator,Nagpur,Maharashtra,16
Jun-2025,4132,Data Entry Operator,Nagpur,Maharashtra,16
Jul-25,4132,Data Entry Operator,Nagpur,Maharashtra,16
Aug-2025,4132,Data Entry Operator,Nagpur,Maharashtra,15
Sep-2025,4132,Data Entry Operator,Nagpur,Maharashtra,15
Oct-25,4132,Data Entry Operator,Nagpur,Maharashtra,16
Nov-2025,4132,Data Entry Operator,Nagpur,Maharashtra,16
Dec-2025,4132,Data Entry Operator,Nagpur,Maharashtra,16
Jan-26,4132,Data Entry Operator,Nagpur,Maharashtra,17
Feb-2026,4132,Data Entry Operator,Nagpur,Maharashtra,17
Mar-2026,4132,Data Entry Operator,Nagpur,Maharashtra,16
Apr-26,4132,Data Entry Operator,Nagpur,Maharashtra,16
May-2026,4132,Data Entry Operator,Nagpur,Maharashtra,15
Jun-2026,4132,Data Entry Operator,Nagpur,Maharashtra,15
Jul-26,4132,Data Entry Operator,Nagpur,Maharashtra,14
Aug-2026,4132,Data Entry Operator,Nagpur,Maharashtra,14
Sep-2026,4132,Data Entry Operator,Nagpur,Maharashtra,14
Oct-24,2431,Digital Marketing Executive,Nagpur,Maharashtra,4
Nov-2024,2431,Digital Marketing Executive,Nagpur,Maharashtra,4
Dec-2024,2431,Digital Marketing Executive,Nagpur,Maharashtra,4
Jan-25,2431,Digital Marketing Executive,Nagpur,Maharashtra,4
Feb-2025,2431,Digital Marketing Executive,Nagpur,Maharashtra,4
Mar-2025,2431,Digital Marketing Executive,Nagpur,Maharashtra,4
Apr-25,2431,Digital Marketing Executive,Nagpur,Maharashtra,4
May-2025,2431,Digital Marketing Executive,Nagpur,Maharashtra,4
Jun-2025,2431,Digital Marketing Executive,Nagpur,Maharashtra,4
Jul-25,2431,Digital Marketing Executive,Nagpur,Maharashtra,5
Aug-2025,2431,Digital Marketing Executive,Nagpur,Maharashtra,5
Sep-2025,2431,Digital Marketing Executive,Nagpur,Maharashtra,5
Oct-25,2431,Digital Marketing Executive,Nagpur,Maharashtra,5
Nov-2025,2431,Digital Marketing Executive,Nagpur,Maharashtra,5
Dec-2025,2431,Digital Marketing Executive,Nagpur,Maharashtra,5
Jan-26,2431,Digital Marketing Executive,Nagpur,Maharashtra,4
Feb-2026,2431,Digital Marketing Executive,Nagpur,Maharashtra,4
Mar-2026,2431,Digital Marketing Executive,Nagpur,Maharashtra,4
Apr-26,2431,Digital Marketing Executive,Nagpur,Maharashtra,4
May-2026,2431,Digital Marketing Executive,Nagpur,Maharashtra,4
Jun-2026,2431,Digital Marketing Executive,Nagpur,Maharashtra,5
Jul-26,2431,Digital Marketing Executive,Nagpur,Maharashtra,5
Aug-2026,2431,Digital Marketing Executive,Nagpur,Maharashtra,5
Sep-2026,2431,Digital Marketing Executive,Nagpur,Maharashtra,5
Oct-24,5321,Healthcare Assistant,Nagpur,Maharashtra,27
Nov-2024,5321,Healthcare Assistant,Nagpur,Maharashtra,28
Dec-2024,5321,Healthcare Assistant,Nagpur,Maharashtra,29
Jan-25,5321,Healthcare Assistant,Nagpur,Maharashtra,30
Feb-2025,5321,Healthcare Assistant,Nagpur,Maharashtra,30
Mar-2025,5321,Healthcare Assistant,Nagpur,Maharashtra,30
Apr-25,5321,Healthcare Assistant,Nagpur,Maharashtra,29
May-2025,5321,Healthcare Assistant,Nagpur,Maharashtra,29
Jun-2025,5321,Healthcare Assistant,Nagpur,Maharashtra,29
Jul-25,5321,Healthcare Assistant,Nagpur,Maharashtra,29
Aug-2025,5321,Healthcare Assistant,Nagpur,Maharashtra,30
Sep-2025,5321,Healthcare Assistant,Nagpur,Maharashtra,31
Oct-25,5321,Healthcare Assistant,Nagpur,Maharashtra,32
Nov-2025,5321,Healthcare Assistant,Nagpur,Maharashtra,32
Dec-2025,5321,Healthcare Assistant,Nagpur,Maharashtra,33
Jan-26,5321,Healthcare Assistant,Nagpur,Maharashtra,31
Feb-2026,5321,Healthcare Assistant,Nagpur,Maharashtra,31
Mar-2026,5321,Healthcare Assistant,Nagpur,Maharashtra,31
Apr-26,5321,Healthcare Assistant,Nagpur,Maharashtra,30
May-2026,5321,Healthcare Assistant,Nagpur,Maharashtra,30
Jun-2026,5321,Healthcare Assistant,Nagpur,Maharashtra,30
Jul-26,5321,Healthcare Assistant,Nagpur,Maharashtra,30
Aug-2026,5321,Healthcare Assistant,Nagpur,Maharashtra,31
Sep-2026,5321,Healthcare Assistant,Nagpur,Maharashtra,32
Oct-24,3212,Phlebotomy Technician,Nagpur,Maharashtra,9
Nov-2024,3212,Phlebotomy Technician,Nagpur,Maharashtra,9
Dec-2024,3212,Phlebotomy Technician,Nagpur,Maharashtra,9
Jan-25,3212,Phlebotomy Technician,Nagpur,Maharashtra,9
Feb-2025,3212,Phlebotomy Technician,Nagpur,Maharashtra,10
Mar-2025,3212,Phlebotomy Technician,Nagpur,Maharashtra,10
Apr-25,3212,Phlebotomy Technician,Nagpur,Maharashtra,10
May-2025,3212,Phlebotomy Technician,Nagpur,Maharashtra,10
Jun-2025,3212,Phlebotomy Technician,Nagpur,Maharashtra,10
Jul-25,3212,Phlebotomy Technician,Nagpur,Maharashtra,10
Aug-2025,3212,Phlebotomy Technician,Nagpur,Maharashtra,10
Sep-2025,3212,Phlebotomy Technician,Nagpur,Maharashtra,10
Oct-25,3212,Phlebotomy Technician,Nagpur,Maharashtra,10
Nov-2025,3212,Phlebotomy Technician,Nagpur,Maharashtra,10
Dec-2025,3212,Phlebotomy Technician,Nagpur,Maharashtra,10
Jan-26,3212,Phlebotomy Technician,Nagpur,Maharashtra,8
Feb-2026,3212,Phlebotomy Technician,Nagpur,Maharashtra,8
Mar-2026,3212,Phlebotomy Technician,Nagpur,Maharashtra,8
Apr-26,3212,Phlebotomy Technician,Nagpur,Maharashtra,9
May-2026,3212,Phlebotomy Technician,Nagpur,Maharashtra,9
Jun-2026,3212,Phlebotomy Technician,Nagpur,Maharashtra,9
Jul-26,3212,Phlebotomy Technician,Nagpur,Maharashtra,9
Aug-2026,3212,Phlebotomy Technician,Nagpur,Maharashtra,9
Sep-2026,3212,Phlebotomy Technician,Nagpur,Maharashtra,8
Oct-24,7223,CNC Operator,Nagpur,Maharashtra,14
Nov-2024,7223,CNC Operator,Nagpur,Maharashtra,14
Dec-2024,7223,CNC Operator,Nagpur,Maharashtra,14
Jan-25,7223,CNC Operator,Nagpur,Maharashtra,16
Feb-2025,7223,CNC Operator,Nagpur,Maharashtra,16
Mar-2025,7223,CNC Operator,Nagpur,Maharashtra,17
Apr-25,7223,CNC Operator,Nagpur,Maharashtra,17
May-2025,7223,CNC Operator,Nagpur,Maharashtra,18
Jun-2025,7223,CNC Operator,Nagpur,Maharashtra,18
Jul-25,7223,CNC Operator,Nagpur,Maharashtra,18
Aug-2025,7223,CNC Operator,Nagpur,Maharashtra,18
Sep-2025,7223,CNC Operator,Nagpur,Maharashtra,18
Oct-25,7223,CNC Operator,Nagpur,Maharashtra,15
Nov-2025,7223,CNC Operator,Nagpur,Maharashtra,15
Dec-2025,7223,CNC Operator,Nagpur,Maharashtra,15
Jan-26,7223,CNC Operator,Nagpur,Maharashtra,18
Feb-2026,7223,CNC Operator,Nagpur,Maharashtra,18
Mar-2026,7223,CNC Operator,Nagpur,Maharashtra,18
Apr-26,7223,CNC Operator,Nagpur,Maharashtra,19
May-2026,7223,CNC Operator,Nagpur,Maharashtra,19
Jun-2026,7223,CNC Operator,Nagpur,Maharashtra,20
Jul-26,7223,CNC Operator,Nagpur,Maharashtra,20
Aug-2026,7223,CNC Operator,Nagpur,Maharashtra,20
Sep-2026,7223,CNC Operator,Nagpur,Maharashtra,19
Oct-24,7212,Welder,Nagpur,Maharashtra,16
Nov-2024,7212,Welder,Nagpur,Maharashtra,16
Dec-2024,7212,Welder,Nagpur,Maharashtra,17
Jan-25,7212,Welder,Nagpur,Maharashtra,18
Feb-2025,7212,Welder,Nagpur,Maharashtra,18
Mar-2025,7212,Welder,Nagpur,Maharashtra,18
Apr-25,7212,Welder,Nagpur,Maharashtra,18
May-2025,7212,Welder,Nagpur,Maharashtra,18
Jun-2025,7212,Welder,Nagpur,Maharashtra,18
Jul-25,7212,Welder,Nagpur,Maharashtra,18
Aug-2025,7212,Welder,Nagpur,Maharashtra,18
Sep-2025,7212,Welder,Nagpur,Maharashtra,18
Oct-25,7212,Welder,Nagpur,Maharashtra,17
Nov-2025,7212,Welder,Nagpur,Maharashtra,17
Dec-2025,7212,Welder,Nagpur,Maharashtra,17
Jan-26,7212,Welder,Nagpur,Maharashtra,16
Feb-2026,7212,Welder,Nagpur,Maharashtra,16
Mar-2026,7212,Welder,Nagpur,Maharashtra,16
Apr-26,7212,Welder,Nagpur,Maharashtra,15
May-2026,7212,Welder,Nagpur,Maharashtra,15
Jun-2026,7212,Welder,Nagpur,Maharashtra,15
Jul-26,7212,Welder,Nagpur,Maharashtra,15
Aug-2026,7212,Welder,Nagpur,Maharashtra,15
Sep-2026,7212,Welder,Nagpur,Maharashtra,16
Oct-24,4321,Warehouse Associate,Nagpur,Maharashtra,49
Nov-2024,4321,Warehouse Associate,Nagpur,Maharashtra,49
Dec-2024,4321,Warehouse Associate,Nagpur,Maharashtra,49
Jan-25,4321,Warehouse Associate,Nagpur,Maharashtra,48
Feb-2025,4321,Warehouse Associate,Nagpur,Maharashtra,47
Mar-2025,4321,Warehouse Associate,Nagpur,Maharashtra,47
Apr-25,4321,Warehouse Associate,Nagpur,Maharashtra,48
May-2025,4321,Warehouse Associate,Nagpur,Maharashtra,48
Jun-2025,4321,Warehouse Associate,Nagpur,Maharashtra,50
Jul-25,4321,Warehouse Associate,Nagpur,Maharashtra,51
Aug-2025,4321,Warehouse Associate,Nagpur,Maharashtra,53
Sep-2025,4321,Warehouse Associate,Nagpur,Maharashtra,55
Oct-25,4321,Warehouse Associate,Nagpur,Maharashtra,56
Nov-2025,4321,Warehouse Associate,Nagpur,Maharashtra,56
Dec-2025,4321,Warehouse Associate,Nagpur,Maharashtra,56
Jan-26,4321,Warehouse Associate,Nagpur,Maharashtra,57
Feb-2026,4321,Warehouse Associate,Nagpur,Maharashtra,57
Mar-2026,4321,Warehouse Associate,Nagpur,Maharashtra,57
Apr-26,4321,Warehouse Associate,Nagpur,Maharashtra,57
May-2026,4321,Warehouse Associate,Nagpur,Maharashtra,58
Jun-2026,4321,Warehouse Associate,Nagpur,Maharashtra,60
Jul-26,4321,Warehouse Associate,Nagpur,Maharashtra,62
Aug-2026,4321,Warehouse Associate,Nagpur,Maharashtra,64
Sep-2026,4321,Warehouse Associate,Nagpur,Maharashtra,66
Oct-24,4323,Logistics Coordinator,Nagpur,Maharashtra,13
Nov-2024,4323,Logistics Coordinator,Nagpur,Maharashtra,13
Dec-2024,4323,Logistics Coordinator,Nagpur,Maharashtra,14
Jan-25,4323,Logistics Coordinator,Nagpur,Maharashtra,14
Feb-2025,4323,Logistics Coordinator,Nagpur,Maharashtra,14
Mar-2025,4323,Logistics Coordinator,Nagpur,Maharashtra,14
Apr-25,4323,Logistics Coordinator,Nagpur,Maharashtra,15
May-2025,4323,Logistics Coordinator,Nagpur,Maharashtra,15
Jun-2025,4323,Logistics Coordinator,Nagpur,Maharashtra,14
Jul-25,4323,Logistics Coordinator,Nagpur,Maharashtra,14
Aug-2025,4323,Logistics Coordinator,Nagpur,Maharashtra,14
Sep-2025,4323,Logistics Coordinator,Nagpur,Maharashtra,14
Oct-25,4323,Logistics Coordinator,Nagpur,Maharashtra,14
Nov-2025,4323,Logistics Coordinator,Nagpur,Maharashtra,15
Dec-2025,4323,Logistics Coordinator,Nagpur,Maharashtra,15
Jan-26,4323,Logistics Coordinator,Nagpur,Maharashtra,17
Feb-2026,4323,Logistics Coordinator,Nagpur,Maharashtra,17
Mar-2026,4323,Logistics Coordinator,Nagpur,Maharashtra,17
Apr-26,4323,Logistics Coordinator,Nagpur,Maharashtra,17
May-2026,4323,Logistics Coordinator,Nagpur,Maharashtra,17
Jun-2026,4323,Logistics Coordinator,Nagpur,Maharashtra,17
Jul-26,4323,Logistics Coordinator,Nagpur,Maharashtra,17
Aug-2026,4323,Logistics Coordinator,Nagpur,Maharashtra,17
Sep-2026,4323,Logistics Coordinator,Nagpur,Maharashtra,17
Oct-24,7411,Electrician,Nagpur,Maharashtra,33
Nov-2024,7411,Electrician,Nagpur,Maharashtra,34
Dec-2024,7411,Electrician,Nagpur,Maharashtra,35
Jan-25,7411,Electrician,Nagpur,Maharashtra,34
Feb-2025,7411,Electrician,Nagpur,Maharashtra,34
Mar-2025,7411,Electrician,Nagpur,Maharashtra,34
Apr-25,7411,Electrician,Nagpur,Maharashtra,33
May-2025,7411,Electrician,Nagpur,Maharashtra,32
Jun-2025,7411,Electrician,Nagpur,Maharashtra,32
Jul-25,7411,Electrician,Nagpur,Maharashtra,32
Aug-2025,7411,Electrician,Nagpur,Maharashtra,33
Sep-2025,7411,Electrician,Nagpur,Maharashtra,34
Oct-25,7411,Electrician,Nagpur,Maharashtra,38
Nov-2025,7411,Electrician,Nagpur,Maharashtra,39
Dec-2025,7411,Electrician,Nagpur,Maharashtra,40
Jan-26,7411,Electrician,Nagpur,Maharashtra,39
Feb-2026,7411,Electrician,Nagpur,Maharashtra,39
Mar-2026,7411,Electrician,Nagpur,Maharashtra,39
Apr-26,7411,Electrician,Nagpur,Maharashtra,39
May-2026,7411,Electrician,Nagpur,Maharashtra,38
Jun-2026,7411,Electrician,Nagpur,Maharashtra,38
Jul-26,7411,Electrician,Nagpur,Maharashtra,38
Aug-2026,7411,Electrician,Nagpur,Maharashtra,38
Sep-2026,7411,Electrician,Nagpur,Maharashtra,39
Oct-24,7112,Mason,Nagpur,Maharashtra,28
Nov-2024,7112,Mason,Nagpur,Maharashtra,29
Dec-2024,7112,Mason,Nagpur,Maharashtra,29
Jan-25,7112,Mason,Nagpur,Maharashtra,31
Feb-2025,7112,Mason,Nagpur,Maharashtra,31
Mar-2025,7112,Mason,Nagpur,Maharashtra,31
Apr-25,7112,Mason,Nagpur,Maharashtra,30
May-2025,7112,Mason,Nagpur,Maharashtra,30
Jun-2025,7112,Mason,Nagpur,Maharashtra,29
Jul-25,7112,Mason,Nagpur,Maharashtra,29
Aug-2025,7112,Mason,Nagpur,Maharashtra,29
Sep-2025,7112,Mason,Nagpur,Maharashtra,29
Oct-25,7112,Mason,Nagpur,Maharashtra,30
Nov-2025,7112,Mason,Nagpur,Maharashtra,30
Dec-2025,7112,Mason,Nagpur,Maharashtra,31
Jan-26,7112,Mason,Nagpur,Maharashtra,27
Feb-2026,7112,Mason,Nagpur,Maharashtra,27
Mar-2026,7112,Mason,Nagpur,Maharashtra,27
Apr-26,7112,Mason,Nagpur,Maharashtra,27
May-2026,7112,Mason,Nagpur,Maharashtra,27
Jun-2026,7112,Mason,Nagpur,Maharashtra,26
Jul-26,7112,Mason,Nagpur,Maharashtra,26
Aug-2026,7112,Mason,Nagpur,Maharashtra,25
Sep-2026,7112,Mason,Nagpur,Maharashtra,25
Oct-24,5223,Retail Sales Associate,Nagpur,Maharashtra,47
Nov-2024,5223,Retail Sales Associate,Nagpur,Maharashtra,46
Dec-2024,5223,Retail Sales Associate,Nagpur,Maharashtra,46
Jan-25,5223,Retail Sales Associate,Nagpur,Maharashtra,45
Feb-2025,5223,Retail Sales Associate,Nagpur,Maharashtra,46
Mar-2025,5223,Retail Sales Associate,Nagpur,Maharashtra,46
Apr-25,5223,Retail Sales Associate,Nagpur,Maharashtra,47
May-2025,5223,Retail Sales Associate,Nagpur,Maharashtra,46
Jun-2025,5223,Retail Sales Associate,Nagpur,Maharashtra,46
Jul-25,5223,Retail Sales Associate,Nagpur,Maharashtra,45
Aug-2025,5223,Retail Sales Associate,Nagpur,Maharashtra,44
Sep-2025,5223,Retail Sales Associate,Nagpur,Maharashtra,42
Oct-25,5223,Retail Sales Associate,Nagpur,Maharashtra,41
Nov-2025,5223,Retail Sales Associate,Nagpur,Maharashtra,41
Dec-2025,5223,Retail Sales Associate,Nagpur,Maharashtra,41
Jan-26,5223,Retail Sales Associate,Nagpur,Maharashtra,44
Feb-2026,5223,Retail Sales Associate,Nagpur,Maharashtra,44
Mar-2026,5223,Retail Sales Associate,Nagpur,Maharashtra,45
Apr-26,5223,Retail Sales Associate,Nagpur,Maharashtra,45
May-2026,5223,Retail Sales Associate,Nagpur,Maharashtra,45
Jun-2026,5223,Retail Sales Associate,Nagpur,Maharashtra,44
Jul-26,5223,Retail Sales Associate,Nagpur,Maharashtra,43
Aug-2026,5223,Retail Sales Associate,Nagpur,Maharashtra,42
Sep-2026,5223,Retail Sales Associate,Nagpur,Maharashtra,41
Oct-24,7412,Solar Technician,Nagpur,Maharashtra,15
Nov-2024,7412,Solar Technician,Nagpur,Maharashtra,16
Dec-2024,7412,Solar Technician,Nagpur,Maharashtra,16
Jan-25,7412,Solar Technician,Nagpur,Maharashtra,15
Feb-2025,7412,Solar Technician,Nagpur,Maharashtra,15
Mar-2025,7412,Solar Technician,Nagpur,Maharashtra,15
Apr-25,7412,Solar Technician,Nagpur,Maharashtra,15
May-2025,7412,Solar Technician,Nagpur,Maharashtra,15
Jun-2025,7412,Solar Technician,Nagpur,Maharashtra,15
Jul-25,7412,Solar Technician,Nagpur,Maharashtra,15
Aug-2025,7412,Solar Technician,Nagpur,Maharashtra,16
Sep-2025,7412,Solar Technician,Nagpur,Maharashtra,16
Oct-25,7412,Solar Technician,Nagpur,Maharashtra,18
Nov-2025,7412,Solar Technician,Nagpur,Maharashtra,18
Dec-2025,7412,Solar Technician,Nagpur,Maharashtra,18
Jan-26,7412,Solar Technician,Nagpur,Maharashtra,17
Feb-2026,7412,Solar Technician,Nagpur,Maharashtra,17
Mar-2026,7412,Solar Technician,Nagpur,Maharashtra,17
Apr-26,7412,Solar Technician,Nagpur,Maharashtra,17
May-2026,7412,Solar Technician,Nagpur,Maharashtra,17
Jun-2026,7412,Solar Technician,Nagpur,Maharashtra,18
Jul-26,7412,Solar Technician,Nagpur,Maharashtra,18
Aug-2026,7412,Solar Technician,Nagpur,Maharashtra,19
Sep-2026,7412,Solar Technician,Nagpur,Maharashtra,19
Jun-2026,7233,Wind Turbine Technician,Nagpur,Maharashtra,5
Jul-26,7233,Wind Turbine Technician,Nagpur,Maharashtra,6
Aug-2026,7233,Wind Turbine Technician,Nagpur,Maharashtra,6
Sep-2026,7233,Wind Turbine Technician,Nagpur,Maharashtra,6
Sep-2026,9999,Occupation not classified,Pune,Maharashtra,30
