posting_date,job_title,city,industry,openings
2024-10-15,Software Developer,"Hyderabad, Telangana",IT & Digital,242
2024-10-15,Senior Software Engineer,"Hyderabad, Telangana",IT/ITES,162
2024-10-15,Full Stack Developer,"Hyderabad, Telangana",Information Technology,81
2024-10-15,Java Developer,"Hyderabad, Telangana",IT & Digital,54
2024-11-15,Software Developer,Hyd,IT/ITES,251
2024-11-15,Software Engineer,Secunderabad,Information Technology,167
2024-11-15,Full Stack Developer,Hyderabad,IT & Digital,83
2024-11-15,Java Developer,Hyd,IT/ITES,56
2024-12-15,Software Developer,Secunderabad,Information Technology,258
2024-12-15,Senior Software Engineer,Hyderabad,IT & Digital,172
2024-12-15,Full Stack Developer,Hyd,IT/ITES,86
2024-12-15,Java Developer,Secunderabad,Information Technology,57
2025-01-15,Software Developer,Hyderabad,IT & Digital,258
2025-01-15,Software Engineer,Hyd,IT/ITES,172
2025-01-15,Full Stack Developer,Secunderabad,Information Technology,86
2025-01-15,Java Developer,Hyderabad,IT & Digital,58
2025-02-15,Software Developer,Hyd,IT/ITES,260
2025-02-15,Senior Software Engineer,Secunderabad,Information Technology,174
2025-02-15,Full Stack Developer,Hyderabad,IT & Digital,87
2025-02-15,Java Developer,Hyd,IT/ITES,58
2025-03-15,Software Developer,Secunderabad,Information Technology,260
2025-03-15,Software Engineer,Hyderabad,IT & Digital,173
2025-03-15,Full Stack Developer,Hyd,IT/ITES,87
2025-03-15,Java Developer,Secunderabad,Information Technology,58
2025-04-15,Software Developer,Hyderabad,IT & Digital,258
2025-04-15,Senior Software Engineer,Hyd,IT/ITES,172
2025-04-15,Full Stack Developer,Secunderabad,Information Technology,86
2025-04-15,Java Developer,Hyderabad,IT & Digital,58
2025-05-15,Software Developer,Hyd,IT/ITES,256
2025-05-15,Software Engineer,Secunderabad,Information Technology,171
2025-05-15,Full Stack Developer,Hyderabad,IT & Digital,85
2025-05-15,Java Developer,Hyd,IT/ITES,57
2025-06-15,Software Developer,Secunderabad,Information Technology,256
2025-06-15,Senior Software Engineer,Hyderabad,IT & Digital,171
2025-06-15,Full Stack Developer,Hyd,IT/ITES,85
2025-06-15,Java Developer,Secunderabad,Information Technology,57
2025-07-15,Software Developer,Hyderabad,IT & Digital,259
2025-07-15,Software Engineer,"Hyderabad, Telangana",IT/ITES,173
2025-07-15,Full Stack Developer,"Hyderabad, Telangana",Information Technology,86
2025-07-15,Java Developer,"Hyderabad, Telangana",IT & Digital,57
2025-08-15,Software Developer,Hyd,IT/ITES,265
2025-08-15,Senior Software Engineer,Secunderabad,Information Technology,177
2025-08-15,Full Stack Developer,Hyderabad,IT & Digital,88
2025-08-15,Java Developer,Hyd,IT/ITES,59
2025-09-15,Software Developer,"Hyderabad, Telangana",Information Technology,272
2025-09-15,Software Engineer,"Hyderabad, Telangana",IT & Digital,182
2025-09-15,Full Stack Developer,"Hyderabad, Telangana",IT/ITES,91
2025-09-15,Java Developer,"Hyderabad, Telangana",Information Technology,60
2025-10-15,Software Developer,Hyderabad,IT & Digital,280
2025-10-15,Senior Software Engineer,Hyd,IT/ITES,187
2025-10-15,Full Stack Developer,Secunderabad,Information Technology,94
2025-10-15,Java Developer,Hyderabad,IT & Digital,62
2025-11-15,Software Developer,Hyd,IT/ITES,290
2025-11-15,Software Engineer,Secunderabad,Information Technology,193
2025-11-15,Full Stack Developer,Hyderabad,IT & Digital,97
2025-11-15,Java Developer,Hyd,IT/ITES,64
2025-12-15,Software Developer,Secunderabad,Information Technology,298
2025-12-15,Senior Software Engineer,Hyderabad,IT & Digital,198
2025-12-15,Full Stack Developer,Hyd,IT/ITES,99
2025-12-15,Java Developer,Secunderabad,Information Technology,66
2026-01-15,Software Developer,Hyderabad,IT & Digital,305
2026-01-15,Software Engineer,Hyd,IT/ITES,203
2026-01-15,Full Stack Developer,Secunderabad,Information Technology,101
2026-01-15,Java Developer,"Hyderabad, Telangana",IT & Digital,68
2026-02-15,Software Developer,Hyd,IT/ITES,307
2026-02-15,Senior Software Engineer,Secunderabad,Information Technology,205
2026-02-15,Full Stack Developer,Hyderabad,IT & Digital,103
2026-02-15,Java Developer,Hyd,IT/ITES,68
2026-03-15,Software Developer,Secunderabad,Information Technology,307
2026-03-15,Software Engineer,Hyderabad,IT & Digital,205
2026-03-15,Full Stack Developer,Hyd,IT/ITES,102
2026-03-15,Java Developer,Secunderabad,Information Technology,68
2026-04-15,Software Developer,"Hyderabad, Telangana",IT & Digital,304
2026-04-15,Senior Software Engineer,"Hyderabad, Telangana",IT/ITES,203
2026-04-15,Full Stack Developer,"Hyderabad, Telangana",Information Technology,101
2026-04-15,Java Developer,"Hyderabad, Telangana",IT & Digital,68
2026-05-15,Software Developer,"Hyderabad, Telangana",IT/ITES,302
2026-05-15,Software Engineer,"Hyderabad, Telangana",Information Technology,201
2026-05-15,Full Stack Developer,"Hyderabad, Telangana",IT & Digital,101
2026-05-15,Java Developer,"Hyderabad, Telangana",IT/ITES,67
2026-06-15,Software Developer,Secunderabad,Information Technology,302
2026-06-15,Senior Software Engineer,Hyderabad,IT & Digital,201
2026-06-15,Full Stack Developer,Hyd,IT/ITES,101
2026-06-15,Java Developer,Secunderabad,Information Technology,67
2026-07-15,Software Developer,Hyderabad,IT & Digital,305
2026-07-15,Software Engineer,Hyd,IT/ITES,203
2026-07-15,Full Stack Developer,Secunderabad,Information Technology,102
2026-07-15,Java Developer,Hyderabad,IT & Digital,68
2026-08-15,Software Developer,Hyd,IT/ITES,312
2026-08-15,Senior Software Engineer,Secunderabad,Information Technology,208
2026-08-15,Full Stack Developer,Hyderabad,IT & Digital,104
2026-08-15,Java Developer,Hyd,IT/ITES,69
2026-09-15,Software Developer,"Hyderabad, Telangana",Information Technology,322
2026-09-15,Software Engineer,"Hyderabad, Telangana",IT & Digital,215
2026-09-15,Full Stack Developer,"Hyderabad, Telangana",IT/ITES,107
2026-09-15,Java Developer,"Hyderabad, Telangana",Information Technology,71
2024-10-15,Data Entry Operator,Hyderabad,IT & Digital,95
2024-10-15,Senior Back Office Executive,Hyd,IT/ITES,63
2024-10-15,Computer Operator,Secunderabad,Information Technology,32
2024-10-15,Data Entry Opertor,Hyderabad,IT & Digital,21
2024-11-15,Data Entry Operator,Hyd,IT/ITES,94
2024-11-15,Back Office Executive,Secunderabad,Information Technology,62
2024-11-15,Computer Operator,Hyderabad,IT & Digital,31
2024-11-15,Data Entry Opertor,Hyd,IT/ITES,21
2024-12-15,Data Entry Operator,Secunderabad,Information Technology,91
2024-12-15,Senior Back Office Executive,Hyderabad,IT & Digital,61
2024-12-15,Computer Operator,Hyd,IT/ITES,31
2024-12-15,Data Entry Opertor,Secunderabad,Information Technology,20
2025-01-15,Data Entry Operator,Hyderabad,IT & Digital,91
2025-01-15,Back Office Executive,Hyd,IT/ITES,60
2025-01-15,Computer Operator,Secunderabad,Information Technology,30
2025-01-15,Data Entry Opertor,Hyderabad,IT & Digital,20
2025-02-15,Data Entry Operator,Hyd,IT/ITES,88
2025-02-15,Senior Back Office Executive,Secunderabad,Information Technology,59
2025-02-15,Computer Operator,Hyderabad,IT & Digital,29
2025-02-15,Data Entry Opertor,Hyd,IT/ITES,19
2025-03-15,Data Entry Operator,Secunderabad,Information Technology,85
2025-03-15,Back Office Executive,Hyderabad,IT & Digital,56
2025-03-15,Computer Operator,"Hyderabad, Telangana",IT/ITES,28
2025-03-15,Data Entry Opertor,"Hyderabad, Telangana",Information Technology,19
2025-04-15,Data Entry Operator,Hyderabad,IT & Digital,83
2025-04-15,Senior Back Office Executive,Hyd,IT/ITES,55
2025-04-15,Computer Operator,Secunderabad,Information Technology,28
2025-04-15,Data Entry Opertor,Hyderabad,IT & Digital,18
2025-05-15,Data Entry Operator,Hyd,IT/ITES,82
2025-05-15,Back Office Executive,Secunderabad,Information Technology,55
2025-05-15,Computer Operator,Hyderabad,IT & Digital,27
2025-05-15,Data Entry Opertor,Hyd,IT/ITES,18
2025-06-15,Data Entry Operator,Secunderabad,Information Technology,82
2025-06-15,Senior Back Office Executive,Hyderabad,IT & Digital,55
2025-06-15,Computer Operator,Hyd,IT/ITES,27
2025-06-15,Data Entry Opertor,Secunderabad,Information Technology,18
2025-07-15,Data Entry Operator,Hyderabad,IT & Digital,82
2025-07-15,Back Office Executive,Hyd,IT/ITES,55
2025-07-15,Computer Operator,Secunderabad,Information Technology,28
2025-07-15,Data Entry Opertor,Hyderabad,IT & Digital,18
2025-08-15,Data Entry Operator,Hyd,IT/ITES,82
2025-08-15,Senior Back Office Executive,Secunderabad,Information Technology,55
2025-08-15,Computer Operator,Hyderabad,IT & Digital,28
2025-08-15,Data Entry Opertor,Hyd,IT/ITES,18
2025-09-15,Data Entry Operator,Secunderabad,Information Technology,82
2025-09-15,Back Office Executive,Hyderabad,IT & Digital,55
2025-09-15,Computer Operator,Hyd,IT/ITES,28
2025-09-15,Data Entry Opertor,Secunderabad,Information Technology,18
2025-10-15,Data Entry Operator,Hyderabad,IT & Digital,82
2025-10-15,Senior Back Office Executive,Hyd,IT/ITES,55
2025-10-15,Computer Operator,Secunderabad,Information Technology,28
2025-10-15,Data Entry Opertor,Hyderabad,IT & Digital,18
2025-11-15,Data Entry Operator,Hyd,IT/ITES,81
2025-11-15,Back Office Executive,Secunderabad,Information Technology,54
2025-11-15,Computer Operator,Hyderabad,IT & Digital,27
2025-11-15,Data Entry Opertor,Hyd,IT/ITES,18
2025-12-15,Data Entry Operator,"Hyderabad, Telangana",Information Technology,79
2025-12-15,Senior Back Office Executive,"Hyderabad, Telangana",IT & Digital,53
2025-12-15,Computer Operator,"Hyderabad, Telangana",IT/ITES,26
2025-12-15,Data Entry Opertor,"Hyderabad, Telangana",Information Technology,18
2026-01-15,Data Entry Operator,"Hyderabad, Telangana",IT & Digital,78
2026-01-15,Back Office Executive,"Hyderabad, Telangana",IT/ITES,52
2026-01-15,Computer Operator,"Hyderabad, Telangana",Information Technology,26
2026-01-15,Data Entry Opertor,"Hyderabad, Telangana",IT & Digital,18
2026-02-15,Data Entry Operator,Hyd,IT/ITES,76
2026-02-15,Senior Back Office Executive,Secunderabad,Information Technology,50
2026-02-15,Computer Operator,Hyderabad,IT & Digital,25
2026-02-15,Data Entry Opertor,Hyd,IT/ITES,17
2026-03-15,Data Entry Operator,Secunderabad,Information Technology,73
2026-03-15,Back Office Executive,Hyderabad,IT & Digital,49
2026-03-15,Computer Operator,Hyd,IT/ITES,25
2026-03-15,Data Entry Opertor,Secunderabad,Information Technology,16
2026-04-15,Data Entry Operator,Hyderabad,IT & Digital,72
2026-04-15,Senior Back Office Executive,Hyd,IT/ITES,48
2026-04-15,Computer Operator,Secunderabad,Information Technology,24
2026-04-15,Data Entry Opertor,Hyderabad,IT & Digital,16
2026-05-15,Data Entry Operator,Hyd,IT/ITES,71
2026-05-15,Back Office Executive,Secunderabad,Information Technology,47
2026-05-15,Computer Operator,Hyderabad,IT & Digital,23
2026-05-15,Data Entry Opertor,Hyd,IT/ITES,16
2026-06-15,Data Entry Operator,Secunderabad,Information Technology,71
2026-06-15,Senior Back Office Executive,Hyderabad,IT & Digital,47
2026-06-15,Computer Operator,Hyd,IT/ITES,23
2026-06-15,Data Entry Opertor,Secunderabad,Information Technology,16
2026-07-15,Data Entry Operator,Hyderabad,IT & Digital,71
2026-07-15,Back Office Executive,Hyd,IT/ITES,47
2026-07-15,Computer Operator,Secunderabad,Information Technology,24
2026-07-15,Data Entry Opertor,Hyderabad,IT & Digital,16
2026-08-15,Data Entry Operator,Hyd,IT/ITES,71
2026-08-15,Senior Back Office Executive,Secunderabad,Information Technology,47
2026-08-15,Computer Operator,Hyderabad,IT & Digital,24
2026-08-15,Data Entry Opertor,Hyd,IT/ITES,16
2026-09-15,Data Entry Operator,Secunderabad,Information Technology,71
2026-09-15,Back Office Executive,Hyderabad,IT & Digital,48
2026-09-15,Computer Operator,Hyd,IT/ITES,24
2026-09-15,Data Entry Opertor,Secunderabad,Information Technology,16
2024-10-15,Digital Marketing Executive,Hyderabad,IT & Digital,53
2024-10-15,Senior SEO Executive,Hyd,IT/ITES,36
2024-10-15,Social Media Executive,Secunderabad,Information Technology,18
2024-10-15,Performance Marketing Associate,Hyderabad,IT & Digital,12
2024-11-15,Digital Marketing Executive,Hyd,IT/ITES,53
2024-11-15,SEO Executive,Secunderabad,Information Technology,36
2024-11-15,Social Media Executive,Hyderabad,IT & Digital,18
2024-11-15,Performance Marketing Associate,Hyd,IT/ITES,12
2024-12-15,Digital Marketing Executive,Secunderabad,Information Technology,53
2024-12-15,Senior SEO Executive,Hyderabad,IT & Digital,35
2024-12-15,Social Media Executive,Hyd,IT/ITES,18
2024-12-15,Performance Marketing Associate,Secunderabad,Information Technology,12
2025-01-15,Digital Marketing Executive,Hyderabad,IT & Digital,49
2025-01-15,SEO Executive,Hyd,IT/ITES,32
2025-01-15,Social Media Executive,Secunderabad,Information Technology,16
2025-01-15,Performance Marketing Associate,Hyderabad,IT & Digital,11
2025-02-15,Digital Marketing Executive,Hyd,IT/ITES,48
2025-02-15,Senior SEO Executive,Secunderabad,Information Technology,32
2025-02-15,Social Media Executive,Hyderabad,IT & Digital,16
2025-02-15,Performance Marketing Associate,Hyd,IT/ITES,11
2025-03-15,Digital Marketing Executive,Secunderabad,Information Technology,48
2025-03-15,SEO Executive,Hyderabad,IT & Digital,32
2025-03-15,Social Media Executive,Hyd,IT/ITES,16
2025-03-15,Performance Marketing Associate,Secunderabad,Information Technology,11
2025-04-15,Digital Marketing Executive,Hyderabad,IT & Digital,49
2025-04-15,Senior SEO Executive,Hyd,IT/ITES,32
2025-04-15,Social Media Executive,Secunderabad,Information Technology,16
2025-04-15,Performance Marketing Associate,Hyderabad,IT & Digital,11
2025-05-15,Digital Marketing Executive,"Hyderabad, Telangana",IT/ITES,50
2025-05-15,SEO Executive,"Hyderabad, Telangana",Information Technology,33
2025-05-15,Social Media Executive,"Hyderabad, Telangana",IT & Digital,16
2025-05-15,Performance Marketing Associate,"Hyderabad, Telangana",IT/ITES,11
2025-06-15,Digital Marketing Executive,Secunderabad,Information Technology,51
2025-06-15,Senior SEO Executive,Hyderabad,IT & Digital,34
2025-06-15,Social Media Executive,Hyd,IT/ITES,17
2025-06-15,Performance Marketing Associate,Secunderabad,Information Technology,12
2025-07-15,Digital Marketing Executive,Hyderabad,IT & Digital,53
2025-07-15,SEO Executive,Hyd,IT/ITES,35
2025-07-15,Social Media Executive,Secunderabad,Information Technology,17
2025-07-15,Performance Marketing Associate,Hyderabad,IT & Digital,12
2025-08-15,Digital Marketing Executive,Hyd,IT/ITES,55
2025-08-15,Senior SEO Executive,Secunderabad,Information Technology,37
2025-08-15,Social Media Executive,Hyderabad,IT & Digital,18
2025-08-15,Performance Marketing Associate,Hyd,IT/ITES,12
2025-09-15,Digital Marketing Executive,Secunderabad,Information Technology,56
2025-09-15,SEO Executive,Hyderabad,IT & Digital,37
2025-09-15,Social Media Executive,Hyd,IT/ITES,19
2025-09-15,Performance Marketing Associate,Secunderabad,Information Technology,12
2025-10-15,Digital Marketing Executive,Hyderabad,IT & Digital,56
2025-10-15,Senior SEO Executive,Hyd,IT/ITES,37
2025-10-15,Social Media Executive,Secunderabad,Information Technology,19
2025-10-15,Performance Marketing Associate,Hyderabad,IT & Digital,12
2025-11-15,Digital Marketing Executive,Hyd,IT/ITES,56
2025-11-15,SEO Executive,Secunderabad,Information Technology,38
2025-11-15,Social Media Executive,Hyderabad,IT & Digital,19
2025-11-15,Performance Marketing Associate,Hyd,IT/ITES,12
2025-12-15,Digital Marketing Executive,"Hyderabad, Telangana",Information Technology,56
2025-12-15,Senior SEO Executive,"Hyderabad, Telangana",IT & Digital,37
2025-12-15,Social Media Executive,"Hyderabad, Telangana",IT/ITES,19
2025-12-15,Performance Marketing Associate,"Hyderabad, Telangana",Information Technology,12
2026-01-15,Digital Marketing Executive,Hyderabad,IT & Digital,57
2026-01-15,SEO Executive,Hyd,IT/ITES,38
2026-01-15,Social Media Executive,Secunderabad,Information Technology,19
2026-01-15,Performance Marketing Associate,Hyderabad,IT & Digital,13
2026-02-15,Digital Marketing Executive,Hyd,IT/ITES,57
2026-02-15,Senior SEO Executive,Secunderabad,Information Technology,38
2026-02-15,Social Media Executive,Hyderabad,IT & Digital,19
2026-02-15,Performance Marketing Associate,Hyd,IT/ITES,12
2026-03-15,Digital Marketing Executive,Secunderabad,Information Technology,57
2026-03-15,SEO Executive,Hyderabad,IT & Digital,38
2026-03-15,Social Media Executive,Hyd,IT/ITES,19
2026-03-15,Performance Marketing Associate,Secunderabad,Information Technology,12
2026-04-15,Digital Marketing Executive,Hyderabad,IT & Digital,57
2026-04-15,Senior SEO Executive,Hyd,IT/ITES,38
2026-04-15,Social Media Executive,Secunderabad,Information Technology,19
2026-04-15,Performance Marketing Associate,Hyderabad,IT & Digital,13
2026-05-15,Digital Marketing Executive,Hyd,IT/ITES,58
2026-05-15,SEO Executive,Secunderabad,Information Technology,39
2026-05-15,Social Media Executive,Hyderabad,IT & Digital,19
2026-05-15,Performance Marketing Associate,Hyd,IT/ITES,13
2026-06-15,Digital Marketing Executive,Secunderabad,Information Technology,60
2026-06-15,Senior SEO Executive,Hyderabad,IT & Digital,40
2026-06-15,Social Media Executive,Hyd,IT/ITES,20
2026-06-15,Performance Marketing Associate,Secunderabad,Information Technology,13
2026-07-15,Digital Marketing Executive,Hyderabad,IT & Digital,62
2026-07-15,SEO Executive,Hyd,IT/ITES,41
2026-07-15,Social Media Executive,Secunderabad,Information Technology,21
2026-07-15,Performance Marketing Associate,Hyderabad,IT & Digital,14
2026-08-15,Digital Marketing Executive,Hyd,IT/ITES,64
2026-08-15,Senior SEO Executive,Secunderabad,Information Technology,42
2026-08-15,Social Media Executive,Hyderabad,IT & Digital,21
2026-08-15,Performance Marketing Associate,Hyd,IT/ITES,14
2026-09-15,Digital Marketing Executive,Secunderabad,Information Technology,65
2026-09-15,SEO Executive,Hyderabad,IT & Digital,43
2026-09-15,Social Media Executive,Hyd,IT/ITES,22
2026-09-15,Performance Marketing Associate,Secunderabad,Information Technology,14
2024-10-15,General Duty Assistant,"Hyderabad, Telangana",Healthcare,62
2024-10-15,Senior Patient Care Assistant,"Hyderabad, Telangana",Hospitals,42
2024-10-15,Nursing Assistant,"Hyderabad, Telangana",Healthcare,21
2024-10-15,Hospital Attendant,Hyderabad,Hospitals,14
2024-11-15,General Duty Assistant,"Hyderabad, Telangana",Hospitals,62
2024-11-15,Patient Care Assistant,"Hyderabad, Telangana",Healthcare,41
2024-11-15,Nursing Assistant,"Hyderabad, Telangana",Hospitals,21
2024-11-15,Hospital Attendant,"Hyderabad, Telangana",Healthcare,14
2024-12-15,General Duty Assistant,Secunderabad,Healthcare,61
2024-12-15,Senior Patient Care Assistant,Hyderabad,Hospitals,41
2024-12-15,Nursing Assistant,Hyd,Healthcare,20
2024-12-15,Hospital Attendant,Secunderabad,Hospitals,14
2025-01-15,General Duty Assistant,Hyderabad,Hospitals,56
2025-01-15,Patient Care Assistant,Hyd,Healthcare,38
2025-01-15,Nursing Assistant,Secunderabad,Hospitals,19
2025-01-15,Hospital Attendant,Hyderabad,Healthcare,12
2025-02-15,General Duty Assistant,Hyd,Healthcare,57
2025-02-15,Senior Patient Care Assistant,Secunderabad,Hospitals,38
2025-02-15,Nursing Assistant,Hyderabad,Healthcare,19
2025-02-15,Hospital Attendant,Hyd,Hospitals,12
2025-03-15,General Duty Assistant,Secunderabad,Hospitals,58
2025-03-15,Patient Care Assistant,Hyderabad,Healthcare,39
2025-03-15,Nursing Assistant,Hyd,Hospitals,19
2025-03-15,Hospital Attendant,Secunderabad,Healthcare,13
2025-04-15,General Duty Assistant,"Hyderabad, Telangana",Healthcare,59
2025-04-15,Senior Patient Care Assistant,"Hyderabad, Telangana",Hospitals,40
2025-04-15,Nursing Assistant,"Hyderabad, Telangana",Healthcare,20
2025-04-15,Hospital Attendant,"Hyderabad, Telangana",Hospitals,13
2025-05-15,General Duty Assistant,"Hyderabad, Telangana",Hospitals,61
2025-05-15,Patient Care Assistant,"Hyderabad, Telangana",Healthcare,41
2025-05-15,Nursing Assistant,"Hyderabad, Telangana",Hospitals,20
2025-05-15,Hospital Attendant,"Hyderabad, Telangana",Healthcare,14
2025-06-15,General Duty Assistant,Secunderabad,Healthcare,64
2025-06-15,Senior Patient Care Assistant,Hyderabad,Hospitals,42
2025-06-15,Nursing Assistant,Hyd,Healthcare,21
2025-06-15,Hospital Attendant,Secunderabad,Hospitals,14
2025-07-15,General Duty Assistant,Hyderabad,Hospitals,65
2025-07-15,Patient Care Assistant,Hyd,Healthcare,43
2025-07-15,Nursing Assistant,Secunderabad,Hospitals,22
2025-07-15,Hospital Attendant,Hyderabad,Healthcare,14
2025-08-15,General Duty Assistant,Hyd,Healthcare,66
2025-08-15,Senior Patient Care Assistant,Secunderabad,Hospitals,44
2025-08-15,Nursing Assistant,Hyderabad,Healthcare,22
2025-08-15,Hospital Attendant,Hyd,Hospitals,14
2025-09-15,General Duty Assistant,Secunderabad,Hospitals,66
2025-09-15,Patient Care Assistant,Hyderabad,Healthcare,44
2025-09-15,Nursing Assistant,Hyd,Hospitals,22
2025-09-15,Hospital Attendant,Secunderabad,Healthcare,14
2025-10-15,General Duty Assistant,Hyderabad,Healthcare,71
2025-10-15,Senior Patient Care Assistant,Hyd,Hospitals,47
2025-10-15,Nursing Assistant,Secunderabad,Healthcare,23
2025-10-15,Hospital Attendant,Hyderabad,Hospitals,16
2025-11-15,General Duty Assistant,Hyd,Hospitals,70
2025-11-15,Patient Care Assistant,Secunderabad,Healthcare,47
2025-11-15,Nursing Assistant,Hyderabad,Hospitals,23
2025-11-15,Hospital Attendant,Hyd,Healthcare,16
2025-12-15,General Duty Assistant,Secunderabad,Healthcare,69
2025-12-15,Senior Patient Care Assistant,Hyderabad,Hospitals,46
2025-12-15,Nursing Assistant,Hyd,Healthcare,23
2025-12-15,Hospital Attendant,Secunderabad,Hospitals,16
2026-01-15,General Duty Assistant,Hyderabad,Hospitals,66
2026-01-15,Patient Care Assistant,Hyd,Healthcare,44
2026-01-15,Nursing Assistant,Secunderabad,Hospitals,22
2026-01-15,Hospital Attendant,Hyderabad,Healthcare,14
2026-02-15,General Duty Assistant,Hyd,Healthcare,67
2026-02-15,Senior Patient Care Assistant,Secunderabad,Hospitals,44
2026-02-15,Nursing Assistant,Hyderabad,Healthcare,22
2026-02-15,Hospital Attendant,Hyd,Hospitals,15
2026-03-15,General Duty Assistant,Secunderabad,Hospitals,68
2026-03-15,Patient Care Assistant,Hyderabad,Healthcare,45
2026-03-15,Nursing Assistant,Hyd,Hospitals,22
2026-03-15,Hospital Attendant,Secunderabad,Healthcare,15
2026-04-15,General Duty Assistant,Hyderabad,Healthcare,70
2026-04-15,Senior Patient Care Assistant,Hyd,Hospitals,47
2026-04-15,Nursing Assistant,Secunderabad,Healthcare,23
2026-04-15,Hospital Attendant,Hyderabad,Hospitals,15
2026-05-15,General Duty Assistant,Hyd,Hospitals,72
2026-05-15,Patient Care Assistant,Secunderabad,Healthcare,48
2026-05-15,Nursing Assistant,Hyderabad,Hospitals,24
2026-05-15,Hospital Attendant,Hyd,Healthcare,16
2026-06-15,General Duty Assistant,Secunderabad,Healthcare,74
2026-06-15,Senior Patient Care Assistant,Hyderabad,Hospitals,50
2026-06-15,Nursing Assistant,Hyd,Healthcare,25
2026-06-15,Hospital Attendant,Secunderabad,Hospitals,16
2026-07-15,General Duty Assistant,Hyderabad,Hospitals,76
2026-07-15,Patient Care Assistant,Hyd,Healthcare,51
2026-07-15,Nursing Assistant,Secunderabad,Hospitals,25
2026-07-15,Hospital Attendant,Hyderabad,Healthcare,17
2026-08-15,General Duty Assistant,Hyd,Healthcare,77
2026-08-15,Senior Patient Care Assistant,Secunderabad,Hospitals,51
2026-08-15,Nursing Assistant,Hyderabad,Healthcare,25
2026-08-15,Hospital Attendant,Hyd,Hospitals,17
2026-09-15,General Duty Assistant,Secunderabad,Hospitals,77
2026-09-15,Patient Care Assistant,Hyderabad,Healthcare,51
2026-09-15,Nursing Assistant,"Hyderabad, Telangana",Hospitals,26
2026-09-15,Hospital Attendant,"Hyderabad, Telangana",Healthcare,17
2024-10-15,Phlebotomist,Hyderabad,Healthcare,22
2024-10-15,Senior Phlebotomy Technician,Hyd,Hospitals,15
2024-10-15,Lab Collection Technician,Secunderabad,Healthcare,7
2024-10-15,Phlebotomist (Home Collection),Hyderabad,Hospitals,5
2024-11-15,Phlebotomist,Hyd,Hospitals,23
2024-11-15,Phlebotomy Technician,Secunderabad,Healthcare,15
2024-11-15,Lab Collection Technician,Hyderabad,Hospitals,7
2024-11-15,Phlebotomist (Home Collection),Hyd,Healthcare,5
2024-12-15,Phlebotomist,"Hyderabad, Telangana",Healthcare,23
2024-12-15,Senior Phlebotomy Technician,"Hyderabad, Telangana",Hospitals,16
2024-12-15,Lab Collection Technician,"Hyderabad, Telangana",Healthcare,8
2024-12-15,Phlebotomist (Home Collection),"Hyderabad, Telangana",Hospitals,5
2025-01-15,Phlebotomist,Hyderabad,Hospitals,23
2025-01-15,Phlebotomy Technician,Hyd,Healthcare,16
2025-01-15,Lab Collection Technician,Secunderabad,Hospitals,8
2025-01-15,Phlebotomist (Home Collection),Hyderabad,Healthcare,5
2025-02-15,Phlebotomist,Hyd,Healthcare,23
2025-02-15,Senior Phlebotomy Technician,Secunderabad,Hospitals,16
2025-02-15,Lab Collection Technician,Hyderabad,Healthcare,8
2025-02-15,Phlebotomist (Home Collection),Hyd,Hospitals,5
2025-03-15,Phlebotomist,Secunderabad,Hospitals,23
2025-03-15,Phlebotomy Technician,Hyderabad,Healthcare,16
2025-03-15,Lab Collection Technician,Hyd,Hospitals,8
2025-03-15,Phlebotomist (Home Collection),Secunderabad,Healthcare,5
2025-04-15,Phlebotomist,Hyderabad,Healthcare,23
2025-04-15,Senior Phlebotomy Technician,Hyd,Hospitals,15
2025-04-15,Lab Collection Technician,Secunderabad,Healthcare,8
2025-04-15,Phlebotomist (Home Collection),Hyderabad,Hospitals,5
2025-05-15,Phlebotomist,Hyd,Hospitals,23
2025-05-15,Phlebotomy Technician,Secunderabad,Healthcare,15
2025-05-15,Lab Collection Technician,Hyderabad,Hospitals,7
2025-05-15,Phlebotomist (Home Collection),Hyd,Healthcare,5
2025-06-15,Phlebotomist,"Hyderabad, Telangana",Healthcare,23
2025-06-15,Senior Phlebotomy Technician,"Hyderabad, Telangana",Hospitals,15
2025-06-15,Lab Collection Technician,"Hyderabad, Telangana",Healthcare,7
2025-06-15,Phlebotomist (Home Collection),"Hyderabad, Telangana",Hospitals,5
2025-07-15,Phlebotomist,Hyderabad,Hospitals,23
2025-07-15,Phlebotomy Technician,Hyd,Healthcare,15
2025-07-15,Lab Collection Technician,Secunderabad,Hospitals,7
2025-07-15,Phlebotomist (Home Collection),Hyderabad,Healthcare,5
2025-08-15,Phlebotomist,Hyd,Healthcare,22
2025-08-15,Senior Phlebotomy Technician,Secunderabad,Hospitals,15
2025-08-15,Lab Collection Technician,Hyderabad,Healthcare,7
2025-08-15,Phlebotomist (Home Collection),Hyd,Hospitals,5
2025-09-15,Phlebotomist,Secunderabad,Hospitals,23
2025-09-15,Phlebotomy Technician,Hyderabad,Healthcare,15
2025-09-15,Lab Collection Technician,Hyd,Hospitals,7
2025-09-15,Phlebotomist (Home Collection),Secunderabad,Healthcare,5
2025-10-15,Phlebotomist,Hyderabad,Healthcare,21
2025-10-15,Senior Phlebotomy Technician,"Hyderabad, Telangana",Hospitals,14
2025-10-15,Lab Collection Technician,"Hyderabad, Telangana",Healthcare,7
2025-10-15,Phlebotomist (Home Collection),"Hyderabad, Telangana",Hospitals,4
2025-11-15,Phlebotomist,Hyd,Hospitals,21
2025-11-15,Phlebotomy Technician,Secunderabad,Healthcare,14
2025-11-15,Lab Collection Technician,Hyderabad,Hospitals,7
2025-11-15,Phlebotomist (Home Collection),Hyd,Healthcare,5
2025-12-15,Phlebotomist,Secunderabad,Healthcare,22
2025-12-15,Senior Phlebotomy Technician,Hyderabad,Hospitals,14
2025-12-15,Lab Collection Technician,Hyd,Healthcare,7
2025-12-15,Phlebotomist (Home Collection),Secunderabad,Hospitals,5
2026-01-15,Phlebotomist,Hyderabad,Hospitals,23
2026-01-15,Phlebotomy Technician,Hyd,Healthcare,15
2026-01-15,Lab Collection Technician,Secunderabad,Hospitals,8
2026-01-15,Phlebotomist (Home Collection),Hyderabad,Healthcare,5
2026-02-15,Phlebotomist,Hyd,Healthcare,23
2026-02-15,Senior Phlebotomy Technician,Secunderabad,Hospitals,15
2026-02-15,Lab Collection Technician,Hyderabad,Healthcare,8
2026-02-15,Phlebotomist (Home Collection),Hyd,Hospitals,5
2026-03-15,Phlebotomist,Secunderabad,Hospitals,23
2026-03-15,Phlebotomy Technician,Hyderabad,Healthcare,15
2026-03-15,Lab Collection Technician,Hyd,Hospitals,8
2026-03-15,Phlebotomist (Home Collection),Secunderabad,Healthcare,5
2026-04-15,Phlebotomist,Hyderabad,Healthcare,23
2026-04-15,Senior Phlebotomy Technician,Hyd,Hospitals,15
2026-04-15,Lab Collection Technician,Secunderabad,Healthcare,7
2026-04-15,Phlebotomist (Home Collection),Hyderabad,Hospitals,5
2026-05-15,Phlebotomist,Hyd,Hospitals,23
2026-05-15,Phlebotomy Technician,Secunderabad,Healthcare,15
2026-05-15,Lab Collection Technician,Hyderabad,Hospitals,7
2026-05-15,Phlebotomist (Home Collection),Hyd,Healthcare,5
2026-06-15,Phlebotomist,Secunderabad,Healthcare,22
2026-06-15,Senior Phlebotomy Technician,Hyderabad,Hospitals,15
2026-06-15,Lab Collection Technician,Hyd,Healthcare,7
2026-06-15,Phlebotomist (Home Collection),Secunderabad,Hospitals,5
2026-07-15,Phlebotomist,Hyderabad,Hospitals,22
2026-07-15,Phlebotomy Technician,Hyd,Healthcare,15
2026-07-15,Lab Collection Technician,Secunderabad,Hospitals,7
2026-07-15,Phlebotomist (Home Collection),Hyderabad,Healthcare,5
2026-08-15,Phlebotomist,Hyd,Healthcare,22
2026-08-15,Senior Phlebotomy Technician,Secunderabad,Hospitals,14
2026-08-15,Lab Collection Technician,Hyderabad,Healthcare,7
2026-08-15,Phlebotomist (Home Collection),Hyd,Hospitals,5
2026-09-15,Phlebotomist,Secunderabad,Hospitals,22
2026-09-15,Phlebotomy Technician,Hyderabad,Healthcare,15
2026-09-15,Lab Collection Technician,Hyd,Hospitals,7
2026-09-15,Phlebotomist (Home Collection),Secunderabad,Healthcare,5
2024-10-15,Welder,Hyderabad,Manufacturing,16
2024-10-15,Senior MIG Welder,Hyd,Engineering,11
2024-10-15,Arc Welder,Secunderabad,Manufacturing,5
2024-10-15,Fabricator cum Welder,Hyderabad,Engineering,4
2024-11-15,Welder,Hyd,Engineering,16
2024-11-15,MIG Welder,Secunderabad,Manufacturing,11
2024-11-15,Arc Welder,Hyderabad,Engineering,5
2024-11-15,Fabricator cum Welder,Hyd,Manufacturing,3
2024-12-15,Welder,Secunderabad,Manufacturing,15
2024-12-15,Senior MIG Welder,Hyderabad,Engineering,10
2024-12-15,Arc Welder,Hyd,Manufacturing,5
2024-12-15,Fabricator cum Welder,Secunderabad,Engineering,4
2025-01-15,Welder,"Hyderabad, Telangana",Engineering,15
2025-01-15,MIG Welder,"Hyderabad, Telangana",Manufacturing,10
2025-01-15,Arc Welder,"Hyderabad, Telangana",Engineering,5
2025-01-15,Fabricator cum Welder,"Hyderabad, Telangana",Manufacturing,4
2025-02-15,Welder,Hyd,Manufacturing,15
2025-02-15,Senior MIG Welder,Secunderabad,Engineering,10
2025-02-15,Arc Welder,Hyderabad,Manufacturing,5
2025-02-15,Fabricator cum Welder,Hyd,Engineering,4
2025-03-15,Welder,Secunderabad,Engineering,15
2025-03-15,MIG Welder,Hyderabad,Manufacturing,10
2025-03-15,Arc Welder,Hyd,Engineering,5
2025-03-15,Fabricator cum Welder,Secunderabad,Manufacturing,4
2025-04-15,Welder,Hyderabad,Manufacturing,15
2025-04-15,Senior MIG Welder,Hyd,Engineering,10
2025-04-15,Arc Welder,Secunderabad,Manufacturing,5
2025-04-15,Fabricator cum Welder,Hyderabad,Engineering,4
2025-05-15,Welder,Hyd,Engineering,16
2025-05-15,MIG Welder,Secunderabad,Manufacturing,11
2025-05-15,Arc Welder,Hyderabad,Engineering,5
2025-05-15,Fabricator cum Welder,Hyd,Manufacturing,3
2025-06-15,Welder,Secunderabad,Manufacturing,16
2025-06-15,Senior MIG Welder,Hyderabad,Engineering,11
2025-06-15,Arc Welder,Hyd,Manufacturing,5
2025-06-15,Fabricator cum Welder,Secunderabad,Engineering,3
2025-07-15,Welder,Hyderabad,Engineering,16
2025-07-15,MIG Welder,Hyd,Manufacturing,11
2025-07-15,Arc Welder,Secunderabad,Engineering,5
2025-07-15,Fabricator cum Welder,Hyderabad,Manufacturing,4
2025-08-15,Welder,Hyd,Manufacturing,16
2025-08-15,Senior MIG Welder,Secunderabad,Engineering,11
2025-08-15,Arc Welder,Hyderabad,Manufacturing,5
2025-08-15,Fabricator cum Welder,Hyd,Engineering,4
2025-09-15,Welder,Secunderabad,Engineering,16
2025-09-15,MIG Welder,Hyderabad,Manufacturing,11
2025-09-15,Arc Welder,Hyd,Engineering,5
2025-09-15,Fabricator cum Welder,Secunderabad,Manufacturing,4
2025-10-15,Welder,Hyderabad,Manufacturing,16
2025-10-15,Senior MIG Welder,Hyd,Engineering,11
2025-10-15,Arc Welder,Secunderabad,Manufacturing,5
2025-10-15,Fabricator cum Welder,Hyderabad,Engineering,3
2025-11-15,Welder,Hyd,Engineering,15
2025-11-15,MIG Welder,Secunderabad,Manufacturing,10
2025-11-15,Arc Welder,Hyderabad,Engineering,5
2025-11-15,Fabricator cum Welder,Hyd,Manufacturing,4
2025-12-15,Welder,Secunderabad,Manufacturing,15
2025-12-15,Senior MIG Welder,Hyderabad,Engineering,10
2025-12-15,Arc Welder,Hyd,Manufacturing,5
2025-12-15,Fabricator cum Welder,Secunderabad,Engineering,3
2026-01-15,Welder,Hyderabad,Engineering,14
2026-01-15,MIG Welder,Hyd,Manufacturing,10
2026-01-15,Arc Welder,Secunderabad,Engineering,5
2026-01-15,Fabricator cum Welder,Hyderabad,Manufacturing,3
2026-02-15,Welder,Hyd,Manufacturing,14
2026-02-15,Senior MIG Welder,Secunderabad,Engineering,10
2026-02-15,Arc Welder,Hyderabad,Manufacturing,5
2026-02-15,Fabricator cum Welder,Hyd,Engineering,3
2026-03-15,Welder,Secunderabad,Engineering,14
2026-03-15,MIG Welder,Hyderabad,Manufacturing,10
2026-03-15,Arc Welder,Hyd,Engineering,5
2026-03-15,Fabricator cum Welder,Secunderabad,Manufacturing,3
2026-04-15,Welder,Hyderabad,Manufacturing,15
2026-04-15,Senior MIG Welder,Hyd,Engineering,10
2026-04-15,Arc Welder,Secunderabad,Manufacturing,5
2026-04-15,Fabricator cum Welder,Hyderabad,Engineering,4
2026-05-15,Welder,Hyd,Engineering,15
2026-05-15,MIG Welder,Secunderabad,Manufacturing,10
2026-05-15,Arc Welder,Hyderabad,Engineering,5
2026-05-15,Fabricator cum Welder,Hyd,Manufacturing,4
2026-06-15,Welder,Secunderabad,Manufacturing,16
2026-06-15,Senior MIG Welder,Hyderabad,Engineering,11
2026-06-15,Arc Welder,Hyd,Manufacturing,5
2026-06-15,Fabricator cum Welder,Secunderabad,Engineering,3
2026-07-15,Welder,"Hyderabad, Telangana",Engineering,16
2026-07-15,MIG Welder,"Hyderabad, Telangana",Manufacturing,11
2026-07-15,Arc Welder,"Hyderabad, Telangana",Engineering,5
2026-07-15,Fabricator cum Welder,"Hyderabad, Telangana",Manufacturing,3
2026-08-15,Welder,Hyd,Manufacturing,16
2026-08-15,Senior MIG Welder,Secunderabad,Engineering,11
2026-08-15,Arc Welder,Hyderabad,Manufacturing,5
2026-08-15,Fabricator cum Welder,Hyd,Engineering,3
2026-09-15,Welder,Secunderabad,Engineering,16
2026-09-15,MIG Welder,Hyderabad,Manufacturing,11
2026-09-15,Arc Welder,Hyd,Engineering,5
2026-09-15,Fabricator cum Welder,Secunderabad,Manufacturing,3
2024-10-15,Warehouse Associate,Hyderabad,Logistics,61
2024-10-15,Senior Picker Packer,Hyd,Warehousing,41
2024-10-15,Warehouse Executive,Secunderabad,Logistics,20
2024-10-15,Wearhouse Associate,Hyderabad,Warehousing,13
2024-11-15,Warehouse Associate,Hyd,Warehousing,60
2024-11-15,Picker Packer,Secunderabad,Logistics,40
2024-11-15,Warehouse Executive,Hyderabad,Warehousing,20
2024-11-15,Wearhouse Associate,Hyd,Logistics,13
2024-12-15,Warehouse Associate,Secunderabad,Logistics,60
2024-12-15,Senior Picker Packer,Hyderabad,Warehousing,40
2024-12-15,Warehouse Executive,Hyd,Logistics,20
2024-12-15,Wearhouse Associate,Secunderabad,Warehousing,14
2025-01-15,Warehouse Associate,Hyderabad,Warehousing,60
2025-01-15,Picker Packer,Hyd,Logistics,40
2025-01-15,Warehouse Executive,Secunderabad,Warehousing,20
2025-01-15,Wearhouse Associate,Hyderabad,Logistics,13
2025-02-15,Warehouse Associate,Hyd,Logistics,61
2025-02-15,Senior Picker Packer,Secunderabad,Warehousing,41
2025-02-15,Warehouse Executive,Hyderabad,Logistics,20
2025-02-15,Wearhouse Associate,Hyd,Warehousing,14
2025-03-15,Warehouse Associate,Secunderabad,Warehousing,63
2025-03-15,Picker Packer,Hyderabad,Logistics,42
2025-03-15,Warehouse Executive,Hyd,Warehousing,21
2025-03-15,Wearhouse Associate,Secunderabad,Logistics,14
2025-04-15,Warehouse Associate,Hyderabad,Logistics,65
2025-04-15,Senior Picker Packer,Hyd,Warehousing,43
2025-04-15,Warehouse Executive,Secunderabad,Logistics,22
2025-04-15,Wearhouse Associate,Hyderabad,Warehousing,14
2025-05-15,Warehouse Associate,Hyd,Warehousing,66
2025-05-15,Picker Packer,Secunderabad,Logistics,44
2025-05-15,Warehouse Executive,Hyderabad,Warehousing,22
2025-05-15,Wearhouse Associate,Hyd,Logistics,15
2025-06-15,Warehouse Associate,Secunderabad,Logistics,67
2025-06-15,Senior Picker Packer,Hyderabad,Warehousing,45
2025-06-15,Warehouse Executive,Hyd,Logistics,22
2025-06-15,Wearhouse Associate,Secunderabad,Warehousing,15
2025-07-15,Warehouse Associate,"Hyderabad, Telangana",Warehousing,68
2025-07-15,Picker Packer,"Hyderabad, Telangana",Logistics,45
2025-07-15,Warehouse Executive,"Hyderabad, Telangana",Warehousing,22
2025-07-15,Wearhouse Associate,"Hyderabad, Telangana",Logistics,15
2025-08-15,Warehouse Associate,Hyd,Logistics,67
2025-08-15,Senior Picker Packer,Secunderabad,Warehousing,45
2025-08-15,Warehouse Executive,Hyderabad,Logistics,22
2025-08-15,Wearhouse Associate,Hyd,Warehousing,15
2025-09-15,Warehouse Associate,Secunderabad,Warehousing,67
2025-09-15,Picker Packer,Hyderabad,Logistics,44
2025-09-15,Warehouse Executive,Hyd,Warehousing,22
2025-09-15,Wearhouse Associate,Secunderabad,Logistics,15
2025-10-15,Warehouse Associate,Hyderabad,Logistics,71
2025-10-15,Senior Picker Packer,Hyd,Warehousing,47
2025-10-15,Warehouse Executive,Secunderabad,Logistics,23
2025-10-15,Wearhouse Associate,Hyderabad,Warehousing,16
2025-11-15,Warehouse Associate,Hyd,Warehousing,70
2025-11-15,Picker Packer,Secunderabad,Logistics,47
2025-11-15,Warehouse Executive,Hyderabad,Warehousing,23
2025-11-15,Wearhouse Associate,Hyd,Logistics,16
2025-12-15,Warehouse Associate,Secunderabad,Logistics,70
2025-12-15,Senior Picker Packer,Hyderabad,Warehousing,47
2025-12-15,Warehouse Executive,Hyd,Logistics,23
2025-12-15,Wearhouse Associate,Secunderabad,Warehousing,16
2026-01-15,Warehouse Associate,Hyderabad,Warehousing,73
2026-01-15,Picker Packer,Hyd,Logistics,49
2026-01-15,Warehouse Executive,Secunderabad,Warehousing,24
2026-01-15,Wearhouse Associate,Hyderabad,Logistics,16
2026-02-15,Warehouse Associate,Hyd,Logistics,75
2026-02-15,Senior Picker Packer,Secunderabad,Warehousing,50
2026-02-15,Warehouse Executive,Hyderabad,Logistics,25
2026-02-15,Wearhouse Associate,Hyd,Warehousing,16
2026-03-15,Warehouse Associate,Secunderabad,Warehousing,77
2026-03-15,Picker Packer,Hyderabad,Logistics,51
2026-03-15,Warehouse Executive,Hyd,Warehousing,25
2026-03-15,Wearhouse Associate,Secunderabad,Logistics,17
2026-04-15,Warehouse Associate,Hyderabad,Logistics,79
2026-04-15,Senior Picker Packer,Hyd,Warehousing,53
2026-04-15,Warehouse Executive,Secunderabad,Logistics,26
2026-04-15,Wearhouse Associate,Hyderabad,Warehousing,17
2026-05-15,Warehouse Associate,Hyd,Warehousing,80
2026-05-15,Picker Packer,Secunderabad,Logistics,54
2026-05-15,Warehouse Executive,Hyderabad,Warehousing,27
2026-05-15,Wearhouse Associate,Hyd,Logistics,18
2026-06-15,Warehouse Associate,Secunderabad,Logistics,82
2026-06-15,Senior Picker Packer,Hyderabad,Warehousing,55
2026-06-15,Warehouse Executive,Hyd,Logistics,27
2026-06-15,Wearhouse Associate,Secunderabad,Warehousing,18
2026-07-15,Warehouse Associate,Hyderabad,Warehousing,82
2026-07-15,Picker Packer,Hyd,Logistics,55
2026-07-15,Warehouse Executive,Secunderabad,Warehousing,28
2026-07-15,Wearhouse Associate,Hyderabad,Logistics,18
2026-08-15,Warehouse Associate,Hyd,Logistics,82
2026-08-15,Senior Picker Packer,Secunderabad,Warehousing,54
2026-08-15,Warehouse Executive,Hyderabad,Logistics,27
2026-08-15,Wearhouse Associate,Hyd,Warehousing,18
2026-09-15,Warehouse Associate,Secunderabad,Warehousing,80
2026-09-15,Picker Packer,Hyderabad,Logistics,54
2026-09-15,Warehouse Executive,Hyd,Warehousing,27
2026-09-15,Wearhouse Associate,Secunderabad,Logistics,18
2024-10-15,Logistics Coordinator,Hyderabad,Logistics,28
2024-10-15,Senior Dispatch Coordinator,Hyd,Warehousing,19
2024-10-15,Transport Coordinator,Secunderabad,Logistics,9
2024-10-15,Logistics Co-ordinator,Hyderabad,Warehousing,6
2024-11-15,Logistics Coordinator,Hyd,Warehousing,27
2024-11-15,Dispatch Coordinator,Secunderabad,Logistics,18
2024-11-15,Transport Coordinator,Hyderabad,Warehousing,9
2024-11-15,Logistics Co-ordinator,Hyd,Logistics,6
2024-12-15,Logistics Coordinator,Secunderabad,Logistics,27
2024-12-15,Senior Dispatch Coordinator,Hyderabad,Warehousing,18
2024-12-15,Transport Coordinator,Hyd,Logistics,9
2024-12-15,Logistics Co-ordinator,Secunderabad,Warehousing,6
2025-01-15,Logistics Coordinator,Hyderabad,Warehousing,27
2025-01-15,Dispatch Coordinator,Hyd,Logistics,18
2025-01-15,Transport Coordinator,Secunderabad,Warehousing,9
2025-01-15,Logistics Co-ordinator,Hyderabad,Logistics,6
2025-02-15,Logistics Coordinator,Hyd,Logistics,28
2025-02-15,Senior Dispatch Coordinator,Secunderabad,Warehousing,18
2025-02-15,Transport Coordinator,Hyderabad,Logistics,9
2025-02-15,Logistics Co-ordinator,Hyd,Warehousing,6
2025-03-15,Logistics Coordinator,Secunderabad,Warehousing,28
2025-03-15,Dispatch Coordinator,Hyderabad,Logistics,19
2025-03-15,Transport Coordinator,Hyd,Warehousing,9
2025-03-15,Logistics Co-ordinator,Secunderabad,Logistics,6
2025-04-15,Logistics Coordinator,Hyderabad,Logistics,29
2025-04-15,Senior Dispatch Coordinator,Hyd,Warehousing,19
2025-04-15,Transport Coordinator,Secunderabad,Logistics,10
2025-04-15,Logistics Co-ordinator,Hyderabad,Warehousing,6
2025-05-15,Logistics Coordinator,Hyd,Warehousing,29
2025-05-15,Dispatch Coordinator,Secunderabad,Logistics,20
2025-05-15,Transport Coordinator,Hyderabad,Warehousing,10
2025-05-15,Logistics Co-ordinator,Hyd,Logistics,6
2025-06-15,Logistics Coordinator,Secunderabad,Logistics,30
2025-06-15,Senior Dispatch Coordinator,Hyderabad,Warehousing,20
2025-06-15,Transport Coordinator,Hyd,Logistics,10
2025-06-15,Logistics Co-ordinator,Secunderabad,Warehousing,6
2025-07-15,Logistics Coordinator,Hyderabad,Warehousing,30
2025-07-15,Dispatch Coordinator,Hyd,Logistics,20
2025-07-15,Transport Coordinator,Secunderabad,Warehousing,10
2025-07-15,Logistics Co-ordinator,Hyderabad,Logistics,6
2025-08-15,Logistics Coordinator,Hyd,Logistics,30
2025-08-15,Senior Dispatch Coordinator,Secunderabad,Warehousing,20
2025-08-15,Transport Coordinator,Hyderabad,Logistics,10
2025-08-15,Logistics Co-ordinator,Hyd,Warehousing,6
2025-09-15,Logistics Coordinator,Secunderabad,Warehousing,29
2025-09-15,Dispatch Coordinator,Hyderabad,Logistics,19
2025-09-15,Transport Coordinator,Hyd,Warehousing,10
2025-09-15,Logistics Co-ordinator,Secunderabad,Logistics,6
2025-10-15,Logistics Coordinator,"Hyderabad, Telangana",Logistics,26
2025-10-15,Senior Dispatch Coordinator,"Hyderabad, Telangana",Warehousing,17
2025-10-15,Transport Coordinator,"Hyderabad, Telangana",Logistics,9
2025-10-15,Logistics Co-ordinator,"Hyderabad, Telangana",Warehousing,6
2025-11-15,Logistics Coordinator,Hyd,Warehousing,26
2025-11-15,Dispatch Coordinator,Secunderabad,Logistics,17
2025-11-15,Transport Coordinator,Hyderabad,Warehousing,8
2025-11-15,Logistics Co-ordinator,Hyd,Logistics,6
2025-12-15,Logistics Coordinator,Secunderabad,Logistics,26
2025-12-15,Senior Dispatch Coordinator,Hyderabad,Warehousing,17
2025-12-15,Transport Coordinator,Hyd,Logistics,8
2025-12-15,Logistics Co-ordinator,Secunderabad,Warehousing,6
2026-01-15,Logistics Coordinator,Hyderabad,Warehousing,26
2026-01-15,Dispatch Coordinator,Hyd,Logistics,18
2026-01-15,Transport Coordinator,Secunderabad,Warehousing,9
2026-01-15,Logistics Co-ordinator,Hyderabad,Logistics,6
2026-02-15,Logistics Coordinator,Hyd,Logistics,26
2026-02-15,Senior Dispatch Coordinator,Secunderabad,Warehousing,18
2026-02-15,Transport Coordinator,Hyderabad,Logistics,9
2026-02-15,Logistics Co-ordinator,Hyd,Warehousing,6
2026-03-15,Logistics Coordinator,Secunderabad,Warehousing,27
2026-03-15,Dispatch Coordinator,Hyderabad,Logistics,18
2026-03-15,Transport Coordinator,Hyd,Warehousing,9
2026-03-15,Logistics Co-ordinator,Secunderabad,Logistics,6
2026-04-15,Logistics Coordinator,Hyderabad,Logistics,28
2026-04-15,Senior Dispatch Coordinator,Hyd,Warehousing,19
2026-04-15,Transport Coordinator,Secunderabad,Logistics,9
2026-04-15,Logistics Co-ordinator,Hyderabad,Warehousing,6
2026-05-15,Logistics Coordinator,Hyd,Warehousing,28
2026-05-15,Dispatch Coordinator,Secunderabad,Logistics,19
2026-05-15,Transport Coordinator,Hyderabad,Warehousing,10
2026-05-15,Logistics Co-ordinator,Hyd,Logistics,6
2026-06-15,Logistics Coordinator,Secunderabad,Logistics,29
2026-06-15,Senior Dispatch Coordinator,Hyderabad,Warehousing,19
2026-06-15,Transport Coordinator,Hyd,Logistics,10
2026-06-15,Logistics Co-ordinator,Secunderabad,Warehousing,6
2026-07-15,Logistics Coordinator,Hyderabad,Warehousing,29
2026-07-15,Dispatch Coordinator,Hyd,Logistics,19
2026-07-15,Transport Coordinator,Secunderabad,Warehousing,10
2026-07-15,Logistics Co-ordinator,Hyderabad,Logistics,6
2026-08-15,Logistics Coordinator,"Hyderabad, Telangana",Logistics,29
2026-08-15,Senior Dispatch Coordinator,"Hyderabad, Telangana",Warehousing,19
2026-08-15,Transport Coordinator,"Hyderabad, Telangana",Logistics,10
2026-08-15,Logistics Co-ordinator,"Hyderabad, Telangana",Warehousing,6
2026-09-15,Logistics Coordinator,"Hyderabad, Telangana",Warehousing,28
2026-09-15,Dispatch Coordinator,"Hyderabad, Telangana",Logistics,19
2026-09-15,Transport Coordinator,"Hyderabad, Telangana",Warehousing,10
2026-09-15,Logistics Co-ordinator,"Hyderabad, Telangana",Logistics,6
2024-10-15,Electrician,"Hyderabad, Telangana",Construction,47
2024-10-15,Senior Wireman,"Hyderabad, Telangana",Real Estate,31
2024-10-15,Electrical Technician,"Hyderabad, Telangana",Construction,16
2024-10-15,Electrician cum Wireman,"Hyderabad, Telangana",Real Estate,10
2024-11-15,Electrician,Hyd,Real Estate,48
2024-11-15,Wireman,Secunderabad,Construction,32
2024-11-15,Electrical Technician,Hyderabad,Real Estate,16
2024-11-15,Electrician cum Wireman,Hyd,Construction,11
2024-12-15,Electrician,Secunderabad,Construction,50
2024-12-15,Senior Wireman,Hyderabad,Real Estate,33
2024-12-15,Electrical Technician,Hyd,Construction,16
2024-12-15,Electrician cum Wireman,Secunderabad,Real Estate,11
2025-01-15,Electrician,Hyderabad,Real Estate,58
2025-01-15,Wireman,Hyd,Construction,38
2025-01-15,Electrical Technician,Secunderabad,Real Estate,19
2025-01-15,Electrician cum Wireman,Hyderabad,Construction,13
2025-02-15,Electrician,Hyd,Construction,58
2025-02-15,Senior Wireman,Secunderabad,Real Estate,39
2025-02-15,Electrical Technician,Hyderabad,Construction,19
2025-02-15,Electrician cum Wireman,Hyd,Real Estate,13
2025-03-15,Electrician,"Hyderabad, Telangana",Real Estate,59
2025-03-15,Wireman,"Hyderabad, Telangana",Construction,39
2025-03-15,Electrical Technician,"Hyderabad, Telangana",Real Estate,19
2025-03-15,Electrician cum Wireman,"Hyderabad, Telangana",Construction,13
2025-04-15,Electrician,Hyderabad,Construction,58
2025-04-15,Senior Wireman,Hyd,Real Estate,38
2025-04-15,Electrical Technician,Secunderabad,Construction,19
2025-04-15,Electrician cum Wireman,Hyderabad,Real Estate,13
2025-05-15,Electrician,Hyd,Real Estate,57
2025-05-15,Wireman,Secunderabad,Construction,38
2025-05-15,Electrical Technician,Hyderabad,Real Estate,19
2025-05-15,Electrician cum Wireman,Hyd,Construction,13
2025-06-15,Electrician,Secunderabad,Construction,56
2025-06-15,Senior Wireman,Hyderabad,Real Estate,38
2025-06-15,Electrical Technician,Hyd,Construction,19
2025-06-15,Electrician cum Wireman,Secunderabad,Real Estate,12
2025-07-15,Electrician,Hyderabad,Real Estate,56
2025-07-15,Wireman,Hyd,Construction,37
2025-07-15,Electrical Technician,Secunderabad,Real Estate,19
2025-07-15,Electrician cum Wireman,Hyderabad,Construction,12
2025-08-15,Electrician,Hyd,Construction,56
2025-08-15,Senior Wireman,Secunderabad,Real Estate,37
2025-08-15,Electrical Technician,Hyderabad,Construction,19
2025-08-15,Electrician cum Wireman,Hyd,Real Estate,12
2025-09-15,Electrician,"Hyderabad, Telangana",Real Estate,56
2025-09-15,Wireman,"Hyderabad, Telangana",Construction,38
2025-09-15,Electrical Technician,"Hyderabad, Telangana",Real Estate,19
2025-09-15,Electrician cum Wireman,"Hyderabad, Telangana",Construction,12
2025-10-15,Electrician,Hyderabad,Construction,53
2025-10-15,Senior Wireman,Hyd,Real Estate,36
2025-10-15,Electrical Technician,Secunderabad,Construction,18
2025-10-15,Electrician cum Wireman,Hyderabad,Real Estate,12
2025-11-15,Electrician,Hyd,Real Estate,55
2025-11-15,Wireman,Secunderabad,Construction,37
2025-11-15,Electrical Technician,Hyderabad,Real Estate,18
2025-11-15,Electrician cum Wireman,Hyd,Construction,12
2025-12-15,Electrician,Secunderabad,Construction,56
2025-12-15,Senior Wireman,Hyderabad,Real Estate,38
2025-12-15,Electrical Technician,Hyd,Construction,19
2025-12-15,Electrician cum Wireman,Secunderabad,Real Estate,12
2026-01-15,Electrician,Hyderabad,Real Estate,58
2026-01-15,Wireman,Hyd,Construction,39
2026-01-15,Electrical Technician,Secunderabad,Real Estate,19
2026-01-15,Electrician cum Wireman,Hyderabad,Construction,13
2026-02-15,Electrician,Hyd,Construction,59
2026-02-15,Senior Wireman,Secunderabad,Real Estate,39
2026-02-15,Electrical Technician,Hyderabad,Construction,19
2026-02-15,Electrician cum Wireman,Hyd,Real Estate,13
2026-03-15,Electrician,Secunderabad,Real Estate,59
2026-03-15,Wireman,Hyderabad,Construction,39
2026-03-15,Electrical Technician,Hyd,Real Estate,20
2026-03-15,Electrician cum Wireman,Secunderabad,Construction,13
2026-04-15,Electrician,Hyderabad,Construction,59
2026-04-15,Senior Wireman,Hyd,Real Estate,39
2026-04-15,Electrical Technician,Secunderabad,Construction,19
2026-04-15,Electrician cum Wireman,Hyderabad,Real Estate,13
2026-05-15,Electrician,Hyd,Real Estate,58
2026-05-15,Wireman,Secunderabad,Construction,38
2026-05-15,Electrical Technician,Hyderabad,Real Estate,19
2026-05-15,Electrician cum Wireman,Hyd,Construction,13
2026-06-15,Electrician,"Hyderabad, Telangana",Construction,56
2026-06-15,Senior Wireman,"Hyderabad, Telangana",Real Estate,38
2026-06-15,Electrical Technician,"Hyderabad, Telangana",Construction,19
2026-06-15,Electrician cum Wireman,"Hyderabad, Telangana",Real Estate,12
2026-07-15,Electrician,Hyderabad,Real Estate,56
2026-07-15,Wireman,Hyd,Construction,37
2026-07-15,Electrical Technician,Secunderabad,Real Estate,19
2026-07-15,Electrician cum Wireman,Hyderabad,Construction,12
2026-08-15,Electrician,Hyd,Construction,56
2026-08-15,Senior Wireman,Secunderabad,Real Estate,38
2026-08-15,Electrical Technician,Hyderabad,Construction,19
2026-08-15,Electrician cum Wireman,Hyd,Real Estate,12
2026-09-15,Electrician,Secunderabad,Real Estate,57
2026-09-15,Wireman,Hyderabad,Construction,38
2026-09-15,Electrical Technician,Hyd,Real Estate,19
2026-09-15,Electrician cum Wireman,Secunderabad,Construction,13
2024-10-15,Mason,Hyderabad,Construction,38
2024-10-15,Senior Bricklayer,Hyd,Real Estate,26
2024-10-15,Tile Mason,Secunderabad,Construction,13
2024-10-15,Shuttering Carpenter,Hyderabad,Real Estate,8
2024-11-15,Mason,Hyd,Real Estate,38
2024-11-15,Bricklayer,Secunderabad,Construction,26
2024-11-15,Tile Mason,Hyderabad,Real Estate,13
2024-11-15,Shuttering Carpenter,Hyd,Construction,8
2024-12-15,Mason,Secunderabad,Construction,38
2024-12-15,Senior Bricklayer,Hyderabad,Real Estate,25
2024-12-15,Tile Mason,Hyd,Construction,13
2024-12-15,Shuttering Carpenter,Secunderabad,Real Estate,8
2025-01-15,Mason,"Hyderabad, Telangana",Real Estate,36
2025-01-15,Bricklayer,"Hyderabad, Telangana",Construction,24
2025-01-15,Tile Mason,"Hyderabad, Telangana",Real Estate,12
2025-01-15,Shuttering Carpenter,"Hyderabad, Telangana",Construction,8
2025-02-15,Mason,Hyd,Construction,35
2025-02-15,Senior Bricklayer,Secunderabad,Real Estate,24
2025-02-15,Tile Mason,Hyderabad,Construction,12
2025-02-15,Shuttering Carpenter,Hyd,Real Estate,8
2025-03-15,Mason,Secunderabad,Real Estate,35
2025-03-15,Bricklayer,Hyderabad,Construction,23
2025-03-15,Tile Mason,Hyd,Real Estate,12
2025-03-15,Shuttering Carpenter,Secunderabad,Construction,8
2025-04-15,Mason,Hyderabad,Construction,35
2025-04-15,Senior Bricklayer,Hyd,Real Estate,23
2025-04-15,Tile Mason,Secunderabad,Construction,11
2025-04-15,Shuttering Carpenter,Hyderabad,Real Estate,8
2025-05-15,Mason,Hyd,Real Estate,35
2025-05-15,Bricklayer,Secunderabad,Construction,23
2025-05-15,Tile Mason,Hyderabad,Real Estate,12
2025-05-15,Shuttering Carpenter,Hyd,Construction,8
2025-06-15,Mason,Secunderabad,Construction,35
2025-06-15,Senior Bricklayer,Hyderabad,Real Estate,24
2025-06-15,Tile Mason,Hyd,Construction,12
2025-06-15,Shuttering Carpenter,Secunderabad,Real Estate,8
2025-07-15,Mason,"Hyderabad, Telangana",Real Estate,36
2025-07-15,Bricklayer,"Hyderabad, Telangana",Construction,24
2025-07-15,Tile Mason,"Hyderabad, Telangana",Real Estate,12
2025-07-15,Shuttering Carpenter,"Hyderabad, Telangana",Construction,8
2025-08-15,Mason,Hyd,Construction,37
2025-08-15,Senior Bricklayer,Secunderabad,Real Estate,24
2025-08-15,Tile Mason,Hyderabad,Construction,12
2025-08-15,Shuttering Carpenter,Hyd,Real Estate,8
2025-09-15,Mason,Secunderabad,Real Estate,37
2025-09-15,Bricklayer,Hyderabad,Construction,25
2025-09-15,Tile Mason,Hyd,Real Estate,13
2025-09-15,Shuttering Carpenter,Secunderabad,Construction,8
2025-10-15,Mason,Hyderabad,Construction,38
2025-10-15,Senior Bricklayer,Hyd,Real Estate,25
2025-10-15,Tile Mason,Secunderabad,Construction,13
2025-10-15,Shuttering Carpenter,Hyderabad,Real Estate,8
2025-11-15,Mason,Hyd,Real Estate,38
2025-11-15,Bricklayer,Secunderabad,Construction,25
2025-11-15,Tile Mason,Hyderabad,Real Estate,13
2025-11-15,Shuttering Carpenter,Hyd,Construction,8
2025-12-15,Mason,Secunderabad,Construction,37
2025-12-15,Senior Bricklayer,Hyderabad,Real Estate,25
2025-12-15,Tile Mason,Hyd,Construction,12
2025-12-15,Shuttering Carpenter,Secunderabad,Real Estate,8
2026-01-15,Mason,Hyderabad,Real Estate,33
2026-01-15,Bricklayer,Hyd,Construction,22
2026-01-15,Tile Mason,Secunderabad,Real Estate,11
2026-01-15,Shuttering Carpenter,Hyderabad,Construction,7
2026-02-15,Mason,Hyd,Construction,32
2026-02-15,Senior Bricklayer,Secunderabad,Real Estate,21
2026-02-15,Tile Mason,Hyderabad,Construction,11
2026-02-15,Shuttering Carpenter,Hyd,Real Estate,7
2026-03-15,Mason,Secunderabad,Real Estate,32
2026-03-15,Bricklayer,Hyderabad,Construction,21
2026-03-15,Tile Mason,Hyd,Real Estate,10
2026-03-15,Shuttering Carpenter,Secunderabad,Construction,7
2026-04-15,Mason,Hyderabad,Construction,32
2026-04-15,Senior Bricklayer,Hyd,Real Estate,21
2026-04-15,Tile Mason,Secunderabad,Construction,10
2026-04-15,Shuttering Carpenter,Hyderabad,Real Estate,7
2026-05-15,Mason,Hyd,Real Estate,32
2026-05-15,Bricklayer,Secunderabad,Construction,21
2026-05-15,Tile Mason,Hyderabad,Real Estate,10
2026-05-15,Shuttering Carpenter,Hyd,Construction,7
2026-06-15,Mason,"Hyderabad, Telangana",Construction,32
2026-06-15,Senior Bricklayer,"Hyderabad, Telangana",Real Estate,21
2026-06-15,Tile Mason,"Hyderabad, Telangana",Construction,11
2026-06-15,Shuttering Carpenter,"Hyderabad, Telangana",Real Estate,7
2026-07-15,Mason,"Hyderabad, Telangana",Real Estate,33
2026-07-15,Bricklayer,"Hyderabad, Telangana",Construction,22
2026-07-15,Tile Mason,"Hyderabad, Telangana",Real Estate,11
2026-07-15,Shuttering Carpenter,"Hyderabad, Telangana",Construction,7
2026-08-15,Mason,Hyd,Construction,33
2026-08-15,Senior Bricklayer,Secunderabad,Real Estate,22
2026-08-15,Tile Mason,Hyderabad,Construction,11
2026-08-15,Shuttering Carpenter,Hyd,Real Estate,8
2026-09-15,Mason,Secunderabad,Real Estate,34
2026-09-15,Bricklayer,Hyderabad,Construction,23
2026-09-15,Tile Mason,Hyd,Real Estate,11
2026-09-15,Shuttering Carpenter,Secunderabad,Construction,7
2024-10-15,Retail Sales Associate,Hyderabad,Retail,123
2024-10-15,Senior Store Associate,Hyd,Organised Retail,82
2024-10-15,Counter Sales Executive,Secunderabad,Retail,41
2024-10-15,Retail Sales Assosiate,Hyderabad,Organised Retail,27
2024-11-15,Retail Sales Associate,Hyd,Organised Retail,121
2024-11-15,Store Associate,Secunderabad,Retail,81
2024-11-15,Counter Sales Executive,Hyderabad,Organised Retail,40
2024-11-15,Retail Sales Assosiate,Hyd,Retail,27
2024-12-15,Retail Sales Associate,"Hyderabad, Telangana",Retail,119
2024-12-15,Senior Store Associate,"Hyderabad, Telangana",Organised Retail,79
2024-12-15,Counter Sales Executive,"Hyderabad, Telangana",Retail,40
2024-12-15,Retail Sales Assosiate,"Hyderabad, Telangana",Organised Retail,26
2025-01-15,Retail Sales Associate,"Hyderabad, Telangana",Organised Retail,117
2025-01-15,Store Associate,"Hyderabad, Telangana",Retail,78
2025-01-15,Counter Sales Executive,"Hyderabad, Telangana",Organised Retail,39
2025-01-15,Retail Sales Assosiate,"Hyderabad, Telangana",Retail,26
2025-02-15,Retail Sales Associate,Hyd,Retail,114
2025-02-15,Senior Store Associate,Secunderabad,Organised Retail,76
2025-02-15,Counter Sales Executive,Hyderabad,Retail,38
2025-02-15,Retail Sales Assosiate,Hyd,Organised Retail,26
2025-03-15,Retail Sales Associate,Secunderabad,Organised Retail,113
2025-03-15,Store Associate,Hyderabad,Retail,75
2025-03-15,Counter Sales Executive,Hyd,Organised Retail,37
2025-03-15,Retail Sales Assosiate,Secunderabad,Retail,25
2025-04-15,Retail Sales Associate,Hyderabad,Retail,112
2025-04-15,Senior Store Associate,Hyd,Organised Retail,74
2025-04-15,Counter Sales Executive,Secunderabad,Retail,37
2025-04-15,Retail Sales Assosiate,Hyderabad,Organised Retail,25
2025-05-15,Retail Sales Associate,Hyd,Organised Retail,112
2025-05-15,Store Associate,Secunderabad,Retail,75
2025-05-15,Counter Sales Executive,Hyderabad,Organised Retail,37
2025-05-15,Retail Sales Assosiate,Hyd,Retail,25
2025-06-15,Retail Sales Associate,Secunderabad,Retail,113
2025-06-15,Senior Store Associate,Hyderabad,Organised Retail,76
2025-06-15,Counter Sales Executive,Hyd,Retail,38
2025-06-15,Retail Sales Assosiate,Secunderabad,Organised Retail,25
2025-07-15,Retail Sales Associate,Hyderabad,Organised Retail,115
2025-07-15,Store Associate,Hyd,Retail,77
2025-07-15,Counter Sales Executive,Secunderabad,Organised Retail,38
2025-07-15,Retail Sales Assosiate,Hyderabad,Retail,26
2025-08-15,Retail Sales Associate,"Hyderabad, Telangana",Retail,117
2025-08-15,Senior Store Associate,"Hyderabad, Telangana",Organised Retail,78
2025-08-15,Counter Sales Executive,"Hyderabad, Telangana",Retail,39
2025-08-15,Retail Sales Assosiate,"Hyderabad, Telangana",Organised Retail,26
2025-09-15,Retail Sales Associate,"Hyderabad, Telangana",Organised Retail,118
2025-09-15,Store Associate,"Hyderabad, Telangana",Retail,79
2025-09-15,Counter Sales Executive,"Hyderabad, Telangana",Organised Retail,39
2025-09-15,Retail Sales Assosiate,"Hyderabad, Telangana",Retail,26
2025-10-15,Retail Sales Associate,Hyderabad,Retail,109
2025-10-15,Senior Store Associate,Hyd,Organised Retail,73
2025-10-15,Counter Sales Executive,Secunderabad,Retail,37
2025-10-15,Retail Sales Assosiate,Hyderabad,Organised Retail,24
2025-11-15,Retail Sales Associate,Hyd,Organised Retail,107
2025-11-15,Store Associate,Secunderabad,Retail,72
2025-11-15,Counter Sales Executive,Hyderabad,Organised Retail,36
2025-11-15,Retail Sales Assosiate,Hyd,Retail,24
2025-12-15,Retail Sales Associate,Secunderabad,Retail,105
2025-12-15,Senior Store Associate,Hyderabad,Organised Retail,70
2025-12-15,Counter Sales Executive,Hyd,Retail,35
2025-12-15,Retail Sales Assosiate,Secunderabad,Organised Retail,24
2026-01-15,Retail Sales Associate,"Hyderabad, Telangana",Organised Retail,109
2026-01-15,Store Associate,"Hyderabad, Telangana",Retail,73
2026-01-15,Counter Sales Executive,"Hyderabad, Telangana",Organised Retail,37
2026-01-15,Retail Sales Assosiate,"Hyderabad, Telangana",Retail,24
2026-02-15,Retail Sales Associate,Hyd,Retail,107
2026-02-15,Senior Store Associate,Secunderabad,Organised Retail,71
2026-02-15,Counter Sales Executive,Hyderabad,Retail,36
2026-02-15,Retail Sales Assosiate,Hyd,Organised Retail,24
2026-03-15,Retail Sales Associate,Secunderabad,Organised Retail,105
2026-03-15,Store Associate,Hyderabad,Retail,70
2026-03-15,Counter Sales Executive,Hyd,Organised Retail,35
2026-03-15,Retail Sales Assosiate,Secunderabad,Retail,23
2026-04-15,Retail Sales Associate,Hyderabad,Retail,104
2026-04-15,Senior Store Associate,Hyd,Organised Retail,70
2026-04-15,Counter Sales Executive,Secunderabad,Retail,35
2026-04-15,Retail Sales Assosiate,Hyderabad,Organised Retail,23
2026-05-15,Retail Sales Associate,Hyd,Organised Retail,104
2026-05-15,Store Associate,Secunderabad,Retail,70
2026-05-15,Counter Sales Executive,Hyderabad,Organised Retail,35
2026-05-15,Retail Sales Assosiate,Hyd,Retail,23
2026-06-15,Retail Sales Associate,Secunderabad,Retail,106
2026-06-15,Senior Store Associate,Hyderabad,Organised Retail,71
2026-06-15,Counter Sales Executive,Hyd,Retail,35
2026-06-15,Retail Sales Assosiate,Secunderabad,Organised Retail,24
2026-07-15,Retail Sales Associate,Hyderabad,Organised Retail,107
2026-07-15,Store Associate,Hyd,Retail,72
2026-07-15,Counter Sales Executive,Secunderabad,Organised Retail,36
2026-07-15,Retail Sales Assosiate,Hyderabad,Retail,24
2026-08-15,Retail Sales Associate,Hyd,Retail,109
2026-08-15,Senior Store Associate,Secunderabad,Organised Retail,73
2026-08-15,Counter Sales Executive,Hyderabad,Retail,37
2026-08-15,Retail Sales Assosiate,Hyd,Organised Retail,24
2026-09-15,Retail Sales Associate,Secunderabad,Organised Retail,110
2026-09-15,Store Associate,Hyderabad,Retail,73
2026-09-15,Counter Sales Executive,Hyd,Organised Retail,37
2026-09-15,Retail Sales Assosiate,Secunderabad,Retail,24
2024-10-15,Solar Technician,Hyderabad,Renewable Energy,16
2024-10-15,Senior Solar PV Installer,Hyd,Green Jobs,11
2024-10-15,Rooftop Solar Installer,Secunderabad,Power,5
2024-10-15,Solar Technician - Rooftop,Hyderabad,Renewable Energy,4
2024-11-15,Solar Technician,Hyd,Green Jobs,17
2024-11-15,Solar PV Installer,Secunderabad,Power,11
2024-11-15,Rooftop Solar Installer,Hyderabad,Renewable Energy,5
2024-11-15,Solar Technician - Rooftop,Hyd,Green Jobs,4
2024-12-15,Solar Technician,Secunderabad,Power,17
2024-12-15,Senior Solar PV Installer,Hyderabad,Renewable Energy,11
2024-12-15,Rooftop Solar Installer,Hyd,Green Jobs,6
2024-12-15,Solar Technician - Rooftop,Secunderabad,Power,4
2025-01-15,Solar Technician,Hyderabad,Renewable Energy,19
2025-01-15,Solar PV Installer,Hyd,Green Jobs,12
2025-01-15,Rooftop Solar Installer,Secunderabad,Power,6
2025-01-15,Solar Technician - Rooftop,Hyderabad,Renewable Energy,4
2025-02-15,Solar Technician,Hyd,Green Jobs,19
2025-02-15,Senior Solar PV Installer,Secunderabad,Power,13
2025-02-15,Rooftop Solar Installer,Hyderabad,Renewable Energy,7
2025-02-15,Solar Technician - Rooftop,Hyd,Green Jobs,4
2025-03-15,Solar Technician,Secunderabad,Power,20
2025-03-15,Solar PV Installer,Hyderabad,Renewable Energy,13
2025-03-15,Rooftop Solar Installer,Hyd,Green Jobs,7
2025-03-15,Solar Technician - Rooftop,Secunderabad,Power,4
2025-04-15,Solar Technician,Hyderabad,Renewable Energy,20
2025-04-15,Senior Solar PV Installer,Hyd,Green Jobs,13
2025-04-15,Rooftop Solar Installer,Secunderabad,Power,7
2025-04-15,Solar Technician - Rooftop,Hyderabad,Renewable Energy,4
2025-05-15,Solar Technician,Hyd,Green Jobs,20
2025-05-15,Solar PV Installer,Secunderabad,Power,14
2025-05-15,Rooftop Solar Installer,Hyderabad,Renewable Energy,7
2025-05-15,Solar Technician - Rooftop,Hyd,Green Jobs,4
2025-06-15,Solar Technician,Secunderabad,Power,20
2025-06-15,Senior Solar PV Installer,Hyderabad,Renewable Energy,14
2025-06-15,Rooftop Solar Installer,Hyd,Green Jobs,7
2025-06-15,Solar Technician - Rooftop,Secunderabad,Power,4
2025-07-15,Solar Technician,"Hyderabad, Telangana",Renewable Energy,20
2025-07-15,Solar PV Installer,"Hyderabad, Telangana",Green Jobs,13
2025-07-15,Rooftop Solar Installer,"Hyderabad, Telangana",Power,7
2025-07-15,Solar Technician - Rooftop,"Hyderabad, Telangana",Renewable Energy,4
2025-08-15,Solar Technician,Hyd,Green Jobs,20
2025-08-15,Senior Solar PV Installer,Secunderabad,Power,14
2025-08-15,Rooftop Solar Installer,Hyderabad,Renewable Energy,7
2025-08-15,Solar Technician - Rooftop,Hyd,Green Jobs,4
2025-09-15,Solar Technician,Secunderabad,Power,20
2025-09-15,Solar PV Installer,Hyderabad,Renewable Energy,14
2025-09-15,Rooftop Solar Installer,Hyd,Green Jobs,7
2025-09-15,Solar Technician - Rooftop,Secunderabad,Power,4
2025-10-15,Solar Technician,Hyderabad,Renewable Energy,20
2025-10-15,Senior Solar PV Installer,Hyd,Green Jobs,14
2025-10-15,Rooftop Solar Installer,Secunderabad,Power,7
2025-10-15,Solar Technician - Rooftop,Hyderabad,Renewable Energy,4
2025-11-15,Solar Technician,Hyd,Green Jobs,21
2025-11-15,Solar PV Installer,Secunderabad,Power,14
2025-11-15,Rooftop Solar Installer,Hyderabad,Renewable Energy,7
2025-11-15,Solar Technician - Rooftop,Hyd,Green Jobs,4
2025-12-15,Solar Technician,"Hyderabad, Telangana",Power,22
2025-12-15,Senior Solar PV Installer,"Hyderabad, Telangana",Renewable Energy,14
2025-12-15,Rooftop Solar Installer,"Hyderabad, Telangana",Green Jobs,7
2025-12-15,Solar Technician - Rooftop,"Hyderabad, Telangana",Power,5
2026-01-15,Solar Technician,Hyderabad,Renewable Energy,20
2026-01-15,Solar PV Installer,Hyd,Green Jobs,13
2026-01-15,Rooftop Solar Installer,Secunderabad,Power,7
2026-01-15,Solar Technician - Rooftop,Hyderabad,Renewable Energy,4
2026-02-15,Solar Technician,Hyd,Green Jobs,20
2026-02-15,Senior Solar PV Installer,Secunderabad,Power,14
2026-02-15,Rooftop Solar Installer,Hyderabad,Renewable Energy,7
2026-02-15,Solar Technician - Rooftop,Hyd,Green Jobs,4
2026-03-15,Solar Technician,Secunderabad,Power,21
2026-03-15,Solar PV Installer,Hyderabad,Renewable Energy,14
2026-03-15,Rooftop Solar Installer,Hyd,Green Jobs,7
2026-03-15,Solar Technician - Rooftop,Secunderabad,Power,4
2026-04-15,Solar Technician,Hyderabad,Renewable Energy,21
2026-04-15,Senior Solar PV Installer,Hyd,Green Jobs,14
2026-04-15,Rooftop Solar Installer,Secunderabad,Power,7
2026-04-15,Solar Technician - Rooftop,Hyderabad,Renewable Energy,5
2026-05-15,Solar Technician,Hyd,Green Jobs,21
2026-05-15,Solar PV Installer,Secunderabad,Power,14
2026-05-15,Rooftop Solar Installer,Hyderabad,Renewable Energy,7
2026-05-15,Solar Technician - Rooftop,Hyd,Green Jobs,5
2026-06-15,Solar Technician,Secunderabad,Power,21
2026-06-15,Senior Solar PV Installer,Hyderabad,Renewable Energy,14
2026-06-15,Rooftop Solar Installer,Hyd,Green Jobs,7
2026-06-15,Solar Technician - Rooftop,Secunderabad,Power,5
2026-07-15,Solar Technician,Hyderabad,Renewable Energy,21
2026-07-15,Solar PV Installer,Hyd,Green Jobs,14
2026-07-15,Rooftop Solar Installer,Secunderabad,Power,7
2026-07-15,Solar Technician - Rooftop,Hyderabad,Renewable Energy,5
2026-08-15,Solar Technician,Hyd,Green Jobs,21
2026-08-15,Senior Solar PV Installer,Secunderabad,Power,14
2026-08-15,Rooftop Solar Installer,Hyderabad,Renewable Energy,7
2026-08-15,Solar Technician - Rooftop,Hyd,Green Jobs,5
2026-09-15,Solar Technician,Secunderabad,Power,21
2026-09-15,Solar PV Installer,Hyderabad,Renewable Energy,14
2026-09-15,Rooftop Solar Installer,Hyd,Green Jobs,7
2026-09-15,Solar Technician - Rooftop,Secunderabad,Power,5
2024-10-15,Software Developer,Rangareddy,IT & Digital,185
2024-10-15,Senior Software Engineer,Ranga Reddy,IT/ITES,124
2024-10-15,Full Stack Developer,Gachibowli,Information Technology,62
2024-10-15,Java Developer,Rangareddy,IT & Digital,41
2024-11-15,Software Developer,Ranga Reddy,IT/ITES,188
2024-11-15,Software Engineer,Gachibowli,Information Technology,125
2024-11-15,Full Stack Developer,Rangareddy,IT & Digital,63
2024-11-15,Java Developer,Ranga Reddy,IT/ITES,42
2024-12-15,Software Developer,Gachibowli,Information Technology,189
2024-12-15,Senior Software Engineer,Rangareddy,IT & Digital,126
2024-12-15,Full Stack Developer,Ranga Reddy,IT/ITES,63
2024-12-15,Java Developer,Gachibowli,Information Technology,42
2025-01-15,Software Developer,Rangareddy District,IT & Digital,190
2025-01-15,Software Engineer,Ranga Reddy,IT/ITES,127
2025-01-15,Full Stack Developer,Rangareddy District,Information Technology,63
2025-01-15,Java Developer,Rangareddy District,IT & Digital,42
2025-02-15,Software Developer,Ranga Reddy,IT/ITES,188
2025-02-15,Senior Software Engineer,Gachibowli,Information Technology,125
2025-02-15,Full Stack Developer,Rangareddy,IT & Digital,63
2025-02-15,Java Developer,Ranga Reddy,IT/ITES,42
2025-03-15,Software Developer,Gachibowli,Information Technology,186
2025-03-15,Software Engineer,Rangareddy,IT & Digital,124
2025-03-15,Full Stack Developer,Ranga Reddy,IT/ITES,62
2025-03-15,Java Developer,Gachibowli,Information Technology,42
2025-04-15,Software Developer,Rangareddy,IT & Digital,185
2025-04-15,Senior Software Engineer,Ranga Reddy,IT/ITES,123
2025-04-15,Full Stack Developer,Gachibowli,Information Technology,62
2025-04-15,Java Developer,Rangareddy,IT & Digital,41
2025-05-15,Software Developer,Ranga Reddy,IT/ITES,185
2025-05-15,Software Engineer,Gachibowli,Information Technology,124
2025-05-15,Full Stack Developer,Rangareddy,IT & Digital,62
2025-05-15,Java Developer,Ranga Reddy,IT/ITES,41
2025-06-15,Software Developer,Gachibowli,Information Technology,188
2025-06-15,Senior Software Engineer,Rangareddy,IT & Digital,125
2025-06-15,Full Stack Developer,Ranga Reddy,IT/ITES,63
2025-06-15,Java Developer,Gachibowli,Information Technology,42
2025-07-15,Software Developer,Rangareddy,IT & Digital,193
2025-07-15,Software Engineer,Ranga Reddy,IT/ITES,128
2025-07-15,Full Stack Developer,Gachibowli,Information Technology,64
2025-07-15,Java Developer,Rangareddy,IT & Digital,43
2025-08-15,Software Developer,Ranga Reddy,IT/ITES,199
2025-08-15,Senior Software Engineer,Gachibowli,Information Technology,132
2025-08-15,Full Stack Developer,Rangareddy,IT & Digital,66
2025-08-15,Java Developer,Ranga Reddy,IT/ITES,44
2025-09-15,Software Developer,Gachibowli,Information Technology,204
2025-09-15,Software Engineer,Rangareddy,IT & Digital,136
2025-09-15,Full Stack Developer,Ranga Reddy,IT/ITES,68
2025-09-15,Java Developer,Gachibowli,Information Technology,45
2025-10-15,Software Developer,Rangareddy,IT & Digital,196
2025-10-15,Senior Software Engineer,Ranga Reddy,IT/ITES,131
2025-10-15,Full Stack Developer,Gachibowli,Information Technology,65
2025-10-15,Java Developer,Rangareddy,IT & Digital,44
2025-11-15,Software Developer,Ranga Reddy,IT/ITES,199
2025-11-15,Software Engineer,Gachibowli,Information Technology,133
2025-11-15,Full Stack Developer,Rangareddy,IT & Digital,66
2025-11-15,Java Developer,Ranga Reddy,IT/ITES,44
2025-12-15,Software Developer,Gachibowli,Information Technology,199
2025-12-15,Senior Software Engineer,Rangareddy,IT & Digital,133
2025-12-15,Full Stack Developer,Ranga Reddy,IT/ITES,67
2025-12-15,Java Developer,Gachibowli,Information Technology,44
2026-01-15,Software Developer,Rangareddy,IT & Digital,210
2026-01-15,Software Engineer,Ranga Reddy,IT/ITES,140
2026-01-15,Full Stack Developer,Gachibowli,Information Technology,70
2026-01-15,Java Developer,Rangareddy,IT & Digital,46
2026-02-15,Software Developer,Rangareddy District,IT/ITES,208
2026-02-15,Senior Software Engineer,Rangareddy District,Information Technology,139
2026-02-15,Full Stack Developer,Rangareddy District,IT & Digital,69
2026-02-15,Java Developer,Rangareddy District,IT/ITES,46
2026-03-15,Software Developer,Gachibowli,Information Technology,206
2026-03-15,Software Engineer,Rangareddy,IT & Digital,137
2026-03-15,Full Stack Developer,Ranga Reddy,IT/ITES,68
2026-03-15,Java Developer,Gachibowli,Information Technology,46
2026-04-15,Software Developer,Rangareddy,IT & Digital,204
2026-04-15,Senior Software Engineer,Ranga Reddy,IT/ITES,136
2026-04-15,Full Stack Developer,Gachibowli,Information Technology,68
2026-04-15,Java Developer,Rangareddy,IT & Digital,46
2026-05-15,Software Developer,Ranga Reddy,IT/ITES,205
2026-05-15,Software Engineer,Gachibowli,Information Technology,137
2026-05-15,Full Stack Developer,Rangareddy,IT & Digital,68
2026-05-15,Java Developer,Ranga Reddy,IT/ITES,45
2026-06-15,Software Developer,Gachibowli,Information Technology,208
2026-06-15,Senior Software Engineer,Rangareddy,IT & Digital,139
2026-06-15,Full Stack Developer,Ranga Reddy,IT/ITES,69
2026-06-15,Java Developer,Gachibowli,Information Technology,46
2026-07-15,Software Developer,Rangareddy,IT & Digital,213
2026-07-15,Software Engineer,Ranga Reddy,IT/ITES,142
2026-07-15,Full Stack Developer,Gachibowli,Information Technology,71
2026-07-15,Java Developer,Rangareddy,IT & Digital,47
2026-08-15,Software Developer,Ranga Reddy,IT/ITES,219
2026-08-15,Senior Software Engineer,Gachibowli,Information Technology,146
2026-08-15,Full Stack Developer,Rangareddy,IT & Digital,73
2026-08-15,Java Developer,Ranga Reddy,IT/ITES,49
2026-09-15,Software Developer,Gachibowli,Information Technology,226
2026-09-15,Software Engineer,Rangareddy,IT & Digital,150
2026-09-15,Full Stack Developer,Ranga Reddy,IT/ITES,75
2026-09-15,Java Developer,Gachibowli,Information Technology,50
2024-10-15,Data Entry Operator,Rangareddy,IT & Digital,62
2024-10-15,Senior Back Office Executive,Ranga Reddy,IT/ITES,42
2024-10-15,Computer Operator,Gachibowli,Information Technology,21
2024-10-15,Data Entry Opertor,Rangareddy,IT & Digital,14
2024-11-15,Data Entry Operator,Ranga Reddy,IT/ITES,62
2024-11-15,Back Office Executive,Gachibowli,Information Technology,41
2024-11-15,Computer Operator,Rangareddy,IT & Digital,21
2024-11-15,Data Entry Opertor,Ranga Reddy,IT/ITES,14
2024-12-15,Data Entry Operator,Gachibowli,Information Technology,61
2024-12-15,Senior Back Office Executive,Rangareddy,IT & Digital,41
2024-12-15,Computer Operator,Ranga Reddy,IT/ITES,20
2024-12-15,Data Entry Opertor,Gachibowli,Information Technology,14
2025-01-15,Data Entry Operator,Rangareddy,IT & Digital,59
2025-01-15,Back Office Executive,Ranga Reddy,IT/ITES,40
2025-01-15,Computer Operator,Gachibowli,Information Technology,20
2025-01-15,Data Entry Opertor,Rangareddy,IT & Digital,13
2025-02-15,Data Entry Operator,Ranga Reddy,IT/ITES,58
2025-02-15,Senior Back Office Executive,Gachibowli,Information Technology,38
2025-02-15,Computer Operator,Rangareddy,IT & Digital,19
2025-02-15,Data Entry Opertor,Ranga Reddy,IT/ITES,13
2025-03-15,Data Entry Operator,Gachibowli,Information Technology,55
2025-03-15,Back Office Executive,Rangareddy,IT & Digital,37
2025-03-15,Computer Operator,Ranga Reddy,IT/ITES,19
2025-03-15,Data Entry Opertor,Gachibowli,Information Technology,12
2025-04-15,Data Entry Operator,Rangareddy,IT & Digital,53
2025-04-15,Senior Back Office Executive,Ranga Reddy,IT/ITES,36
2025-04-15,Computer Operator,Gachibowli,Information Technology,18
2025-04-15,Data Entry Opertor,Rangareddy,IT & Digital,12
2025-05-15,Data Entry Operator,Ranga Reddy,IT/ITES,52
2025-05-15,Back Office Executive,Gachibowli,Information Technology,35
2025-05-15,Computer Operator,Rangareddy,IT & Digital,17
2025-05-15,Data Entry Opertor,Ranga Reddy,IT/ITES,12
2025-06-15,Data Entry Operator,Gachibowli,Information Technology,51
2025-06-15,Senior Back Office Executive,Rangareddy,IT & Digital,34
2025-06-15,Computer Operator,Ranga Reddy,IT/ITES,17
2025-06-15,Data Entry Opertor,Gachibowli,Information Technology,11
2025-07-15,Data Entry Operator,Rangareddy,IT & Digital,51
2025-07-15,Back Office Executive,Ranga Reddy,IT/ITES,34
2025-07-15,Computer Operator,Gachibowli,Information Technology,17
2025-07-15,Data Entry Opertor,Rangareddy,IT & Digital,11
2025-08-15,Data Entry Operator,Ranga Reddy,IT/ITES,51
2025-08-15,Senior Back Office Executive,Gachibowli,Information Technology,34
2025-08-15,Computer Operator,Rangareddy,IT & Digital,17
2025-08-15,Data Entry Opertor,Ranga Reddy,IT/ITES,11
2025-09-15,Data Entry Operator,Gachibowli,Information Technology,51
2025-09-15,Back Office Executive,Rangareddy,IT & Digital,34
2025-09-15,Computer Operator,Ranga Reddy,IT/ITES,17
2025-09-15,Data Entry Opertor,Gachibowli,Information Technology,11
2025-10-15,Data Entry Operator,Rangareddy,IT & Digital,55
2025-10-15,Senior Back Office Executive,Ranga Reddy,IT/ITES,37
2025-10-15,Computer Operator,Gachibowli,Information Technology,18
2025-10-15,Data Entry Opertor,Rangareddy,IT & Digital,12
2025-11-15,Data Entry Operator,Ranga Reddy,IT/ITES,55
2025-11-15,Back Office Executive,Gachibowli,Information Technology,37
2025-11-15,Computer Operator,Rangareddy,IT & Digital,18
2025-11-15,Data Entry Opertor,Ranga Reddy,IT/ITES,12
2025-12-15,Data Entry Operator,Gachibowli,Information Technology,54
2025-12-15,Senior Back Office Executive,Rangareddy,IT & Digital,36
2025-12-15,Computer Operator,Ranga Reddy,IT/ITES,18
2025-12-15,Data Entry Opertor,Gachibowli,Information Technology,12
2026-01-15,Data Entry Operator,Rangareddy,IT & Digital,56
2026-01-15,Back Office Executive,Ranga Reddy,IT/ITES,38
2026-01-15,Computer Operator,Gachibowli,Information Technology,19
2026-01-15,Data Entry Opertor,Rangareddy,IT & Digital,12
2026-02-15,Data Entry Operator,Ranga Reddy,IT/ITES,55
2026-02-15,Senior Back Office Executive,Gachibowli,Information Technology,36
2026-02-15,Computer Operator,Rangareddy,IT & Digital,18
2026-02-15,Data Entry Opertor,Ranga Reddy,IT/ITES,12
2026-03-15,Data Entry Operator,Gachibowli,Information Technology,53
2026-03-15,Back Office Executive,Rangareddy,IT & Digital,35
2026-03-15,Computer Operator,Ranga Reddy,IT/ITES,17
2026-03-15,Data Entry Opertor,Gachibowli,Information Technology,12
2026-04-15,Data Entry Operator,Rangareddy,IT & Digital,51
2026-04-15,Senior Back Office Executive,Ranga Reddy,IT/ITES,34
2026-04-15,Computer Operator,Gachibowli,Information Technology,17
2026-04-15,Data Entry Opertor,Rangareddy,IT & Digital,11
2026-05-15,Data Entry Operator,Ranga Reddy,IT/ITES,50
2026-05-15,Back Office Executive,Gachibowli,Information Technology,33
2026-05-15,Computer Operator,Rangareddy,IT & Digital,16
2026-05-15,Data Entry Opertor,Ranga Reddy,IT/ITES,11
2026-06-15,Data Entry Operator,Gachibowli,Information Technology,49
2026-06-15,Senior Back Office Executive,Rangareddy,IT & Digital,32
2026-06-15,Computer Operator,Ranga Reddy,IT/ITES,16
2026-06-15,Data Entry Opertor,Gachibowli,Information Technology,11
2026-07-15,Data Entry Operator,Rangareddy,IT & Digital,49
2026-07-15,Back Office Executive,Ranga Reddy,IT/ITES,32
2026-07-15,Computer Operator,Gachibowli,Information Technology,16
2026-07-15,Data Entry Opertor,Rangareddy,IT & Digital,11
2026-08-15,Data Entry Operator,Rangareddy District,IT/ITES,49
2026-08-15,Senior Back Office Executive,Rangareddy District,Information Technology,32
2026-08-15,Computer Operator,Rangareddy District,IT & Digital,16
2026-08-15,Data Entry Opertor,Rangareddy District,IT/ITES,11
2026-09-15,Data Entry Operator,Rangareddy District,Information Technology,49
2026-09-15,Back Office Executive,Rangareddy District,IT & Digital,32
2026-09-15,Computer Operator,Rangareddy District,IT/ITES,16
2026-09-15,Data Entry Opertor,Rangareddy District,Information Technology,11
2024-10-15,Digital Marketing Executive,Rangareddy,IT & Digital,32
2024-10-15,Senior SEO Executive,Ranga Reddy,IT/ITES,21
2024-10-15,Social Media Executive,Gachibowli,Information Technology,11
2024-10-15,Performance Marketing Associate,Rangareddy,IT & Digital,7
2024-11-15,Digital Marketing Executive,Ranga Reddy,IT/ITES,32
2024-11-15,SEO Executive,Gachibowli,Information Technology,22
2024-11-15,Social Media Executive,Rangareddy,IT & Digital,11
2024-11-15,Performance Marketing Associate,Ranga Reddy,IT/ITES,7
2024-12-15,Digital Marketing Executive,Rangareddy District,Information Technology,34
2024-12-15,Senior SEO Executive,Rangareddy District,IT & Digital,23
2024-12-15,Social Media Executive,Rangareddy District,IT/ITES,11
2024-12-15,Performance Marketing Associate,Rangareddy District,Information Technology,7
2025-01-15,Digital Marketing Executive,Rangareddy,IT & Digital,33
2025-01-15,SEO Executive,Ranga Reddy,IT/ITES,22
2025-01-15,Social Media Executive,Gachibowli,Information Technology,11
2025-01-15,Performance Marketing Associate,Rangareddy,IT & Digital,8
2025-02-15,Digital Marketing Executive,Ranga Reddy,IT/ITES,34
2025-02-15,Senior SEO Executive,Gachibowli,Information Technology,23
2025-02-15,Social Media Executive,Rangareddy,IT & Digital,11
2025-02-15,Performance Marketing Associate,Ranga Reddy,IT/ITES,8
2025-03-15,Digital Marketing Executive,Gachibowli,Information Technology,34
2025-03-15,SEO Executive,Rangareddy,IT & Digital,23
2025-03-15,Social Media Executive,Ranga Reddy,IT/ITES,11
2025-03-15,Performance Marketing Associate,Gachibowli,Information Technology,8
2025-04-15,Digital Marketing Executive,Rangareddy District,IT & Digital,34
2025-04-15,Senior SEO Executive,Rangareddy District,IT/ITES,23
2025-04-15,Social Media Executive,Rangareddy District,Information Technology,11
2025-04-15,Performance Marketing Associate,Rangareddy District,IT & Digital,8
2025-05-15,Digital Marketing Executive,Rangareddy District,IT/ITES,34
2025-05-15,SEO Executive,Rangareddy District,Information Technology,23
2025-05-15,Social Media Executive,Rangareddy District,IT & Digital,11
2025-05-15,Performance Marketing Associate,Rangareddy District,IT/ITES,7
2025-06-15,Digital Marketing Executive,Gachibowli,Information Technology,33
2025-06-15,Senior SEO Executive,Rangareddy,IT & Digital,22
2025-06-15,Social Media Executive,Ranga Reddy,IT/ITES,11
2025-06-15,Performance Marketing Associate,Gachibowli,Information Technology,8
2025-07-15,Digital Marketing Executive,Rangareddy,IT & Digital,33
2025-07-15,SEO Executive,Ranga Reddy,IT/ITES,22
2025-07-15,Social Media Executive,Gachibowli,Information Technology,11
2025-07-15,Performance Marketing Associate,Rangareddy,IT & Digital,8
2025-08-15,Digital Marketing Executive,Ranga Reddy,IT/ITES,33
2025-08-15,Senior SEO Executive,Gachibowli,Information Technology,22
2025-08-15,Social Media Executive,Rangareddy,IT & Digital,11
2025-08-15,Performance Marketing Associate,Ranga Reddy,IT/ITES,8
2025-09-15,Digital Marketing Executive,Gachibowli,Information Technology,34
2025-09-15,SEO Executive,Rangareddy,IT & Digital,23
2025-09-15,Social Media Executive,Ranga Reddy,IT/ITES,11
2025-09-15,Performance Marketing Associate,Gachibowli,Information Technology,7
2025-10-15,Digital Marketing Executive,Rangareddy,IT & Digital,35
2025-10-15,Senior SEO Executive,Ranga Reddy,IT/ITES,23
2025-10-15,Social Media Executive,Gachibowli,Information Technology,11
2025-10-15,Performance Marketing Associate,Rangareddy,IT & Digital,8
2025-11-15,Digital Marketing Executive,Ranga Reddy,IT/ITES,36
2025-11-15,SEO Executive,Gachibowli,Information Technology,24
2025-11-15,Social Media Executive,Rangareddy,IT & Digital,12
2025-11-15,Performance Marketing Associate,Ranga Reddy,IT/ITES,8
2025-12-15,Digital Marketing Executive,Rangareddy District,Information Technology,37
2025-12-15,Senior SEO Executive,Rangareddy District,IT & Digital,25
2025-12-15,Social Media Executive,Rangareddy District,IT/ITES,12
2025-12-15,Performance Marketing Associate,Rangareddy District,Information Technology,8
2026-01-15,Digital Marketing Executive,Rangareddy,IT & Digital,40
2026-01-15,SEO Executive,Ranga Reddy,IT/ITES,27
2026-01-15,Social Media Executive,Gachibowli,Information Technology,13
2026-01-15,Performance Marketing Associate,Rangareddy,IT & Digital,9
2026-02-15,Digital Marketing Executive,Ranga Reddy,IT/ITES,41
2026-02-15,Senior SEO Executive,Gachibowli,Information Technology,27
2026-02-15,Social Media Executive,Rangareddy,IT & Digital,14
2026-02-15,Performance Marketing Associate,Ranga Reddy,IT/ITES,9
2026-03-15,Digital Marketing Executive,Gachibowli,Information Technology,41
2026-03-15,SEO Executive,Rangareddy,IT & Digital,28
2026-03-15,Social Media Executive,Ranga Reddy,IT/ITES,14
2026-03-15,Performance Marketing Associate,Gachibowli,Information Technology,9
2026-04-15,Digital Marketing Executive,Rangareddy District,IT & Digital,41
2026-04-15,Senior SEO Executive,Rangareddy District,IT/ITES,27
2026-04-15,Social Media Executive,Rangareddy District,Information Technology,14
2026-04-15,Performance Marketing Associate,Rangareddy District,IT & Digital,9
2026-05-15,Digital Marketing Executive,Rangareddy District,IT/ITES,41
2026-05-15,SEO Executive,Rangareddy District,Information Technology,27
2026-05-15,Social Media Executive,Rangareddy District,IT & Digital,13
2026-05-15,Performance Marketing Associate,Rangareddy District,IT/ITES,9
2026-06-15,Digital Marketing Executive,Gachibowli,Information Technology,40
2026-06-15,Senior SEO Executive,Rangareddy,IT & Digital,27
2026-06-15,Social Media Executive,Ranga Reddy,IT/ITES,13
2026-06-15,Performance Marketing Associate,Gachibowli,Information Technology,9
2026-07-15,Digital Marketing Executive,Rangareddy,IT & Digital,40
2026-07-15,SEO Executive,Ranga Reddy,IT/ITES,26
2026-07-15,Social Media Executive,Gachibowli,Information Technology,13
2026-07-15,Performance Marketing Associate,Rangareddy,IT & Digital,9
2026-08-15,Digital Marketing Executive,Ranga Reddy,IT/ITES,40
2026-08-15,Senior SEO Executive,Gachibowli,Information Technology,26
2026-08-15,Social Media Executive,Rangareddy,IT & Digital,13
2026-08-15,Performance Marketing Associate,Ranga Reddy,IT/ITES,9
2026-09-15,Digital Marketing Executive,Gachibowli,Information Technology,41
2026-09-15,SEO Executive,Rangareddy,IT & Digital,27
2026-09-15,Social Media Executive,Ranga Reddy,IT/ITES,13
2026-09-15,Performance Marketing Associate,Gachibowli,Information Technology,9
2024-10-15,General Duty Assistant,Rangareddy,Healthcare,37
2024-10-15,Senior Patient Care Assistant,Ranga Reddy,Hospitals,25
2024-10-15,Nursing Assistant,Gachibowli,Healthcare,12
2024-10-15,Hospital Attendant,Rangareddy,Hospitals,8
2024-11-15,General Duty Assistant,Ranga Reddy,Hospitals,37
2024-11-15,Patient Care Assistant,Gachibowli,Healthcare,25
2024-11-15,Nursing Assistant,Rangareddy,Hospitals,13
2024-11-15,Hospital Attendant,Ranga Reddy,Healthcare,8
2024-12-15,General Duty Assistant,Gachibowli,Healthcare,37
2024-12-15,Senior Patient Care Assistant,Rangareddy,Hospitals,25
2024-12-15,Nursing Assistant,Ranga Reddy,Healthcare,13
2024-12-15,Hospital Attendant,Gachibowli,Hospitals,8
2025-01-15,General Duty Assistant,Rangareddy,Hospitals,38
2025-01-15,Patient Care Assistant,Ranga Reddy,Healthcare,26
2025-01-15,Nursing Assistant,Gachibowli,Hospitals,13
2025-01-15,Hospital Attendant,Rangareddy,Healthcare,8
2025-02-15,General Duty Assistant,Ranga Reddy,Healthcare,38
2025-02-15,Senior Patient Care Assistant,Gachibowli,Hospitals,25
2025-02-15,Nursing Assistant,Rangareddy,Healthcare,13
2025-02-15,Hospital Attendant,Ranga Reddy,Hospitals,8
2025-03-15,General Duty Assistant,Gachibowli,Hospitals,37
2025-03-15,Patient Care Assistant,Rangareddy,Healthcare,25
2025-03-15,Nursing Assistant,Ranga Reddy,Hospitals,13
2025-03-15,Hospital Attendant,Gachibowli,Healthcare,8
2025-04-15,General Duty Assistant,Rangareddy,Healthcare,37
2025-04-15,Senior Patient Care Assistant,Ranga Reddy,Hospitals,25
2025-04-15,Nursing Assistant,Gachibowli,Healthcare,12
2025-04-15,Hospital Attendant,Rangareddy,Hospitals,8
2025-05-15,General Duty Assistant,Ranga Reddy,Hospitals,37
2025-05-15,Patient Care Assistant,Gachibowli,Healthcare,25
2025-05-15,Nursing Assistant,Rangareddy,Hospitals,12
2025-05-15,Hospital Attendant,Ranga Reddy,Healthcare,8
2025-06-15,General Duty Assistant,Rangareddy District,Healthcare,37
2025-06-15,Senior Patient Care Assistant,Rangareddy District,Hospitals,25
2025-06-15,Nursing Assistant,Rangareddy District,Healthcare,13
2025-06-15,Hospital Attendant,Rangareddy District,Hospitals,8
2025-07-15,General Duty Assistant,Rangareddy,Hospitals,38
2025-07-15,Patient Care Assistant,Ranga Reddy,Healthcare,25
2025-07-15,Nursing Assistant,Gachibowli,Hospitals,13
2025-07-15,Hospital Attendant,Rangareddy,Healthcare,8
2025-08-15,General Duty Assistant,Ranga Reddy,Healthcare,39
2025-08-15,Senior Patient Care Assistant,Gachibowli,Hospitals,26
2025-08-15,Nursing Assistant,Rangareddy,Healthcare,13
2025-08-15,Hospital Attendant,Ranga Reddy,Hospitals,8
2025-09-15,General Duty Assistant,Rangareddy District,Hospitals,40
2025-09-15,Patient Care Assistant,Rangareddy District,Healthcare,26
2025-09-15,Nursing Assistant,Rangareddy District,Hospitals,13
2025-09-15,Hospital Attendant,Rangareddy District,Healthcare,9
2025-10-15,General Duty Assistant,Rangareddy,Healthcare,41
2025-10-15,Senior Patient Care Assistant,Ranga Reddy,Hospitals,27
2025-10-15,Nursing Assistant,Gachibowli,Healthcare,13
2025-10-15,Hospital Attendant,Rangareddy,Hospitals,9
2025-11-15,General Duty Assistant,Ranga Reddy,Hospitals,41
2025-11-15,Patient Care Assistant,Gachibowli,Healthcare,27
2025-11-15,Nursing Assistant,Rangareddy,Hospitals,14
2025-11-15,Hospital Attendant,Ranga Reddy,Healthcare,9
2025-12-15,General Duty Assistant,Gachibowli,Healthcare,41
2025-12-15,Senior Patient Care Assistant,Rangareddy District,Hospitals,28
2025-12-15,Nursing Assistant,Ranga Reddy,Healthcare,14
2025-12-15,Hospital Attendant,Gachibowli,Hospitals,9
2026-01-15,General Duty Assistant,Rangareddy,Hospitals,44
2026-01-15,Patient Care Assistant,Ranga Reddy,Healthcare,29
2026-01-15,Nursing Assistant,Gachibowli,Hospitals,15
2026-01-15,Hospital Attendant,Rangareddy,Healthcare,10
2026-02-15,General Duty Assistant,Ranga Reddy,Healthcare,44
2026-02-15,Senior Patient Care Assistant,Gachibowli,Hospitals,29
2026-02-15,Nursing Assistant,Rangareddy,Healthcare,14
2026-02-15,Hospital Attendant,Ranga Reddy,Hospitals,10
2026-03-15,General Duty Assistant,Gachibowli,Hospitals,43
2026-03-15,Patient Care Assistant,Rangareddy,Healthcare,29
2026-03-15,Nursing Assistant,Ranga Reddy,Hospitals,14
2026-03-15,Hospital Attendant,Gachibowli,Healthcare,10
2026-04-15,General Duty Assistant,Rangareddy,Healthcare,42
2026-04-15,Senior Patient Care Assistant,Ranga Reddy,Hospitals,28
2026-04-15,Nursing Assistant,Gachibowli,Healthcare,14
2026-04-15,Hospital Attendant,Rangareddy,Hospitals,10
2026-05-15,General Duty Assistant,Ranga Reddy,Hospitals,42
2026-05-15,Patient Care Assistant,Gachibowli,Healthcare,28
2026-05-15,Nursing Assistant,Rangareddy,Hospitals,14
2026-05-15,Hospital Attendant,Ranga Reddy,Healthcare,10
2026-06-15,General Duty Assistant,Gachibowli,Healthcare,43
2026-06-15,Senior Patient Care Assistant,Rangareddy,Hospitals,29
2026-06-15,Nursing Assistant,Ranga Reddy,Healthcare,14
2026-06-15,Hospital Attendant,Gachibowli,Hospitals,9
2026-07-15,General Duty Assistant,Rangareddy District,Hospitals,44
2026-07-15,Patient Care Assistant,Rangareddy District,Healthcare,29
2026-07-15,Nursing Assistant,Rangareddy District,Hospitals,14
2026-07-15,Hospital Attendant,Rangareddy District,Healthcare,10
2026-08-15,General Duty Assistant,Ranga Reddy,Healthcare,44
2026-08-15,Senior Patient Care Assistant,Gachibowli,Hospitals,30
2026-08-15,Nursing Assistant,Rangareddy,Healthcare,15
2026-08-15,Hospital Attendant,Ranga Reddy,Hospitals,10
2026-09-15,General Duty Assistant,Gachibowli,Hospitals,46
2026-09-15,Patient Care Assistant,Rangareddy,Healthcare,31
2026-09-15,Nursing Assistant,Ranga Reddy,Hospitals,15
2026-09-15,Hospital Attendant,Gachibowli,Healthcare,10
2024-10-15,Phlebotomist,Rangareddy,Healthcare,13
2024-10-15,Senior Phlebotomy Technician,Ranga Reddy,Hospitals,9
2024-10-15,Lab Collection Technician,Gachibowli,Healthcare,4
2024-10-15,Phlebotomist (Home Collection),Rangareddy,Hospitals,3
2024-11-15,Phlebotomist,Ranga Reddy,Hospitals,13
2024-11-15,Phlebotomy Technician,Gachibowli,Healthcare,9
2024-11-15,Lab Collection Technician,Rangareddy,Hospitals,4
2024-11-15,Phlebotomist (Home Collection),Ranga Reddy,Healthcare,3
2024-12-15,Phlebotomist,Gachibowli,Healthcare,13
2024-12-15,Senior Phlebotomy Technician,Rangareddy,Hospitals,8
2024-12-15,Lab Collection Technician,Ranga Reddy,Healthcare,4
2024-12-15,Phlebotomist (Home Collection),Gachibowli,Hospitals,3
2025-01-15,Phlebotomist,Rangareddy District,Hospitals,14
2025-01-15,Phlebotomy Technician,Rangareddy District,Healthcare,9
2025-01-15,Lab Collection Technician,Rangareddy District,Hospitals,4
2025-01-15,Phlebotomist (Home Collection),Rangareddy District,Healthcare,3
2025-02-15,Phlebotomist,Ranga Reddy,Healthcare,14
2025-02-15,Senior Phlebotomy Technician,Gachibowli,Hospitals,9
2025-02-15,Lab Collection Technician,Rangareddy,Healthcare,4
2025-02-15,Phlebotomist (Home Collection),Ranga Reddy,Hospitals,3
2025-03-15,Phlebotomist,Gachibowli,Hospitals,14
2025-03-15,Phlebotomy Technician,Rangareddy,Healthcare,9
2025-03-15,Lab Collection Technician,Ranga Reddy,Hospitals,4
2025-03-15,Phlebotomist (Home Collection),Gachibowli,Healthcare,3
2025-04-15,Phlebotomist,Rangareddy,Healthcare,14
2025-04-15,Senior Phlebotomy Technician,Ranga Reddy,Hospitals,9
2025-04-15,Lab Collection Technician,Gachibowli,Healthcare,4
2025-04-15,Phlebotomist (Home Collection),Rangareddy,Hospitals,3
2025-05-15,Phlebotomist,Ranga Reddy,Hospitals,14
2025-05-15,Phlebotomy Technician,Gachibowli,Healthcare,9
2025-05-15,Lab Collection Technician,Rangareddy,Hospitals,5
2025-05-15,Phlebotomist (Home Collection),Ranga Reddy,Healthcare,3
2025-06-15,Phlebotomist,Gachibowli,Healthcare,14
2025-06-15,Senior Phlebotomy Technician,Rangareddy,Hospitals,10
2025-06-15,Lab Collection Technician,Ranga Reddy,Healthcare,5
2025-06-15,Phlebotomist (Home Collection),Gachibowli,Hospitals,3
2025-07-15,Phlebotomist,Rangareddy,Hospitals,14
2025-07-15,Phlebotomy Technician,Ranga Reddy,Healthcare,10
2025-07-15,Lab Collection Technician,Gachibowli,Hospitals,5
2025-07-15,Phlebotomist (Home Collection),Rangareddy,Healthcare,3
2025-08-15,Phlebotomist,Ranga Reddy,Healthcare,14
2025-08-15,Senior Phlebotomy Technician,Gachibowli,Hospitals,10
2025-08-15,Lab Collection Technician,Rangareddy,Healthcare,5
2025-08-15,Phlebotomist (Home Collection),Ranga Reddy,Hospitals,3
2025-09-15,Phlebotomist,Rangareddy District,Hospitals,14
2025-09-15,Phlebotomy Technician,Rangareddy District,Healthcare,10
2025-09-15,Lab Collection Technician,Rangareddy District,Hospitals,5
2025-09-15,Phlebotomist (Home Collection),Rangareddy District,Healthcare,3
2025-10-15,Phlebotomist,Rangareddy,Healthcare,14
2025-10-15,Senior Phlebotomy Technician,Ranga Reddy,Hospitals,9
2025-10-15,Lab Collection Technician,Gachibowli,Healthcare,4
2025-10-15,Phlebotomist (Home Collection),Rangareddy,Hospitals,3
2025-11-15,Phlebotomist,Ranga Reddy,Hospitals,14
2025-11-15,Phlebotomy Technician,Gachibowli,Healthcare,9
2025-11-15,Lab Collection Technician,Rangareddy,Hospitals,4
2025-11-15,Phlebotomist (Home Collection),Ranga Reddy,Healthcare,3
2025-12-15,Phlebotomist,Gachibowli,Healthcare,14
2025-12-15,Senior Phlebotomy Technician,Rangareddy,Hospitals,9
2025-12-15,Lab Collection Technician,Ranga Reddy,Healthcare,4
2025-12-15,Phlebotomist (Home Collection),Gachibowli,Hospitals,3
2026-01-15,Phlebotomist,Rangareddy District,Hospitals,12
2026-01-15,Phlebotomy Technician,Rangareddy District,Healthcare,8
2026-01-15,Lab Collection Technician,Rangareddy District,Hospitals,4
2026-01-15,Phlebotomist (Home Collection),Rangareddy District,Healthcare,3
2026-02-15,Phlebotomist,Ranga Reddy,Healthcare,12
2026-02-15,Senior Phlebotomy Technician,Gachibowli,Hospitals,8
2026-02-15,Lab Collection Technician,Rangareddy,Healthcare,4
2026-02-15,Phlebotomist (Home Collection),Ranga Reddy,Hospitals,3
2026-03-15,Phlebotomist,Gachibowli,Hospitals,12
2026-03-15,Phlebotomy Technician,Rangareddy,Healthcare,8
2026-03-15,Lab Collection Technician,Ranga Reddy,Hospitals,4
2026-03-15,Phlebotomist (Home Collection),Gachibowli,Healthcare,3
2026-04-15,Phlebotomist,Rangareddy,Healthcare,13
2026-04-15,Senior Phlebotomy Technician,Ranga Reddy,Hospitals,8
2026-04-15,Lab Collection Technician,Gachibowli,Healthcare,4
2026-04-15,Phlebotomist (Home Collection),Rangareddy,Hospitals,3
2026-05-15,Phlebotomist,Ranga Reddy,Hospitals,13
2026-05-15,Phlebotomy Technician,Gachibowli,Healthcare,9
2026-05-15,Lab Collection Technician,Rangareddy,Hospitals,4
2026-05-15,Phlebotomist (Home Collection),Ranga Reddy,Healthcare,3
2026-06-15,Phlebotomist,Rangareddy District,Healthcare,14
2026-06-15,Senior Phlebotomy Technician,Rangareddy District,Hospitals,9
2026-06-15,Lab Collection Technician,Rangareddy District,Healthcare,4
2026-06-15,Phlebotomist (Home Collection),Rangareddy District,Hospitals,3
2026-07-15,Phlebotomist,Rangareddy District,Hospitals,14
2026-07-15,Phlebotomy Technician,Ranga Reddy,Healthcare,9
2026-07-15,Lab Collection Technician,Gachibowli,Hospitals,4
2026-07-15,Phlebotomist (Home Collection),Rangareddy,Healthcare,3
2026-08-15,Phlebotomist,Ranga Reddy,Healthcare,14
2026-08-15,Senior Phlebotomy Technician,Gachibowli,Hospitals,9
2026-08-15,Lab Collection Technician,Rangareddy,Healthcare,4
2026-08-15,Phlebotomist (Home Collection),Ranga Reddy,Hospitals,3
2026-09-15,Phlebotomist,Gachibowli,Hospitals,14
2026-09-15,Phlebotomy Technician,Rangareddy,Healthcare,9
2026-09-15,Lab Collection Technician,Ranga Reddy,Hospitals,4
2026-09-15,Phlebotomist (Home Collection),Gachibowli,Healthcare,3
2024-10-15,CNC Operator,Rangareddy District,Manufacturing,21
2024-10-15,Senior CNC Machinist,Rangareddy District,Engineering,14
2024-10-15,VMC Operator,Rangareddy District,Manufacturing,7
2024-10-15,CNC Operator - Night Shift,Rangareddy District,Engineering,4
2024-11-15,CNC Operator,Rangareddy District,Engineering,21
2024-11-15,CNC Machinist,Rangareddy District,Manufacturing,14
2024-11-15,VMC Operator,Rangareddy District,Engineering,7
2024-11-15,CNC Operator - Night Shift,Rangareddy District,Manufacturing,5
2024-12-15,CNC Operator,Gachibowli,Manufacturing,21
2024-12-15,Senior CNC Machinist,Rangareddy,Engineering,14
2024-12-15,VMC Operator,Ranga Reddy,Manufacturing,7
2024-12-15,CNC Operator - Night Shift,Gachibowli,Engineering,5
2025-01-15,CNC Operator,Rangareddy,Engineering,24
2025-01-15,CNC Machinist,Ranga Reddy,Manufacturing,16
2025-01-15,VMC Operator,Gachibowli,Engineering,8
2025-01-15,CNC Operator - Night Shift,Rangareddy,Manufacturing,6
2025-02-15,CNC Operator,Ranga Reddy,Manufacturing,24
2025-02-15,Senior CNC Machinist,Gachibowli,Engineering,16
2025-02-15,VMC Operator,Rangareddy,Manufacturing,8
2025-02-15,CNC Operator - Night Shift,Ranga Reddy,Engineering,6
2025-03-15,CNC Operator,Gachibowli,Engineering,24
2025-03-15,CNC Machinist,Rangareddy,Manufacturing,16
2025-03-15,VMC Operator,Ranga Reddy,Engineering,8
2025-03-15,CNC Operator - Night Shift,Gachibowli,Manufacturing,5
2025-04-15,CNC Operator,Rangareddy,Manufacturing,23
2025-04-15,Senior CNC Machinist,Ranga Reddy,Engineering,16
2025-04-15,VMC Operator,Gachibowli,Manufacturing,8
2025-04-15,CNC Operator - Night Shift,Rangareddy,Engineering,5
2025-05-15,CNC Operator,Ranga Reddy,Engineering,23
2025-05-15,CNC Machinist,Gachibowli,Manufacturing,15
2025-05-15,VMC Operator,Rangareddy,Engineering,8
2025-05-15,CNC Operator - Night Shift,Ranga Reddy,Manufacturing,5
2025-06-15,CNC Operator,Gachibowli,Manufacturing,23
2025-06-15,Senior CNC Machinist,Rangareddy,Engineering,15
2025-06-15,VMC Operator,Ranga Reddy,Manufacturing,7
2025-06-15,CNC Operator - Night Shift,Gachibowli,Engineering,5
2025-07-15,CNC Operator,Rangareddy,Engineering,23
2025-07-15,CNC Machinist,Ranga Reddy,Manufacturing,15
2025-07-15,VMC Operator,Gachibowli,Engineering,7
2025-07-15,CNC Operator - Night Shift,Rangareddy,Manufacturing,5
2025-08-15,CNC Operator,Ranga Reddy,Manufacturing,22
2025-08-15,Senior CNC Machinist,Gachibowli,Engineering,15
2025-08-15,VMC Operator,Rangareddy,Manufacturing,7
2025-08-15,CNC Operator - Night Shift,Ranga Reddy,Engineering,5
2025-09-15,CNC Operator,Gachibowli,Engineering,23
2025-09-15,CNC Machinist,Rangareddy,Manufacturing,15
2025-09-15,VMC Operator,Ranga Reddy,Engineering,8
2025-09-15,CNC Operator - Night Shift,Gachibowli,Manufacturing,5
2025-10-15,CNC Operator,Rangareddy,Manufacturing,23
2025-10-15,Senior CNC Machinist,Ranga Reddy,Engineering,15
2025-10-15,VMC Operator,Gachibowli,Manufacturing,8
2025-10-15,CNC Operator - Night Shift,Rangareddy,Engineering,5
2025-11-15,CNC Operator,Ranga Reddy,Engineering,24
2025-11-15,CNC Machinist,Gachibowli,Manufacturing,16
2025-11-15,VMC Operator,Rangareddy,Engineering,8
2025-11-15,CNC Operator - Night Shift,Ranga Reddy,Manufacturing,5
2025-12-15,CNC Operator,Gachibowli,Manufacturing,24
2025-12-15,Senior CNC Machinist,Rangareddy,Engineering,16
2025-12-15,VMC Operator,Ranga Reddy,Manufacturing,8
2025-12-15,CNC Operator - Night Shift,Gachibowli,Engineering,5
2026-01-15,CNC Operator,Rangareddy,Engineering,23
2026-01-15,CNC Machinist,Ranga Reddy,Manufacturing,15
2026-01-15,VMC Operator,Gachibowli,Engineering,7
2026-01-15,CNC Operator - Night Shift,Rangareddy,Manufacturing,5
2026-02-15,CNC Operator,Ranga Reddy,Manufacturing,22
2026-02-15,Senior CNC Machinist,Gachibowli,Engineering,15
2026-02-15,VMC Operator,Rangareddy,Manufacturing,7
2026-02-15,CNC Operator - Night Shift,Ranga Reddy,Engineering,5
2026-03-15,CNC Operator,Gachibowli,Engineering,22
2026-03-15,CNC Machinist,Rangareddy,Manufacturing,15
2026-03-15,VMC Operator,Ranga Reddy,Engineering,7
2026-03-15,CNC Operator - Night Shift,Gachibowli,Manufacturing,5
2026-04-15,CNC Operator,Rangareddy,Manufacturing,21
2026-04-15,Senior CNC Machinist,Ranga Reddy,Engineering,14
2026-04-15,VMC Operator,Gachibowli,Manufacturing,7
2026-04-15,CNC Operator - Night Shift,Rangareddy,Engineering,5
2026-05-15,CNC Operator,Ranga Reddy,Engineering,21
2026-05-15,CNC Machinist,Gachibowli,Manufacturing,14
2026-05-15,VMC Operator,Rangareddy,Engineering,7
2026-05-15,CNC Operator - Night Shift,Ranga Reddy,Manufacturing,5
2026-06-15,CNC Operator,Rangareddy District,Manufacturing,21
2026-06-15,Senior CNC Machinist,Rangareddy District,Engineering,14
2026-06-15,VMC Operator,Rangareddy District,Manufacturing,7
2026-06-15,CNC Operator - Night Shift,Rangareddy District,Engineering,4
2026-07-15,CNC Operator,Rangareddy,Engineering,20
2026-07-15,CNC Machinist,Ranga Reddy,Manufacturing,14
2026-07-15,VMC Operator,Gachibowli,Engineering,7
2026-07-15,CNC Operator - Night Shift,Rangareddy,Manufacturing,4
2026-08-15,CNC Operator,Rangareddy District,Manufacturing,20
2026-08-15,Senior CNC Machinist,Rangareddy District,Engineering,14
2026-08-15,VMC Operator,Rangareddy District,Manufacturing,7
2026-08-15,CNC Operator - Night Shift,Rangareddy District,Engineering,4
2026-09-15,CNC Operator,Gachibowli,Engineering,21
2026-09-15,CNC Machinist,Rangareddy,Manufacturing,14
2026-09-15,VMC Operator,Ranga Reddy,Engineering,7
2026-09-15,CNC Operator - Night Shift,Gachibowli,Manufacturing,4
2024-10-15,Welder,Rangareddy,Manufacturing,15
2024-10-15,Senior MIG Welder,Ranga Reddy,Engineering,10
2024-10-15,Arc Welder,Gachibowli,Manufacturing,5
2024-10-15,Fabricator cum Welder,Rangareddy,Engineering,4
2024-11-15,Welder,Ranga Reddy,Engineering,16
2024-11-15,MIG Welder,Gachibowli,Manufacturing,11
2024-11-15,Arc Welder,Rangareddy,Engineering,5
2024-11-15,Fabricator cum Welder,Ranga Reddy,Manufacturing,3
2024-12-15,Welder,Gachibowli,Manufacturing,16
2024-12-15,Senior MIG Welder,Rangareddy,Engineering,11
2024-12-15,Arc Welder,Ranga Reddy,Manufacturing,5
2024-12-15,Fabricator cum Welder,Gachibowli,Engineering,3
2025-01-15,Welder,Rangareddy,Engineering,14
2025-01-15,MIG Welder,Ranga Reddy,Manufacturing,10
2025-01-15,Arc Welder,Gachibowli,Engineering,5
2025-01-15,Fabricator cum Welder,Rangareddy,Manufacturing,3
2025-02-15,Welder,Rangareddy District,Manufacturing,15
2025-02-15,Senior MIG Welder,Rangareddy District,Engineering,10
2025-02-15,Arc Welder,Rangareddy District,Manufacturing,5
2025-02-15,Fabricator cum Welder,Rangareddy District,Engineering,3
2025-03-15,Welder,Gachibowli,Engineering,15
2025-03-15,MIG Welder,Rangareddy,Manufacturing,10
2025-03-15,Arc Welder,Ranga Reddy,Engineering,5
2025-03-15,Fabricator cum Welder,Gachibowli,Manufacturing,4
2025-04-15,Welder,Rangareddy,Manufacturing,15
2025-04-15,Senior MIG Welder,Ranga Reddy,Engineering,10
2025-04-15,Arc Welder,Gachibowli,Manufacturing,5
2025-04-15,Fabricator cum Welder,Rangareddy,Engineering,4
2025-05-15,Welder,Ranga Reddy,Engineering,15
2025-05-15,MIG Welder,Gachibowli,Manufacturing,10
2025-05-15,Arc Welder,Rangareddy,Engineering,5
2025-05-15,Fabricator cum Welder,Ranga Reddy,Manufacturing,4
2025-06-15,Welder,Gachibowli,Manufacturing,15
2025-06-15,Senior MIG Welder,Rangareddy,Engineering,10
2025-06-15,Arc Welder,Ranga Reddy,Manufacturing,5
2025-06-15,Fabricator cum Welder,Gachibowli,Engineering,4
2025-07-15,Welder,Rangareddy,Engineering,15
2025-07-15,MIG Welder,Ranga Reddy,Manufacturing,10
2025-07-15,Arc Welder,Gachibowli,Engineering,5
2025-07-15,Fabricator cum Welder,Rangareddy,Manufacturing,4
2025-08-15,Welder,Rangareddy District,Manufacturing,15
2025-08-15,Senior MIG Welder,Rangareddy District,Engineering,10
2025-08-15,Arc Welder,Rangareddy District,Manufacturing,5
2025-08-15,Fabricator cum Welder,Rangareddy District,Engineering,4
2025-09-15,Welder,Gachibowli,Engineering,15
2025-09-15,MIG Welder,Rangareddy,Manufacturing,10
2025-09-15,Arc Welder,Ranga Reddy,Engineering,5
2025-09-15,Fabricator cum Welder,Gachibowli,Manufacturing,3
2025-10-15,Welder,Rangareddy,Manufacturing,14
2025-10-15,Senior MIG Welder,Ranga Reddy,Engineering,10
2025-10-15,Arc Welder,Gachibowli,Manufacturing,5
2025-10-15,Fabricator cum Welder,Rangareddy,Engineering,3
2025-11-15,Welder,Ranga Reddy,Engineering,15
2025-11-15,MIG Welder,Gachibowli,Manufacturing,10
2025-11-15,Arc Welder,Rangareddy,Engineering,5
2025-11-15,Fabricator cum Welder,Ranga Reddy,Manufacturing,3
2025-12-15,Welder,Gachibowli,Manufacturing,15
2025-12-15,Senior MIG Welder,Rangareddy,Engineering,10
2025-12-15,Arc Welder,Ranga Reddy,Manufacturing,5
2025-12-15,Fabricator cum Welder,Gachibowli,Engineering,4
2026-01-15,Welder,Rangareddy,Engineering,19
2026-01-15,MIG Welder,Ranga Reddy,Manufacturing,12
2026-01-15,Arc Welder,Gachibowli,Engineering,6
2026-01-15,Fabricator cum Welder,Rangareddy,Manufacturing,4
2026-02-15,Welder,Rangareddy District,Manufacturing,19
2026-02-15,Senior MIG Welder,Rangareddy District,Engineering,13
2026-02-15,Arc Welder,Rangareddy District,Manufacturing,7
2026-02-15,Fabricator cum Welder,Rangareddy District,Engineering,4
2026-03-15,Welder,Rangareddy District,Engineering,19
2026-03-15,MIG Welder,Rangareddy District,Manufacturing,13
2026-03-15,Arc Welder,Rangareddy District,Engineering,7
2026-03-15,Fabricator cum Welder,Rangareddy District,Manufacturing,4
2026-04-15,Welder,Rangareddy,Manufacturing,20
2026-04-15,Senior MIG Welder,Ranga Reddy,Engineering,13
2026-04-15,Arc Welder,Gachibowli,Manufacturing,7
2026-04-15,Fabricator cum Welder,Rangareddy,Engineering,4
2026-05-15,Welder,Ranga Reddy,Engineering,20
2026-05-15,MIG Welder,Gachibowli,Manufacturing,13
2026-05-15,Arc Welder,Rangareddy,Engineering,7
2026-05-15,Fabricator cum Welder,Ranga Reddy,Manufacturing,4
2026-06-15,Welder,Gachibowli,Manufacturing,20
2026-06-15,Senior MIG Welder,Rangareddy,Engineering,13
2026-06-15,Arc Welder,Ranga Reddy,Manufacturing,7
2026-06-15,Fabricator cum Welder,Gachibowli,Engineering,4
2026-07-15,Welder,Rangareddy,Engineering,19
2026-07-15,MIG Welder,Ranga Reddy,Manufacturing,13
2026-07-15,Arc Welder,Gachibowli,Engineering,7
2026-07-15,Fabricator cum Welder,Rangareddy,Manufacturing,4
2026-08-15,Welder,Ranga Reddy,Manufacturing,16
2026-08-15,Senior MIG Welder,Gachibowli,Engineering,11
2026-08-15,Arc Welder,Rangareddy,Manufacturing,5
2026-08-15,Fabricator cum Welder,Ranga Reddy,Engineering,3
2026-09-15,Welder,Gachibowli,Engineering,15
2026-09-15,MIG Welder,Rangareddy,Manufacturing,10
2026-09-15,Arc Welder,Ranga Reddy,Engineering,5
2026-09-15,Fabricator cum Welder,Gachibowli,Manufacturing,4
2024-10-15,Warehouse Associate,Rangareddy,Logistics,46
2024-10-15,Senior Picker Packer,Ranga Reddy,Warehousing,31
2024-10-15,Warehouse Executive,Gachibowli,Logistics,16
2024-10-15,Wearhouse Associate,Rangareddy,Warehousing,10
2024-11-15,Warehouse Associate,Ranga Reddy,Warehousing,48
2024-11-15,Picker Packer,Gachibowli,Logistics,32
2024-11-15,Warehouse Executive,Rangareddy,Warehousing,16
2024-11-15,Wearhouse Associate,Ranga Reddy,Logistics,11
2024-12-15,Warehouse Associate,Gachibowli,Logistics,49
2024-12-15,Senior Picker Packer,Rangareddy,Warehousing,33
2024-12-15,Warehouse Executive,Ranga Reddy,Logistics,16
2024-12-15,Wearhouse Associate,Gachibowli,Warehousing,11
2025-01-15,Warehouse Associate,Rangareddy,Warehousing,55
2025-01-15,Picker Packer,Ranga Reddy,Logistics,37
2025-01-15,Warehouse Executive,Gachibowli,Warehousing,18
2025-01-15,Wearhouse Associate,Rangareddy,Logistics,12
2025-02-15,Warehouse Associate,Ranga Reddy,Logistics,55
2025-02-15,Senior Picker Packer,Gachibowli,Warehousing,37
2025-02-15,Warehouse Executive,Rangareddy,Logistics,18
2025-02-15,Wearhouse Associate,Ranga Reddy,Warehousing,12
2025-03-15,Warehouse Associate,Gachibowli,Warehousing,55
2025-03-15,Picker Packer,Rangareddy,Logistics,37
2025-03-15,Warehouse Executive,Ranga Reddy,Warehousing,18
2025-03-15,Wearhouse Associate,Gachibowli,Logistics,12
2025-04-15,Warehouse Associate,Rangareddy,Logistics,55
2025-04-15,Senior Picker Packer,Ranga Reddy,Warehousing,36
2025-04-15,Warehouse Executive,Gachibowli,Logistics,18
2025-04-15,Wearhouse Associate,Rangareddy,Warehousing,12
2025-05-15,Warehouse Associate,Rangareddy District,Warehousing,53
2025-05-15,Picker Packer,Rangareddy District,Logistics,36
2025-05-15,Warehouse Executive,Rangareddy District,Warehousing,18
2025-05-15,Wearhouse Associate,Rangareddy District,Logistics,12
2025-06-15,Warehouse Associate,Gachibowli,Logistics,53
2025-06-15,Senior Picker Packer,Rangareddy,Warehousing,35
2025-06-15,Warehouse Executive,Ranga Reddy,Logistics,18
2025-06-15,Wearhouse Associate,Rangareddy District,Warehousing,12
2025-07-15,Warehouse Associate,Rangareddy,Warehousing,53
2025-07-15,Picker Packer,Ranga Reddy,Logistics,35
2025-07-15,Warehouse Executive,Gachibowli,Warehousing,17
2025-07-15,Wearhouse Associate,Rangareddy,Logistics,12
2025-08-15,Warehouse Associate,Rangareddy District,Logistics,53
2025-08-15,Senior Picker Packer,Rangareddy District,Warehousing,35
2025-08-15,Warehouse Executive,Rangareddy District,Logistics,17
2025-08-15,Wearhouse Associate,Rangareddy District,Warehousing,12
2025-09-15,Warehouse Associate,Rangareddy District,Warehousing,54
2025-09-15,Picker Packer,Rangareddy District,Logistics,36
2025-09-15,Warehouse Executive,Rangareddy District,Warehousing,18
2025-09-15,Wearhouse Associate,Rangareddy District,Logistics,12
2025-10-15,Warehouse Associate,Rangareddy District,Logistics,55
2025-10-15,Senior Picker Packer,Rangareddy District,Warehousing,37
2025-10-15,Warehouse Executive,Gachibowli,Logistics,19
2025-10-15,Wearhouse Associate,Rangareddy,Warehousing,12
2025-11-15,Warehouse Associate,Rangareddy District,Warehousing,57
2025-11-15,Picker Packer,Rangareddy District,Logistics,38
2025-11-15,Warehouse Executive,Rangareddy District,Warehousing,19
2025-11-15,Wearhouse Associate,Rangareddy District,Logistics,13
2025-12-15,Warehouse Associate,Gachibowli,Logistics,59
2025-12-15,Senior Picker Packer,Rangareddy,Warehousing,39
2025-12-15,Warehouse Executive,Ranga Reddy,Logistics,19
2025-12-15,Wearhouse Associate,Gachibowli,Warehousing,13
2026-01-15,Warehouse Associate,Rangareddy,Warehousing,56
2026-01-15,Picker Packer,Ranga Reddy,Logistics,38
2026-01-15,Warehouse Executive,Gachibowli,Warehousing,19
2026-01-15,Wearhouse Associate,Rangareddy,Logistics,12
2026-02-15,Warehouse Associate,Ranga Reddy,Logistics,57
2026-02-15,Senior Picker Packer,Gachibowli,Warehousing,38
2026-02-15,Warehouse Executive,Rangareddy,Logistics,19
2026-02-15,Wearhouse Associate,Ranga Reddy,Warehousing,12
2026-03-15,Warehouse Associate,Gachibowli,Warehousing,56
2026-03-15,Picker Packer,Rangareddy,Logistics,38
2026-03-15,Warehouse Executive,Ranga Reddy,Warehousing,19
2026-03-15,Wearhouse Associate,Gachibowli,Logistics,12
2026-04-15,Warehouse Associate,Rangareddy,Logistics,56
2026-04-15,Senior Picker Packer,Ranga Reddy,Warehousing,37
2026-04-15,Warehouse Executive,Gachibowli,Logistics,19
2026-04-15,Wearhouse Associate,Rangareddy,Warehousing,12
2026-05-15,Warehouse Associate,Ranga Reddy,Warehousing,55
2026-05-15,Picker Packer,Gachibowli,Logistics,37
2026-05-15,Warehouse Executive,Rangareddy,Warehousing,18
2026-05-15,Wearhouse Associate,Ranga Reddy,Logistics,12
2026-06-15,Warehouse Associate,Rangareddy District,Logistics,55
2026-06-15,Senior Picker Packer,Rangareddy District,Warehousing,36
2026-06-15,Warehouse Executive,Ranga Reddy,Logistics,18
2026-06-15,Wearhouse Associate,Gachibowli,Warehousing,12
2026-07-15,Warehouse Associate,Rangareddy District,Warehousing,54
2026-07-15,Picker Packer,Rangareddy District,Logistics,36
2026-07-15,Warehouse Executive,Rangareddy District,Warehousing,18
2026-07-15,Wearhouse Associate,Rangareddy District,Logistics,12
2026-08-15,Warehouse Associate,Ranga Reddy,Logistics,55
2026-08-15,Senior Picker Packer,Gachibowli,Warehousing,36
2026-08-15,Warehouse Executive,Rangareddy,Logistics,18
2026-08-15,Wearhouse Associate,Ranga Reddy,Warehousing,12
2026-09-15,Warehouse Associate,Gachibowli,Warehousing,55
2026-09-15,Picker Packer,Rangareddy,Logistics,37
2026-09-15,Warehouse Executive,Ranga Reddy,Warehousing,19
2026-09-15,Wearhouse Associate,Gachibowli,Logistics,12
2024-10-15,Logistics Coordinator,Rangareddy District,Logistics,19
2024-10-15,Senior Dispatch Coordinator,Rangareddy District,Warehousing,12
2024-10-15,Transport Coordinator,Rangareddy District,Logistics,6
2024-10-15,Logistics Co-ordinator,Rangareddy District,Warehousing,4
2024-11-15,Logistics Coordinator,Ranga Reddy,Warehousing,19
2024-11-15,Dispatch Coordinator,Gachibowli,Logistics,12
2024-11-15,Transport Coordinator,Rangareddy,Warehousing,6
2024-11-15,Logistics Co-ordinator,Ranga Reddy,Logistics,4
2024-12-15,Logistics Coordinator,Gachibowli,Logistics,19
2024-12-15,Senior Dispatch Coordinator,Rangareddy,Warehousing,12
2024-12-15,Transport Coordinator,Ranga Reddy,Logistics,6
2024-12-15,Logistics Co-ordinator,Gachibowli,Warehousing,4
2025-01-15,Logistics Coordinator,Rangareddy,Warehousing,18
2025-01-15,Dispatch Coordinator,Ranga Reddy,Logistics,12
2025-01-15,Transport Coordinator,Gachibowli,Warehousing,6
2025-01-15,Logistics Co-ordinator,Rangareddy,Logistics,4
2025-02-15,Logistics Coordinator,Ranga Reddy,Logistics,18
2025-02-15,Senior Dispatch Coordinator,Gachibowli,Warehousing,12
2025-02-15,Transport Coordinator,Rangareddy,Logistics,6
2025-02-15,Logistics Co-ordinator,Ranga Reddy,Warehousing,4
2025-03-15,Logistics Coordinator,Rangareddy District,Warehousing,17
2025-03-15,Dispatch Coordinator,Rangareddy District,Logistics,12
2025-03-15,Transport Coordinator,Rangareddy District,Warehousing,6
2025-03-15,Logistics Co-ordinator,Rangareddy District,Logistics,4
2025-04-15,Logistics Coordinator,Rangareddy,Logistics,17
2025-04-15,Senior Dispatch Coordinator,Ranga Reddy,Warehousing,12
2025-04-15,Transport Coordinator,Gachibowli,Logistics,6
2025-04-15,Logistics Co-ordinator,Rangareddy,Warehousing,4
2025-05-15,Logistics Coordinator,Ranga Reddy,Warehousing,17
2025-05-15,Dispatch Coordinator,Gachibowli,Logistics,12
2025-05-15,Transport Coordinator,Rangareddy,Warehousing,6
2025-05-15,Logistics Co-ordinator,Ranga Reddy,Logistics,4
2025-06-15,Logistics Coordinator,Gachibowli,Logistics,18
2025-06-15,Senior Dispatch Coordinator,Rangareddy,Warehousing,12
2025-06-15,Transport Coordinator,Ranga Reddy,Logistics,6
2025-06-15,Logistics Co-ordinator,Gachibowli,Warehousing,4
2025-07-15,Logistics Coordinator,Rangareddy,Warehousing,19
2025-07-15,Dispatch Coordinator,Ranga Reddy,Logistics,12
2025-07-15,Transport Coordinator,Gachibowli,Warehousing,6
2025-07-15,Logistics Co-ordinator,Rangareddy,Logistics,4
2025-08-15,Logistics Coordinator,Ranga Reddy,Logistics,19
2025-08-15,Senior Dispatch Coordinator,Gachibowli,Warehousing,13
2025-08-15,Transport Coordinator,Rangareddy,Logistics,7
2025-08-15,Logistics Co-ordinator,Ranga Reddy,Warehousing,4
2025-09-15,Logistics Coordinator,Gachibowli,Warehousing,19
2025-09-15,Dispatch Coordinator,Rangareddy,Logistics,13
2025-09-15,Transport Coordinator,Ranga Reddy,Warehousing,7
2025-09-15,Logistics Co-ordinator,Gachibowli,Logistics,4
2025-10-15,Logistics Coordinator,Rangareddy,Logistics,19
2025-10-15,Senior Dispatch Coordinator,Ranga Reddy,Warehousing,12
2025-10-15,Transport Coordinator,Gachibowli,Logistics,6
2025-10-15,Logistics Co-ordinator,Rangareddy,Warehousing,4
2025-11-15,Logistics Coordinator,Ranga Reddy,Warehousing,19
2025-11-15,Dispatch Coordinator,Gachibowli,Logistics,12
2025-11-15,Transport Coordinator,Rangareddy,Warehousing,6
2025-11-15,Logistics Co-ordinator,Ranga Reddy,Logistics,4
2025-12-15,Logistics Coordinator,Gachibowli,Logistics,19
2025-12-15,Senior Dispatch Coordinator,Rangareddy,Warehousing,12
2025-12-15,Transport Coordinator,Ranga Reddy,Logistics,6
2025-12-15,Logistics Co-ordinator,Gachibowli,Warehousing,4
2026-01-15,Logistics Coordinator,Rangareddy,Warehousing,19
2026-01-15,Dispatch Coordinator,Ranga Reddy,Logistics,13
2026-01-15,Transport Coordinator,Gachibowli,Warehousing,6
2026-01-15,Logistics Co-ordinator,Rangareddy,Logistics,4
2026-02-15,Logistics Coordinator,Ranga Reddy,Logistics,19
2026-02-15,Senior Dispatch Coordinator,Gachibowli,Warehousing,12
2026-02-15,Transport Coordinator,Rangareddy,Logistics,6
2026-02-15,Logistics Co-ordinator,Ranga Reddy,Warehousing,4
2026-03-15,Logistics Coordinator,Gachibowli,Warehousing,19
2026-03-15,Dispatch Coordinator,Rangareddy,Logistics,12
2026-03-15,Transport Coordinator,Ranga Reddy,Warehousing,6
2026-03-15,Logistics Co-ordinator,Gachibowli,Logistics,4
2026-04-15,Logistics Coordinator,Rangareddy,Logistics,19
2026-04-15,Senior Dispatch Coordinator,Ranga Reddy,Warehousing,12
2026-04-15,Transport Coordinator,Gachibowli,Logistics,6
2026-04-15,Logistics Co-ordinator,Rangareddy,Warehousing,4
2026-05-15,Logistics Coordinator,Ranga Reddy,Warehousing,19
2026-05-15,Dispatch Coordinator,Gachibowli,Logistics,12
2026-05-15,Transport Coordinator,Rangareddy,Warehousing,6
2026-05-15,Logistics Co-ordinator,Ranga Reddy,Logistics,4
2026-06-15,Logistics Coordinator,Rangareddy District,Logistics,19
2026-06-15,Senior Dispatch Coordinator,Rangareddy District,Warehousing,12
2026-06-15,Transport Coordinator,Rangareddy District,Logistics,6
2026-06-15,Logistics Co-ordinator,Rangareddy District,Warehousing,4
2026-07-15,Logistics Coordinator,Rangareddy,Warehousing,19
2026-07-15,Dispatch Coordinator,Ranga Reddy,Logistics,13
2026-07-15,Transport Coordinator,Gachibowli,Warehousing,7
2026-07-15,Logistics Co-ordinator,Rangareddy,Logistics,4
2026-08-15,Logistics Coordinator,Ranga Reddy,Logistics,20
2026-08-15,Senior Dispatch Coordinator,Gachibowli,Warehousing,13
2026-08-15,Transport Coordinator,Rangareddy,Logistics,7
2026-08-15,Logistics Co-ordinator,Ranga Reddy,Warehousing,4
2026-09-15,Logistics Coordinator,Gachibowli,Warehousing,20
2026-09-15,Dispatch Coordinator,Rangareddy,Logistics,14
2026-09-15,Transport Coordinator,Ranga Reddy,Warehousing,7
2026-09-15,Logistics Co-ordinator,Gachibowli,Logistics,4
2024-10-15,Electrician,Rangareddy,Construction,35
2024-10-15,Senior Wireman,Ranga Reddy,Real Estate,23
2024-10-15,Electrical Technician,Gachibowli,Construction,12
2024-10-15,Electrician cum Wireman,Rangareddy,Real Estate,8
2024-11-15,Electrician,Ranga Reddy,Real Estate,35
2024-11-15,Wireman,Gachibowli,Construction,24
2024-11-15,Electrical Technician,Rangareddy,Real Estate,12
2024-11-15,Electrician cum Wireman,Ranga Reddy,Construction,8
2024-12-15,Electrician,Gachibowli,Construction,35
2024-12-15,Senior Wireman,Rangareddy,Real Estate,24
2024-12-15,Electrical Technician,Ranga Reddy,Construction,12
2024-12-15,Electrician cum Wireman,Gachibowli,Real Estate,8
2025-01-15,Electrician,Rangareddy,Real Estate,34
2025-01-15,Wireman,Ranga Reddy,Construction,23
2025-01-15,Electrical Technician,Rangareddy District,Real Estate,11
2025-01-15,Electrician cum Wireman,Rangareddy District,Construction,7
2025-02-15,Electrician,Ranga Reddy,Construction,33
2025-02-15,Senior Wireman,Gachibowli,Real Estate,22
2025-02-15,Electrical Technician,Rangareddy,Construction,11
2025-02-15,Electrician cum Wireman,Ranga Reddy,Real Estate,8
2025-03-15,Electrician,Gachibowli,Real Estate,32
2025-03-15,Wireman,Rangareddy,Construction,22
2025-03-15,Electrical Technician,Ranga Reddy,Real Estate,11
2025-03-15,Electrician cum Wireman,Gachibowli,Construction,7
2025-04-15,Electrician,Rangareddy,Construction,32
2025-04-15,Senior Wireman,Ranga Reddy,Real Estate,21
2025-04-15,Electrical Technician,Gachibowli,Construction,11
2025-04-15,Electrician cum Wireman,Rangareddy,Real Estate,7
2025-05-15,Electrician,Ranga Reddy,Real Estate,32
2025-05-15,Wireman,Gachibowli,Construction,21
2025-05-15,Electrical Technician,Rangareddy,Real Estate,10
2025-05-15,Electrician cum Wireman,Ranga Reddy,Construction,7
2025-06-15,Electrician,Gachibowli,Construction,32
2025-06-15,Senior Wireman,Rangareddy,Real Estate,21
2025-06-15,Electrical Technician,Ranga Reddy,Construction,10
2025-06-15,Electrician cum Wireman,Gachibowli,Real Estate,7
2025-07-15,Electrician,Rangareddy,Real Estate,32
2025-07-15,Wireman,Ranga Reddy,Construction,21
2025-07-15,Electrical Technician,Gachibowli,Real Estate,11
2025-07-15,Electrician cum Wireman,Rangareddy,Construction,7
2025-08-15,Electrician,Ranga Reddy,Construction,33
2025-08-15,Senior Wireman,Gachibowli,Real Estate,22
2025-08-15,Electrical Technician,Rangareddy,Construction,11
2025-08-15,Electrician cum Wireman,Ranga Reddy,Real Estate,7
2025-09-15,Electrician,Gachibowli,Real Estate,33
2025-09-15,Wireman,Rangareddy,Construction,22
2025-09-15,Electrical Technician,Ranga Reddy,Real Estate,11
2025-09-15,Electrician cum Wireman,Gachibowli,Construction,8
2025-10-15,Electrician,Rangareddy,Construction,32
2025-10-15,Senior Wireman,Ranga Reddy,Real Estate,21
2025-10-15,Electrical Technician,Gachibowli,Construction,10
2025-10-15,Electrician cum Wireman,Rangareddy,Real Estate,7
2025-11-15,Electrician,Ranga Reddy,Real Estate,32
2025-11-15,Wireman,Gachibowli,Construction,21
2025-11-15,Electrical Technician,Rangareddy,Real Estate,11
2025-11-15,Electrician cum Wireman,Ranga Reddy,Construction,7
2025-12-15,Electrician,Gachibowli,Construction,32
2025-12-15,Senior Wireman,Rangareddy,Real Estate,21
2025-12-15,Electrical Technician,Ranga Reddy,Construction,11
2025-12-15,Electrician cum Wireman,Gachibowli,Real Estate,7
2026-01-15,Electrician,Rangareddy,Real Estate,34
2026-01-15,Wireman,Ranga Reddy,Construction,23
2026-01-15,Electrical Technician,Gachibowli,Real Estate,11
2026-01-15,Electrician cum Wireman,Rangareddy,Construction,8
2026-02-15,Electrician,Rangareddy District,Construction,33
2026-02-15,Senior Wireman,Rangareddy District,Real Estate,22
2026-02-15,Electrical Technician,Rangareddy District,Construction,11
2026-02-15,Electrician cum Wireman,Rangareddy District,Real Estate,8
2026-03-15,Electrician,Gachibowli,Real Estate,33
2026-03-15,Wireman,Rangareddy,Construction,22
2026-03-15,Electrical Technician,Ranga Reddy,Real Estate,11
2026-03-15,Electrician cum Wireman,Gachibowli,Construction,7
2026-04-15,Electrician,Rangareddy,Construction,32
2026-04-15,Senior Wireman,Ranga Reddy,Real Estate,21
2026-04-15,Electrical Technician,Gachibowli,Construction,11
2026-04-15,Electrician cum Wireman,Rangareddy,Real Estate,7
2026-05-15,Electrician,Ranga Reddy,Real Estate,32
2026-05-15,Wireman,Gachibowli,Construction,21
2026-05-15,Electrical Technician,Rangareddy,Real Estate,11
2026-05-15,Electrician cum Wireman,Ranga Reddy,Construction,7
2026-06-15,Electrician,Gachibowli,Construction,32
2026-06-15,Senior Wireman,Rangareddy,Real Estate,21
2026-06-15,Electrical Technician,Ranga Reddy,Construction,11
2026-06-15,Electrician cum Wireman,Gachibowli,Real Estate,7
2026-07-15,Electrician,Rangareddy,Real Estate,32
2026-07-15,Wireman,Ranga Reddy,Construction,22
2026-07-15,Electrical Technician,Gachibowli,Real Estate,11
2026-07-15,Electrician cum Wireman,Rangareddy,Construction,7
2026-08-15,Electrician,Ranga Reddy,Construction,33
2026-08-15,Senior Wireman,Gachibowli,Real Estate,22
2026-08-15,Electrical Technician,Rangareddy,Construction,11
2026-08-15,Electrician cum Wireman,Ranga Reddy,Real Estate,7
2026-09-15,Electrician,Gachibowli,Real Estate,34
2026-09-15,Wireman,Rangareddy,Construction,23
2026-09-15,Electrical Technician,Ranga Reddy,Real Estate,11
2026-09-15,Electrician cum Wireman,Gachibowli,Construction,7
2024-10-15,Mason,Rangareddy,Construction,19
2024-10-15,Senior Bricklayer,Ranga Reddy,Real Estate,13
2024-10-15,Tile Mason,Gachibowli,Construction,6
2024-10-15,Shuttering Carpenter,Rangareddy,Real Estate,4
2024-11-15,Mason,Rangareddy District,Real Estate,19
2024-11-15,Bricklayer,Rangareddy District,Construction,13
2024-11-15,Tile Mason,Rangareddy District,Real Estate,6
2024-11-15,Shuttering Carpenter,Rangareddy District,Construction,4
2024-12-15,Mason,Gachibowli,Construction,19
2024-12-15,Senior Bricklayer,Rangareddy,Real Estate,13
2024-12-15,Tile Mason,Ranga Reddy,Construction,6
2024-12-15,Shuttering Carpenter,Gachibowli,Real Estate,4
2025-01-15,Mason,Rangareddy,Real Estate,20
2025-01-15,Bricklayer,Ranga Reddy,Construction,14
2025-01-15,Tile Mason,Gachibowli,Real Estate,7
2025-01-15,Shuttering Carpenter,Rangareddy,Construction,4
2025-02-15,Mason,Ranga Reddy,Construction,21
2025-02-15,Senior Bricklayer,Gachibowli,Real Estate,14
2025-02-15,Tile Mason,Rangareddy,Construction,7
2025-02-15,Shuttering Carpenter,Ranga Reddy,Real Estate,4
2025-03-15,Mason,Gachibowli,Real Estate,21
2025-03-15,Bricklayer,Rangareddy,Construction,14
2025-03-15,Tile Mason,Ranga Reddy,Real Estate,7
2025-03-15,Shuttering Carpenter,Gachibowli,Construction,5
2025-04-15,Mason,Rangareddy District,Construction,21
2025-04-15,Senior Bricklayer,Rangareddy District,Real Estate,14
2025-04-15,Tile Mason,Rangareddy District,Construction,7
2025-04-15,Shuttering Carpenter,Rangareddy District,Real Estate,5
2025-05-15,Mason,Ranga Reddy,Real Estate,21
2025-05-15,Bricklayer,Gachibowli,Construction,14
2025-05-15,Tile Mason,Rangareddy,Real Estate,7
2025-05-15,Shuttering Carpenter,Ranga Reddy,Construction,5
2025-06-15,Mason,Gachibowli,Construction,21
2025-06-15,Senior Bricklayer,Rangareddy,Real Estate,14
2025-06-15,Tile Mason,Ranga Reddy,Construction,7
2025-06-15,Shuttering Carpenter,Gachibowli,Real Estate,5
2025-07-15,Mason,Rangareddy,Real Estate,21
2025-07-15,Bricklayer,Ranga Reddy,Construction,14
2025-07-15,Tile Mason,Gachibowli,Real Estate,7
2025-07-15,Shuttering Carpenter,Rangareddy,Construction,4
2025-08-15,Mason,Ranga Reddy,Construction,20
2025-08-15,Senior Bricklayer,Gachibowli,Real Estate,14
2025-08-15,Tile Mason,Rangareddy,Construction,7
2025-08-15,Shuttering Carpenter,Ranga Reddy,Real Estate,4
2025-09-15,Mason,Gachibowli,Real Estate,20
2025-09-15,Bricklayer,Rangareddy,Construction,13
2025-09-15,Tile Mason,Ranga Reddy,Real Estate,7
2025-09-15,Shuttering Carpenter,Gachibowli,Construction,4
2025-10-15,Mason,Rangareddy,Construction,19
2025-10-15,Senior Bricklayer,Ranga Reddy,Real Estate,13
2025-10-15,Tile Mason,Gachibowli,Construction,7
2025-10-15,Shuttering Carpenter,Rangareddy,Real Estate,4
2025-11-15,Mason,Ranga Reddy,Real Estate,19
2025-11-15,Bricklayer,Gachibowli,Construction,13
2025-11-15,Tile Mason,Rangareddy,Real Estate,7
2025-11-15,Shuttering Carpenter,Ranga Reddy,Construction,4
2025-12-15,Mason,Gachibowli,Construction,20
2025-12-15,Senior Bricklayer,Rangareddy,Real Estate,13
2025-12-15,Tile Mason,Ranga Reddy,Construction,7
2025-12-15,Shuttering Carpenter,Gachibowli,Real Estate,4
2026-01-15,Mason,Rangareddy,Real Estate,20
2026-01-15,Bricklayer,Ranga Reddy,Construction,13
2026-01-15,Tile Mason,Gachibowli,Real Estate,7
2026-01-15,Shuttering Carpenter,Rangareddy,Construction,4
2026-02-15,Mason,Ranga Reddy,Construction,20
2026-02-15,Senior Bricklayer,Gachibowli,Real Estate,14
2026-02-15,Tile Mason,Rangareddy,Construction,7
2026-02-15,Shuttering Carpenter,Ranga Reddy,Real Estate,4
2026-03-15,Mason,Gachibowli,Real Estate,21
2026-03-15,Bricklayer,Rangareddy,Construction,14
2026-03-15,Tile Mason,Ranga Reddy,Real Estate,7
2026-03-15,Shuttering Carpenter,Gachibowli,Construction,4
2026-04-15,Mason,Rangareddy,Construction,21
2026-04-15,Senior Bricklayer,Ranga Reddy,Real Estate,14
2026-04-15,Tile Mason,Gachibowli,Construction,7
2026-04-15,Shuttering Carpenter,Rangareddy,Real Estate,4
2026-05-15,Mason,Ranga Reddy,Real Estate,21
2026-05-15,Bricklayer,Gachibowli,Construction,14
2026-05-15,Tile Mason,Rangareddy,Real Estate,7
2026-05-15,Shuttering Carpenter,Ranga Reddy,Construction,4
2026-06-15,Mason,Gachibowli,Construction,21
2026-06-15,Senior Bricklayer,Rangareddy,Real Estate,14
2026-06-15,Tile Mason,Ranga Reddy,Construction,7
2026-06-15,Shuttering Carpenter,Gachibowli,Real Estate,4
2026-07-15,Mason,Rangareddy,Real Estate,20
2026-07-15,Bricklayer,Ranga Reddy,Construction,14
2026-07-15,Tile Mason,Gachibowli,Real Estate,7
2026-07-15,Shuttering Carpenter,Rangareddy,Construction,4
2026-08-15,Mason,Ranga Reddy,Construction,20
2026-08-15,Senior Bricklayer,Gachibowli,Real Estate,14
2026-08-15,Tile Mason,Rangareddy,Construction,7
2026-08-15,Shuttering Carpenter,Ranga Reddy,Real Estate,4
2026-09-15,Mason,Rangareddy District,Real Estate,20
2026-09-15,Bricklayer,Rangareddy District,Construction,13
2026-09-15,Tile Mason,Rangareddy District,Real Estate,7
2026-09-15,Shuttering Carpenter,Rangareddy District,Construction,4
2024-10-15,Retail Sales Associate,Rangareddy,Retail,51
2024-10-15,Senior Store Associate,Ranga Reddy,Organised Retail,34
2024-10-15,Counter Sales Executive,Gachibowli,Retail,17
2024-10-15,Retail Sales Assosiate,Rangareddy,Organised Retail,11
2024-11-15,Retail Sales Associate,Ranga Reddy,Organised Retail,50
2024-11-15,Store Associate,Gachibowli,Retail,33
2024-11-15,Counter Sales Executive,Rangareddy,Organised Retail,17
2024-11-15,Retail Sales Assosiate,Ranga Reddy,Retail,11
2024-12-15,Retail Sales Associate,Rangareddy District,Retail,49
2024-12-15,Senior Store Associate,Rangareddy District,Organised Retail,32
2024-12-15,Counter Sales Executive,Rangareddy District,Retail,16
2024-12-15,Retail Sales Assosiate,Rangareddy District,Organised Retail,11
2025-01-15,Retail Sales Associate,Rangareddy,Organised Retail,55
2025-01-15,Store Associate,Ranga Reddy,Retail,37
2025-01-15,Counter Sales Executive,Gachibowli,Organised Retail,18
2025-01-15,Retail Sales Assosiate,Rangareddy,Retail,12
2025-02-15,Retail Sales Associate,Ranga Reddy,Retail,55
2025-02-15,Senior Store Associate,Gachibowli,Organised Retail,36
2025-02-15,Counter Sales Executive,Rangareddy,Retail,18
2025-02-15,Retail Sales Assosiate,Ranga Reddy,Organised Retail,12
2025-03-15,Retail Sales Associate,Gachibowli,Organised Retail,55
2025-03-15,Store Associate,Rangareddy,Retail,36
2025-03-15,Counter Sales Executive,Ranga Reddy,Organised Retail,18
2025-03-15,Retail Sales Assosiate,Gachibowli,Retail,12
2025-04-15,Retail Sales Associate,Rangareddy,Retail,55
2025-04-15,Senior Store Associate,Ranga Reddy,Organised Retail,37
2025-04-15,Counter Sales Executive,Gachibowli,Retail,19
2025-04-15,Retail Sales Assosiate,Rangareddy,Organised Retail,12
2025-05-15,Retail Sales Associate,Ranga Reddy,Organised Retail,56
2025-05-15,Store Associate,Gachibowli,Retail,38
2025-05-15,Counter Sales Executive,Rangareddy,Organised Retail,19
2025-05-15,Retail Sales Assosiate,Ranga Reddy,Retail,12
2025-06-15,Retail Sales Associate,Rangareddy District,Retail,58
2025-06-15,Senior Store Associate,Rangareddy District,Organised Retail,38
2025-06-15,Counter Sales Executive,Rangareddy District,Retail,19
2025-06-15,Retail Sales Assosiate,Rangareddy District,Organised Retail,13
2025-07-15,Retail Sales Associate,Rangareddy District,Organised Retail,58
2025-07-15,Store Associate,Rangareddy District,Retail,39
2025-07-15,Counter Sales Executive,Rangareddy District,Organised Retail,19
2025-07-15,Retail Sales Assosiate,Rangareddy District,Retail,13
2025-08-15,Retail Sales Associate,Ranga Reddy,Retail,58
2025-08-15,Senior Store Associate,Gachibowli,Organised Retail,39
2025-08-15,Counter Sales Executive,Rangareddy,Retail,19
2025-08-15,Retail Sales Assosiate,Ranga Reddy,Organised Retail,13
2025-09-15,Retail Sales Associate,Gachibowli,Organised Retail,58
2025-09-15,Store Associate,Rangareddy,Retail,39
2025-09-15,Counter Sales Executive,Ranga Reddy,Organised Retail,19
2025-09-15,Retail Sales Assosiate,Gachibowli,Retail,13
2025-10-15,Retail Sales Associate,Rangareddy,Retail,58
2025-10-15,Senior Store Associate,Ranga Reddy,Organised Retail,38
2025-10-15,Counter Sales Executive,Gachibowli,Retail,19
2025-10-15,Retail Sales Assosiate,Rangareddy,Organised Retail,13
2025-11-15,Retail Sales Associate,Ranga Reddy,Organised Retail,56
2025-11-15,Store Associate,Gachibowli,Retail,38
2025-11-15,Counter Sales Executive,Rangareddy,Organised Retail,19
2025-11-15,Retail Sales Assosiate,Ranga Reddy,Retail,12
2025-12-15,Retail Sales Associate,Gachibowli,Retail,55
2025-12-15,Senior Store Associate,Rangareddy,Organised Retail,37
2025-12-15,Counter Sales Executive,Ranga Reddy,Retail,18
2025-12-15,Retail Sales Assosiate,Gachibowli,Organised Retail,12
2026-01-15,Retail Sales Associate,Rangareddy,Organised Retail,51
2026-01-15,Store Associate,Ranga Reddy,Retail,34
2026-01-15,Counter Sales Executive,Gachibowli,Organised Retail,17
2026-01-15,Retail Sales Assosiate,Rangareddy,Retail,12
2026-02-15,Retail Sales Associate,Ranga Reddy,Retail,51
2026-02-15,Senior Store Associate,Gachibowli,Organised Retail,34
2026-02-15,Counter Sales Executive,Rangareddy,Retail,17
2026-02-15,Retail Sales Assosiate,Ranga Reddy,Organised Retail,11
2026-03-15,Retail Sales Associate,Gachibowli,Organised Retail,51
2026-03-15,Store Associate,Rangareddy,Retail,34
2026-03-15,Counter Sales Executive,Ranga Reddy,Organised Retail,17
2026-03-15,Retail Sales Assosiate,Gachibowli,Retail,11
2026-04-15,Retail Sales Associate,Rangareddy,Retail,52
2026-04-15,Senior Store Associate,Ranga Reddy,Organised Retail,35
2026-04-15,Counter Sales Executive,Gachibowli,Retail,17
2026-04-15,Retail Sales Assosiate,Rangareddy,Organised Retail,11
2026-05-15,Retail Sales Associate,Rangareddy District,Organised Retail,53
2026-05-15,Store Associate,Rangareddy District,Retail,35
2026-05-15,Counter Sales Executive,Rangareddy District,Organised Retail,17
2026-05-15,Retail Sales Assosiate,Rangareddy District,Retail,12
2026-06-15,Retail Sales Associate,Gachibowli,Retail,54
2026-06-15,Senior Store Associate,Rangareddy,Organised Retail,36
2026-06-15,Counter Sales Executive,Ranga Reddy,Retail,18
2026-06-15,Retail Sales Assosiate,Gachibowli,Organised Retail,12
2026-07-15,Retail Sales Associate,Rangareddy,Organised Retail,55
2026-07-15,Store Associate,Ranga Reddy,Retail,37
2026-07-15,Counter Sales Executive,Gachibowli,Organised Retail,18
2026-07-15,Retail Sales Assosiate,Rangareddy,Retail,12
2026-08-15,Retail Sales Associate,Rangareddy District,Retail,55
2026-08-15,Senior Store Associate,Rangareddy District,Organised Retail,36
2026-08-15,Counter Sales Executive,Rangareddy District,Retail,18
2026-08-15,Retail Sales Assosiate,Rangareddy District,Organised Retail,12
2026-09-15,Retail Sales Associate,Rangareddy District,Organised Retail,55
2026-09-15,Store Associate,Rangareddy District,Retail,36
2026-09-15,Counter Sales Executive,Rangareddy District,Organised Retail,18
2026-09-15,Retail Sales Assosiate,Rangareddy District,Retail,12
2024-10-15,Solar Technician,Rangareddy,Renewable Energy,14
2024-10-15,Senior Solar PV Installer,Ranga Reddy,Green Jobs,9
2024-10-15,Rooftop Solar Installer,Gachibowli,Power,5
2024-10-15,Solar Technician - Rooftop,Rangareddy,Renewable Energy,3
2024-11-15,Solar Technician,Ranga Reddy,Green Jobs,14
2024-11-15,Solar PV Installer,Gachibowli,Power,10
2024-11-15,Rooftop Solar Installer,Rangareddy,Renewable Energy,5
2024-11-15,Solar Technician - Rooftop,Ranga Reddy,Green Jobs,3
2024-12-15,Solar Technician,Gachibowli,Power,14
2024-12-15,Senior Solar PV Installer,Rangareddy,Renewable Energy,10
2024-12-15,Rooftop Solar Installer,Ranga Reddy,Green Jobs,5
2024-12-15,Solar Technician - Rooftop,Gachibowli,Power,3
2025-01-15,Solar Technician,Rangareddy District,Renewable Energy,14
2025-01-15,Solar PV Installer,Rangareddy District,Green Jobs,9
2025-01-15,Rooftop Solar Installer,Rangareddy District,Power,5
2025-01-15,Solar Technician - Rooftop,Rangareddy District,Renewable Energy,3
2025-02-15,Solar Technician,Ranga Reddy,Green Jobs,14
2025-02-15,Senior Solar PV Installer,Gachibowli,Power,9
2025-02-15,Rooftop Solar Installer,Rangareddy,Renewable Energy,5
2025-02-15,Solar Technician - Rooftop,Ranga Reddy,Green Jobs,3
2025-03-15,Solar Technician,Gachibowli,Power,14
2025-03-15,Solar PV Installer,Rangareddy,Renewable Energy,10
2025-03-15,Rooftop Solar Installer,Ranga Reddy,Green Jobs,5
2025-03-15,Solar Technician - Rooftop,Gachibowli,Power,3
2025-04-15,Solar Technician,Rangareddy,Renewable Energy,14
2025-04-15,Senior Solar PV Installer,Ranga Reddy,Green Jobs,10
2025-04-15,Rooftop Solar Installer,Gachibowli,Power,5
2025-04-15,Solar Technician - Rooftop,Rangareddy,Renewable Energy,3
2025-05-15,Solar Technician,Ranga Reddy,Green Jobs,15
2025-05-15,Solar PV Installer,Gachibowli,Power,10
2025-05-15,Rooftop Solar Installer,Rangareddy,Renewable Energy,5
2025-05-15,Solar Technician - Rooftop,Ranga Reddy,Green Jobs,4
2025-06-15,Solar Technician,Gachibowli,Power,16
2025-06-15,Senior Solar PV Installer,Rangareddy,Renewable Energy,11
2025-06-15,Rooftop Solar Installer,Ranga Reddy,Green Jobs,5
2025-06-15,Solar Technician - Rooftop,Gachibowli,Power,3
2025-07-15,Solar Technician,Rangareddy,Renewable Energy,17
2025-07-15,Solar PV Installer,Ranga Reddy,Green Jobs,11
2025-07-15,Rooftop Solar Installer,Gachibowli,Power,5
2025-07-15,Solar Technician - Rooftop,Rangareddy,Renewable Energy,4
2025-08-15,Solar Technician,Rangareddy District,Green Jobs,17
2025-08-15,Senior Solar PV Installer,Rangareddy District,Power,11
2025-08-15,Rooftop Solar Installer,Rangareddy District,Renewable Energy,6
2025-08-15,Solar Technician - Rooftop,Rangareddy District,Green Jobs,4
2025-09-15,Solar Technician,Gachibowli,Power,18
2025-09-15,Solar PV Installer,Rangareddy,Renewable Energy,12
2025-09-15,Rooftop Solar Installer,Ranga Reddy,Green Jobs,6
2025-09-15,Solar Technician - Rooftop,Gachibowli,Power,4
2025-10-15,Solar Technician,Rangareddy,Renewable Energy,16
2025-10-15,Senior Solar PV Installer,Ranga Reddy,Green Jobs,11
2025-10-15,Rooftop Solar Installer,Gachibowli,Power,5
2025-10-15,Solar Technician - Rooftop,Rangareddy,Renewable Energy,4
2025-11-15,Solar Technician,Ranga Reddy,Green Jobs,16
2025-11-15,Solar PV Installer,Gachibowli,Power,11
2025-11-15,Rooftop Solar Installer,Rangareddy,Renewable Energy,5
2025-11-15,Solar Technician - Rooftop,Ranga Reddy,Green Jobs,4
2025-12-15,Solar Technician,Gachibowli,Power,17
2025-12-15,Senior Solar PV Installer,Rangareddy,Renewable Energy,11
2025-12-15,Rooftop Solar Installer,Ranga Reddy,Green Jobs,5
2025-12-15,Solar Technician - Rooftop,Gachibowli,Power,4
2026-01-15,Solar Technician,Rangareddy,Renewable Energy,19
2026-01-15,Solar PV Installer,Ranga Reddy,Green Jobs,12
2026-01-15,Rooftop Solar Installer,Gachibowli,Power,6
2026-01-15,Solar Technician - Rooftop,Rangareddy,Renewable Energy,4
2026-02-15,Solar Technician,Rangareddy District,Green Jobs,19
2026-02-15,Senior Solar PV Installer,Rangareddy District,Power,13
2026-02-15,Rooftop Solar Installer,Rangareddy District,Renewable Energy,6
2026-02-15,Solar Technician - Rooftop,Rangareddy District,Green Jobs,4
2026-03-15,Solar Technician,Gachibowli,Power,19
2026-03-15,Solar PV Installer,Rangareddy,Renewable Energy,13
2026-03-15,Rooftop Solar Installer,Ranga Reddy,Green Jobs,6
2026-03-15,Solar Technician - Rooftop,Gachibowli,Power,4
2026-04-15,Solar Technician,Rangareddy,Renewable Energy,20
2026-04-15,Senior Solar PV Installer,Ranga Reddy,Green Jobs,13
2026-04-15,Rooftop Solar Installer,Gachibowli,Power,7
2026-04-15,Solar Technician - Rooftop,Rangareddy,Renewable Energy,4
2026-05-15,Solar Technician,Ranga Reddy,Green Jobs,20
2026-05-15,Solar PV Installer,Gachibowli,Power,14
2026-05-15,Rooftop Solar Installer,Rangareddy,Renewable Energy,7
2026-05-15,Solar Technician - Rooftop,Ranga Reddy,Green Jobs,4
2026-06-15,Solar Technician,Gachibowli,Power,21
2026-06-15,Senior Solar PV Installer,Rangareddy,Renewable Energy,14
2026-06-15,Rooftop Solar Installer,Ranga Reddy,Green Jobs,7
2026-06-15,Solar Technician - Rooftop,Gachibowli,Power,5
2026-07-15,Solar Technician,Rangareddy,Renewable Energy,22
2026-07-15,Solar PV Installer,Ranga Reddy,Green Jobs,15
2026-07-15,Rooftop Solar Installer,Gachibowli,Power,7
2026-07-15,Solar Technician - Rooftop,Rangareddy,Renewable Energy,5
2026-08-15,Solar Technician,Ranga Reddy,Green Jobs,23
2026-08-15,Senior Solar PV Installer,Gachibowli,Power,15
2026-08-15,Rooftop Solar Installer,Rangareddy,Renewable Energy,8
2026-08-15,Solar Technician - Rooftop,Ranga Reddy,Green Jobs,5
2026-09-15,Solar Technician,Gachibowli,Power,24
2026-09-15,Solar PV Installer,Rangareddy,Renewable Energy,16
2026-09-15,Rooftop Solar Installer,Ranga Reddy,Green Jobs,8
2026-09-15,Solar Technician - Rooftop,Gachibowli,Power,5
2024-10-15,Software Developer,Warangal,IT & Digital,21
2024-10-15,Senior Software Engineer,Hanamkonda,IT/ITES,14
2024-10-15,Full Stack Developer,Warangal Urban,Information Technology,7
2024-10-15,Java Developer,Warangal,IT & Digital,5
2024-11-15,Software Developer,Hanamkonda,IT/ITES,21
2024-11-15,Software Engineer,Warangal Urban,Information Technology,14
2024-11-15,Full Stack Developer,Warangal,IT & Digital,7
2024-11-15,Java Developer,Hanamkonda,IT/ITES,5
2024-12-15,Software Developer,Warangal Urban,Information Technology,21
2024-12-15,Senior Software Engineer,Warangal,IT & Digital,14
2024-12-15,Full Stack Developer,Hanamkonda,IT/ITES,7
2024-12-15,Java Developer,Warangal Urban,Information Technology,5
2025-01-15,Software Developer,Warangal,IT & Digital,20
2025-01-15,Software Engineer,Hanamkonda,IT/ITES,13
2025-01-15,Full Stack Developer,Warangal Urban,Information Technology,7
2025-01-15,Java Developer,Warangal,IT & Digital,4
2025-02-15,Software Developer,Hanamkonda,IT/ITES,20
2025-02-15,Senior Software Engineer,Warangal Urban,Information Technology,13
2025-02-15,Full Stack Developer,Warangal,IT & Digital,7
2025-02-15,Java Developer,Hanamkonda,IT/ITES,4
2025-03-15,Software Developer,Warangal Urban,Information Technology,20
2025-03-15,Software Engineer,Warangal,IT & Digital,13
2025-03-15,Full Stack Developer,Hanamkonda,IT/ITES,7
2025-03-15,Java Developer,Warangal Urban,Information Technology,4
2025-04-15,Software Developer,Warangal,IT & Digital,20
2025-04-15,Senior Software Engineer,Hanamkonda,IT/ITES,14
2025-04-15,Full Stack Developer,Warangal Urban,Information Technology,7
2025-04-15,Java Developer,Warangal,IT & Digital,4
2025-05-15,Software Developer,Hanamkonda,IT/ITES,21
2025-05-15,Software Engineer,Warangal Urban,Information Technology,14
2025-05-15,Full Stack Developer,Warangal,IT & Digital,7
2025-05-15,Java Developer,Hanamkonda,IT/ITES,5
2025-06-15,Software Developer,Warangal Urban,Information Technology,22
2025-06-15,Senior Software Engineer,Warangal,IT & Digital,14
2025-06-15,Full Stack Developer,Hanamkonda,IT/ITES,7
2025-06-15,Java Developer,Warangal Urban,Information Technology,5
2025-07-15,Software Developer,Warangal,IT & Digital,22
2025-07-15,Software Engineer,Hanamkonda,IT/ITES,15
2025-07-15,Full Stack Developer,Warangal Urban,Information Technology,7
2025-07-15,Java Developer,Warangal,IT & Digital,5
2025-08-15,Software Developer,Hanamkonda,IT/ITES,23
2025-08-15,Senior Software Engineer,Warangal Urban,Information Technology,15
2025-08-15,Full Stack Developer,Warangal,IT & Digital,7
2025-08-15,Java Developer,Hanamkonda,IT/ITES,5
2025-09-15,Software Developer,Warangal Urban,Information Technology,23
2025-09-15,Software Engineer,Warangal,IT & Digital,16
2025-09-15,Full Stack Developer,Hanamkonda,IT/ITES,8
2025-09-15,Java Developer,Warangal Urban,Information Technology,5
2025-10-15,Software Developer,Warangal,IT & Digital,21
2025-10-15,Senior Software Engineer,Hanamkonda,IT/ITES,14
2025-10-15,Full Stack Developer,Warangal Urban,Information Technology,7
2025-10-15,Java Developer,Warangal,IT & Digital,5
2025-11-15,Software Developer,Hanamkonda,IT/ITES,21
2025-11-15,Software Engineer,Warangal Urban,Information Technology,14
2025-11-15,Full Stack Developer,Warangal,IT & Digital,7
2025-11-15,Java Developer,Hanamkonda,IT/ITES,5
2025-12-15,Software Developer,Warangal Urban,Information Technology,21
2025-12-15,Senior Software Engineer,Warangal,IT & Digital,14
2025-12-15,Full Stack Developer,Hanamkonda,IT/ITES,7
2025-12-15,Java Developer,Warangal Urban,Information Technology,5
2026-01-15,Software Developer,Warangal,IT & Digital,23
2026-01-15,Software Engineer,Hanamkonda,IT/ITES,15
2026-01-15,Full Stack Developer,Warangal Urban,Information Technology,7
2026-01-15,Java Developer,Warangal,IT & Digital,5
2026-02-15,Software Developer,Hanamkonda,IT/ITES,23
2026-02-15,Senior Software Engineer,Warangal Urban,Information Technology,15
2026-02-15,Full Stack Developer,Warangal,IT & Digital,7
2026-02-15,Java Developer,Hanamkonda,IT/ITES,5
2026-03-15,Software Developer,Warangal Urban,Information Technology,23
2026-03-15,Software Engineer,Warangal,IT & Digital,15
2026-03-15,Full Stack Developer,Hanamkonda,IT/ITES,7
2026-03-15,Java Developer,Warangal Urban,Information Technology,5
2026-04-15,Software Developer,Warangal,IT & Digital,23
2026-04-15,Senior Software Engineer,Hanamkonda,IT/ITES,15
2026-04-15,Full Stack Developer,Warangal Urban,Information Technology,8
2026-04-15,Java Developer,Warangal,IT & Digital,5
2026-05-15,Software Developer,Warangal (U),IT/ITES,24
2026-05-15,Software Engineer,Warangal (U),Information Technology,16
2026-05-15,Full Stack Developer,Warangal (U),IT & Digital,8
2026-05-15,Java Developer,Warangal (U),IT/ITES,5
2026-06-15,Software Developer,Warangal Urban,Information Technology,25
2026-06-15,Senior Software Engineer,Warangal,IT & Digital,17
2026-06-15,Full Stack Developer,Hanamkonda,IT/ITES,8
2026-06-15,Java Developer,Warangal Urban,Information Technology,5
2026-07-15,Software Developer,Warangal,IT & Digital,25
2026-07-15,Software Engineer,Hanamkonda,IT/ITES,17
2026-07-15,Full Stack Developer,Warangal Urban,Information Technology,8
2026-07-15,Java Developer,Warangal,IT & Digital,6
2026-08-15,Software Developer,Hanamkonda,IT/ITES,26
2026-08-15,Senior Software Engineer,Warangal Urban,Information Technology,17
2026-08-15,Full Stack Developer,Warangal,IT & Digital,8
2026-08-15,Java Developer,Hanamkonda,IT/ITES,6
2026-09-15,Software Developer,Warangal Urban,Information Technology,26
2026-09-15,Software Engineer,Warangal,IT & Digital,17
2026-09-15,Full Stack Developer,Hanamkonda,IT/ITES,9
2026-09-15,Java Developer,Warangal Urban,Information Technology,6
2024-10-15,Data Entry Operator,Warangal,IT & Digital,8
2024-10-15,Senior Back Office Executive,Hanamkonda,IT/ITES,6
2024-10-15,Computer Operator,Warangal Urban,Information Technology,3
2024-10-15,Data Entry Opertor,Warangal,IT & Digital,2
2024-11-15,Data Entry Operator,Hanamkonda,IT/ITES,8
2024-11-15,Back Office Executive,Warangal Urban,Information Technology,6
2024-11-15,Computer Operator,Warangal,IT & Digital,3
2024-11-15,Data Entry Opertor,Hanamkonda,IT/ITES,2
2024-12-15,Data Entry Operator,Warangal Urban,Information Technology,8
2024-12-15,Senior Back Office Executive,Warangal,IT & Digital,6
2024-12-15,Computer Operator,Hanamkonda,IT/ITES,3
2024-12-15,Data Entry Opertor,Warangal Urban,Information Technology,2
2025-01-15,Data Entry Operator,Warangal,IT & Digital,7
2025-01-15,Back Office Executive,Hanamkonda,IT/ITES,5
2025-01-15,Computer Operator,Warangal Urban,Information Technology,2
2025-01-15,Data Entry Opertor,Warangal,IT & Digital,1
2025-02-15,Data Entry Operator,Hanamkonda,IT/ITES,7
2025-02-15,Senior Back Office Executive,Warangal Urban,Information Technology,5
2025-02-15,Computer Operator,Warangal,IT & Digital,2
2025-02-15,Data Entry Opertor,Hanamkonda,IT/ITES,1
2025-03-15,Data Entry Operator,Warangal Urban,Information Technology,7
2025-03-15,Back Office Executive,Warangal,IT & Digital,5
2025-03-15,Computer Operator,Hanamkonda,IT/ITES,2
2025-03-15,Data Entry Opertor,Warangal Urban,Information Technology,1
2025-04-15,Data Entry Operator,Warangal,IT & Digital,6
2025-04-15,Senior Back Office Executive,Hanamkonda,IT/ITES,4
2025-04-15,Computer Operator,Warangal Urban,Information Technology,2
2025-04-15,Data Entry Opertor,Warangal,IT & Digital,2
2025-05-15,Data Entry Operator,Hanamkonda,IT/ITES,6
2025-05-15,Back Office Executive,Warangal Urban,Information Technology,4
2025-05-15,Computer Operator,Warangal,IT & Digital,2
2025-05-15,Data Entry Opertor,Hanamkonda,IT/ITES,1
2025-06-15,Data Entry Operator,Warangal (U),Information Technology,6
2025-06-15,Senior Back Office Executive,Warangal (U),IT & Digital,4
2025-06-15,Computer Operator,Warangal (U),IT/ITES,2
2025-06-15,Data Entry Opertor,Warangal Urban,Information Technology,1
2025-07-15,Data Entry Operator,Warangal (U),IT & Digital,6
2025-07-15,Back Office Executive,Warangal (U),IT/ITES,4
2025-07-15,Computer Operator,Warangal (U),Information Technology,2
2025-07-15,Data Entry Opertor,Warangal (U),IT & Digital,1
2025-08-15,Data Entry Operator,Hanamkonda,IT/ITES,6
2025-08-15,Senior Back Office Executive,Warangal Urban,Information Technology,4
2025-08-15,Computer Operator,Warangal,IT & Digital,2
2025-08-15,Data Entry Opertor,Hanamkonda,IT/ITES,1
2025-09-15,Data Entry Operator,Warangal Urban,Information Technology,6
2025-09-15,Back Office Executive,Warangal,IT & Digital,4
2025-09-15,Computer Operator,Hanamkonda,IT/ITES,2
2025-09-15,Data Entry Opertor,Warangal Urban,Information Technology,1
2025-10-15,Data Entry Operator,Warangal (U),IT & Digital,6
2025-10-15,Senior Back Office Executive,Warangal (U),IT/ITES,4
2025-10-15,Computer Operator,Warangal (U),Information Technology,2
2025-10-15,Data Entry Opertor,Warangal (U),IT & Digital,1
2025-11-15,Data Entry Operator,Hanamkonda,IT/ITES,6
2025-11-15,Back Office Executive,Warangal Urban,Information Technology,4
2025-11-15,Computer Operator,Warangal,IT & Digital,2
2025-11-15,Data Entry Opertor,Hanamkonda,IT/ITES,1
2025-12-15,Data Entry Operator,Warangal Urban,Information Technology,6
2025-12-15,Senior Back Office Executive,Warangal,IT & Digital,4
2025-12-15,Computer Operator,Hanamkonda,IT/ITES,2
2025-12-15,Data Entry Opertor,Warangal Urban,Information Technology,1
2026-01-15,Data Entry Operator,Warangal,IT & Digital,7
2026-01-15,Back Office Executive,Hanamkonda,IT/ITES,5
2026-01-15,Computer Operator,Warangal Urban,Information Technology,2
2026-01-15,Data Entry Opertor,Warangal,IT & Digital,1
2026-02-15,Data Entry Operator,Hanamkonda,IT/ITES,7
2026-02-15,Senior Back Office Executive,Warangal Urban,Information Technology,5
2026-02-15,Computer Operator,Warangal,IT & Digital,2
2026-02-15,Data Entry Opertor,Hanamkonda,IT/ITES,1
2026-03-15,Data Entry Operator,Warangal Urban,Information Technology,6
2026-03-15,Back Office Executive,Warangal,IT & Digital,4
2026-03-15,Computer Operator,Hanamkonda,IT/ITES,2
2026-03-15,Data Entry Opertor,Warangal Urban,Information Technology,2
2026-04-15,Data Entry Operator,Warangal,IT & Digital,6
2026-04-15,Senior Back Office Executive,Hanamkonda,IT/ITES,4
2026-04-15,Computer Operator,Warangal Urban,Information Technology,2
2026-04-15,Data Entry Opertor,Warangal,IT & Digital,2
2026-05-15,Data Entry Operator,Hanamkonda,IT/ITES,6
2026-05-15,Back Office Executive,Warangal Urban,Information Technology,4
2026-05-15,Computer Operator,Warangal,IT & Digital,2
2026-05-15,Data Entry Opertor,Hanamkonda,IT/ITES,1
2026-06-15,Data Entry Operator,Warangal (U),Information Technology,6
2026-06-15,Senior Back Office Executive,Warangal (U),IT & Digital,4
2026-06-15,Computer Operator,Warangal (U),IT/ITES,2
2026-06-15,Data Entry Opertor,Warangal (U),Information Technology,1
2026-07-15,Data Entry Operator,Warangal,IT & Digital,6
2026-07-15,Back Office Executive,Hanamkonda,IT/ITES,4
2026-07-15,Computer Operator,Warangal Urban,Information Technology,2
2026-07-15,Data Entry Opertor,Warangal,IT & Digital,1
2026-08-15,Data Entry Operator,Hanamkonda,IT/ITES,6
2026-08-15,Senior Back Office Executive,Warangal Urban,Information Technology,4
2026-08-15,Computer Operator,Warangal,IT & Digital,2
2026-08-15,Data Entry Opertor,Hanamkonda,IT/ITES,1
2026-09-15,Data Entry Operator,Warangal Urban,Information Technology,6
2026-09-15,Back Office Executive,Warangal,IT & Digital,4
2026-09-15,Computer Operator,Hanamkonda,IT/ITES,2
2026-09-15,Data Entry Opertor,Warangal Urban,Information Technology,1
2024-10-15,Digital Marketing Executive,Warangal,IT & Digital,4
2024-10-15,Senior SEO Executive,Hanamkonda,IT/ITES,2
2024-10-15,Social Media Executive,Warangal Urban,Information Technology,1
2024-10-15,Performance Marketing Associate,Warangal,IT & Digital,1
2024-11-15,Digital Marketing Executive,Hanamkonda,IT/ITES,4
2024-11-15,SEO Executive,Warangal Urban,Information Technology,3
2024-11-15,Social Media Executive,Warangal,IT & Digital,1
2024-11-15,Performance Marketing Associate,Hanamkonda,IT/ITES,1
2024-12-15,Digital Marketing Executive,Warangal Urban,Information Technology,4
2024-12-15,Senior SEO Executive,Warangal,IT & Digital,3
2024-12-15,Social Media Executive,Hanamkonda,IT/ITES,1
2024-12-15,Performance Marketing Associate,Warangal Urban,Information Technology,1
2025-01-15,Digital Marketing Executive,Warangal,IT & Digital,4
2025-01-15,SEO Executive,Hanamkonda,IT/ITES,2
2025-01-15,Social Media Executive,Warangal Urban,Information Technology,1
2025-01-15,Performance Marketing Associate,Warangal,IT & Digital,1
2025-02-15,Digital Marketing Executive,Hanamkonda,IT/ITES,4
2025-02-15,Senior SEO Executive,Warangal Urban,Information Technology,2
2025-02-15,Social Media Executive,Warangal,IT & Digital,1
2025-02-15,Performance Marketing Associate,Hanamkonda,IT/ITES,1
2025-03-15,Digital Marketing Executive,Warangal Urban,Information Technology,4
2025-03-15,SEO Executive,Warangal,IT & Digital,2
2025-03-15,Social Media Executive,Hanamkonda,IT/ITES,1
2025-03-15,Performance Marketing Associate,Warangal Urban,Information Technology,1
2025-04-15,Digital Marketing Executive,Warangal,IT & Digital,4
2025-04-15,Senior SEO Executive,Hanamkonda,IT/ITES,2
2025-04-15,Social Media Executive,Warangal Urban,Information Technology,1
2025-04-15,Performance Marketing Associate,Warangal,IT & Digital,1
2025-05-15,Digital Marketing Executive,Hanamkonda,IT/ITES,4
2025-05-15,SEO Executive,Warangal Urban,Information Technology,2
2025-05-15,Social Media Executive,Warangal,IT & Digital,1
2025-05-15,Performance Marketing Associate,Hanamkonda,IT/ITES,1
2025-06-15,Digital Marketing Executive,Warangal Urban,Information Technology,4
2025-06-15,Senior SEO Executive,Warangal,IT & Digital,2
2025-06-15,Social Media Executive,Hanamkonda,IT/ITES,1
2025-06-15,Performance Marketing Associate,Warangal Urban,Information Technology,1
2025-07-15,Digital Marketing Executive,Warangal,IT & Digital,4
2025-07-15,SEO Executive,Hanamkonda,IT/ITES,3
2025-07-15,Social Media Executive,Warangal Urban,Information Technology,1
2025-07-15,Performance Marketing Associate,Warangal,IT & Digital,1
2025-08-15,Digital Marketing Executive,Hanamkonda,IT/ITES,4
2025-08-15,Senior SEO Executive,Warangal Urban,Information Technology,3
2025-08-15,Social Media Executive,Warangal,IT & Digital,1
2025-08-15,Performance Marketing Associate,Hanamkonda,IT/ITES,1
2025-09-15,Digital Marketing Executive,Warangal (U),Information Technology,5
2025-09-15,SEO Executive,Warangal (U),IT & Digital,3
2025-09-15,Social Media Executive,Warangal (U),IT/ITES,1
2025-09-15,Performance Marketing Associate,Warangal (U),Information Technology,1
2025-10-15,Digital Marketing Executive,Warangal,IT & Digital,4
2025-10-15,Senior SEO Executive,Hanamkonda,IT/ITES,2
2025-10-15,Social Media Executive,Warangal Urban,Information Technology,1
2025-10-15,Performance Marketing Associate,Warangal,IT & Digital,1
2025-11-15,Digital Marketing Executive,Hanamkonda,IT/ITES,4
2025-11-15,SEO Executive,Warangal Urban,Information Technology,2
2025-11-15,Social Media Executive,Warangal,IT & Digital,1
2025-11-15,Performance Marketing Associate,Hanamkonda,IT/ITES,1
2025-12-15,Digital Marketing Executive,Warangal Urban,Information Technology,4
2025-12-15,Senior SEO Executive,Warangal,IT & Digital,2
2025-12-15,Social Media Executive,Hanamkonda,IT/ITES,1
2025-12-15,Performance Marketing Associate,Warangal Urban,Information Technology,1
2026-01-15,Digital Marketing Executive,Warangal,IT & Digital,5
2026-01-15,SEO Executive,Hanamkonda,IT/ITES,3
2026-01-15,Social Media Executive,Warangal Urban,Information Technology,1
2026-01-15,Performance Marketing Associate,Warangal,IT & Digital,1
2026-02-15,Digital Marketing Executive,Hanamkonda,IT/ITES,5
2026-02-15,Senior SEO Executive,Warangal Urban,Information Technology,3
2026-02-15,Social Media Executive,Warangal,IT & Digital,1
2026-02-15,Performance Marketing Associate,Hanamkonda,IT/ITES,1
2026-03-15,Digital Marketing Executive,Warangal Urban,Information Technology,5
2026-03-15,SEO Executive,Warangal,IT & Digital,3
2026-03-15,Social Media Executive,Hanamkonda,IT/ITES,1
2026-03-15,Performance Marketing Associate,Warangal Urban,Information Technology,1
2026-04-15,Digital Marketing Executive,Warangal,IT & Digital,5
2026-04-15,Senior SEO Executive,Hanamkonda,IT/ITES,3
2026-04-15,Social Media Executive,Warangal Urban,Information Technology,1
2026-04-15,Performance Marketing Associate,Warangal,IT & Digital,1
2026-05-15,Digital Marketing Executive,Hanamkonda,IT/ITES,5
2026-05-15,SEO Executive,Warangal Urban,Information Technology,3
2026-05-15,Social Media Executive,Warangal,IT & Digital,1
2026-05-15,Performance Marketing Associate,Hanamkonda,IT/ITES,1
2026-06-15,Digital Marketing Executive,Warangal Urban,Information Technology,5
2026-06-15,Senior SEO Executive,Warangal,IT & Digital,3
2026-06-15,Social Media Executive,Hanamkonda,IT/ITES,2
2026-06-15,Performance Marketing Associate,Warangal Urban,Information Technology,1
2026-07-15,Digital Marketing Executive,Warangal,IT & Digital,5
2026-07-15,SEO Executive,Hanamkonda,IT/ITES,3
2026-07-15,Social Media Executive,Warangal Urban,Information Technology,2
2026-07-15,Performance Marketing Associate,Warangal,IT & Digital,1
2026-08-15,Digital Marketing Executive,Hanamkonda,IT/ITES,5
2026-08-15,Senior SEO Executive,Warangal Urban,Information Technology,4
2026-08-15,Social Media Executive,Warangal,IT & Digital,2
2026-08-15,Performance Marketing Associate,Hanamkonda,IT/ITES,1
2026-09-15,Digital Marketing Executive,Warangal Urban,Information Technology,5
2026-09-15,SEO Executive,Warangal,IT & Digital,4
2026-09-15,Social Media Executive,Hanamkonda,IT/ITES,2
2026-09-15,Performance Marketing Associate,Warangal Urban,Information Technology,1
2024-10-15,General Duty Assistant,Warangal,Healthcare,16
2024-10-15,Senior Patient Care Assistant,Hanamkonda,Hospitals,11
2024-10-15,Nursing Assistant,Warangal Urban,Healthcare,5
2024-10-15,Hospital Attendant,Warangal,Hospitals,4
2024-11-15,General Duty Assistant,Hanamkonda,Hospitals,16
2024-11-15,Patient Care Assistant,Warangal Urban,Healthcare,11
2024-11-15,Nursing Assistant,Warangal,Hospitals,5
2024-11-15,Hospital Attendant,Hanamkonda,Healthcare,4
2024-12-15,General Duty Assistant,Warangal Urban,Healthcare,17
2024-12-15,Senior Patient Care Assistant,Warangal,Hospitals,11
2024-12-15,Nursing Assistant,Hanamkonda,Healthcare,5
2024-12-15,Hospital Attendant,Warangal Urban,Hospitals,4
2025-01-15,General Duty Assistant,Warangal (U),Hospitals,16
2025-01-15,Patient Care Assistant,Warangal (U),Healthcare,11
2025-01-15,Nursing Assistant,Warangal (U),Hospitals,5
2025-01-15,Hospital Attendant,Warangal (U),Healthcare,4
2025-02-15,General Duty Assistant,Hanamkonda,Healthcare,16
2025-02-15,Senior Patient Care Assistant,Warangal Urban,Hospitals,11
2025-02-15,Nursing Assistant,Warangal,Healthcare,5
2025-02-15,Hospital Attendant,Hanamkonda,Hospitals,4
2025-03-15,General Duty Assistant,Warangal Urban,Hospitals,16
2025-03-15,Patient Care Assistant,Warangal,Healthcare,11
2025-03-15,Nursing Assistant,Hanamkonda,Hospitals,5
2025-03-15,Hospital Attendant,Warangal Urban,Healthcare,3
2025-04-15,General Duty Assistant,Warangal,Healthcare,16
2025-04-15,Senior Patient Care Assistant,Hanamkonda,Hospitals,11
2025-04-15,Nursing Assistant,Warangal Urban,Healthcare,5
2025-04-15,Hospital Attendant,Warangal,Hospitals,3
2025-05-15,General Duty Assistant,Hanamkonda,Hospitals,15
2025-05-15,Patient Care Assistant,Warangal Urban,Healthcare,10
2025-05-15,Nursing Assistant,Warangal,Hospitals,5
2025-05-15,Hospital Attendant,Hanamkonda,Healthcare,4
2025-06-15,General Duty Assistant,Warangal Urban,Healthcare,16
2025-06-15,Senior Patient Care Assistant,Warangal,Hospitals,11
2025-06-15,Nursing Assistant,Hanamkonda,Healthcare,5
2025-06-15,Hospital Attendant,Warangal Urban,Hospitals,3
2025-07-15,General Duty Assistant,Warangal,Hospitals,16
2025-07-15,Patient Care Assistant,Hanamkonda,Healthcare,11
2025-07-15,Nursing Assistant,Warangal Urban,Hospitals,5
2025-07-15,Hospital Attendant,Warangal,Healthcare,4
2025-08-15,General Duty Assistant,Hanamkonda,Healthcare,16
2025-08-15,Senior Patient Care Assistant,Warangal Urban,Hospitals,11
2025-08-15,Nursing Assistant,Warangal,Healthcare,5
2025-08-15,Hospital Attendant,Hanamkonda,Hospitals,4
2025-09-15,General Duty Assistant,Warangal (U),Hospitals,17
2025-09-15,Patient Care Assistant,Warangal (U),Healthcare,11
2025-09-15,Nursing Assistant,Warangal (U),Hospitals,5
2025-09-15,Hospital Attendant,Warangal (U),Healthcare,4
2025-10-15,General Duty Assistant,Warangal,Healthcare,19
2025-10-15,Senior Patient Care Assistant,Hanamkonda,Hospitals,13
2025-10-15,Nursing Assistant,Warangal Urban,Healthcare,7
2025-10-15,Hospital Attendant,Warangal,Hospitals,4
2025-11-15,General Duty Assistant,Hanamkonda,Hospitals,20
2025-11-15,Patient Care Assistant,Warangal Urban,Healthcare,13
2025-11-15,Nursing Assistant,Warangal,Hospitals,7
2025-11-15,Hospital Attendant,Hanamkonda,Healthcare,4
2025-12-15,General Duty Assistant,Warangal Urban,Healthcare,20
2025-12-15,Senior Patient Care Assistant,Warangal,Hospitals,13
2025-12-15,Nursing Assistant,Hanamkonda,Healthcare,7
2025-12-15,Hospital Attendant,Warangal Urban,Hospitals,4
2026-01-15,General Duty Assistant,Warangal (U),Hospitals,17
2026-01-15,Patient Care Assistant,Warangal (U),Healthcare,12
2026-01-15,Nursing Assistant,Warangal (U),Hospitals,6
2026-01-15,Hospital Attendant,Warangal (U),Healthcare,4
2026-02-15,General Duty Assistant,Hanamkonda,Healthcare,17
2026-02-15,Senior Patient Care Assistant,Warangal Urban,Hospitals,12
2026-02-15,Nursing Assistant,Warangal,Healthcare,6
2026-02-15,Hospital Attendant,Hanamkonda,Hospitals,4
2026-03-15,General Duty Assistant,Warangal Urban,Hospitals,17
2026-03-15,Patient Care Assistant,Warangal,Healthcare,11
2026-03-15,Nursing Assistant,Hanamkonda,Hospitals,6
2026-03-15,Hospital Attendant,Warangal Urban,Healthcare,4
2026-04-15,General Duty Assistant,Warangal,Healthcare,17
2026-04-15,Senior Patient Care Assistant,Hanamkonda,Hospitals,11
2026-04-15,Nursing Assistant,Warangal Urban,Healthcare,6
2026-04-15,Hospital Attendant,Warangal,Hospitals,4
2026-05-15,General Duty Assistant,Hanamkonda,Hospitals,17
2026-05-15,Patient Care Assistant,Warangal Urban,Healthcare,11
2026-05-15,Nursing Assistant,Warangal,Hospitals,6
2026-05-15,Hospital Attendant,Hanamkonda,Healthcare,4
2026-06-15,General Duty Assistant,Warangal Urban,Healthcare,17
2026-06-15,Senior Patient Care Assistant,Warangal,Hospitals,11
2026-06-15,Nursing Assistant,Hanamkonda,Healthcare,6
2026-06-15,Hospital Attendant,Warangal Urban,Hospitals,4
2026-07-15,General Duty Assistant,Warangal,Hospitals,17
2026-07-15,Patient Care Assistant,Hanamkonda,Healthcare,11
2026-07-15,Nursing Assistant,Warangal Urban,Hospitals,6
2026-07-15,Hospital Attendant,Warangal,Healthcare,4
2026-08-15,General Duty Assistant,Hanamkonda,Healthcare,17
2026-08-15,Senior Patient Care Assistant,Warangal Urban,Hospitals,12
2026-08-15,Nursing Assistant,Warangal,Healthcare,6
2026-08-15,Hospital Attendant,Hanamkonda,Hospitals,4
2026-09-15,General Duty Assistant,Warangal Urban,Hospitals,19
2026-09-15,Patient Care Assistant,Warangal,Healthcare,12
2026-09-15,Nursing Assistant,Hanamkonda,Hospitals,6
2026-09-15,Hospital Attendant,Warangal Urban,Healthcare,4
2024-10-15,Phlebotomist,Warangal,Healthcare,6
2024-10-15,Senior Phlebotomy Technician,Hanamkonda,Hospitals,4
2024-10-15,Lab Collection Technician,Warangal Urban,Healthcare,2
2024-10-15,Phlebotomist (Home Collection),Warangal,Hospitals,2
2024-11-15,Phlebotomist,Hanamkonda,Hospitals,7
2024-11-15,Phlebotomy Technician,Warangal Urban,Healthcare,5
2024-11-15,Lab Collection Technician,Warangal,Hospitals,2
2024-11-15,Phlebotomist (Home Collection),Hanamkonda,Healthcare,1
2024-12-15,Phlebotomist,Warangal Urban,Healthcare,7
2024-12-15,Senior Phlebotomy Technician,Warangal,Hospitals,5
2024-12-15,Lab Collection Technician,Hanamkonda,Healthcare,2
2024-12-15,Phlebotomist (Home Collection),Warangal Urban,Hospitals,1
2025-01-15,Phlebotomist,Warangal (U),Hospitals,7
2025-01-15,Phlebotomy Technician,Warangal (U),Healthcare,5
2025-01-15,Lab Collection Technician,Warangal (U),Hospitals,2
2025-01-15,Phlebotomist (Home Collection),Warangal (U),Healthcare,2
2025-02-15,Phlebotomist,Hanamkonda,Healthcare,7
2025-02-15,Senior Phlebotomy Technician,Warangal Urban,Hospitals,5
2025-02-15,Lab Collection Technician,Warangal,Healthcare,2
2025-02-15,Phlebotomist (Home Collection),Hanamkonda,Hospitals,2
2025-03-15,Phlebotomist,Warangal Urban,Hospitals,7
2025-03-15,Phlebotomy Technician,Warangal,Healthcare,5
2025-03-15,Lab Collection Technician,Hanamkonda,Hospitals,2
2025-03-15,Phlebotomist (Home Collection),Warangal Urban,Healthcare,2
2025-04-15,Phlebotomist,Warangal,Healthcare,7
2025-04-15,Senior Phlebotomy Technician,Hanamkonda,Hospitals,5
2025-04-15,Lab Collection Technician,Warangal Urban,Healthcare,2
2025-04-15,Phlebotomist (Home Collection),Warangal,Hospitals,1
2025-05-15,Phlebotomist,Hanamkonda,Hospitals,7
2025-05-15,Phlebotomy Technician,Warangal Urban,Healthcare,5
2025-05-15,Lab Collection Technician,Warangal,Hospitals,2
2025-05-15,Phlebotomist (Home Collection),Hanamkonda,Healthcare,1
2025-06-15,Phlebotomist,Warangal Urban,Healthcare,7
2025-06-15,Senior Phlebotomy Technician,Warangal,Hospitals,5
2025-06-15,Lab Collection Technician,Hanamkonda,Healthcare,2
2025-06-15,Phlebotomist (Home Collection),Warangal Urban,Hospitals,1
2025-07-15,Phlebotomist,Warangal,Hospitals,6
2025-07-15,Phlebotomy Technician,Hanamkonda,Healthcare,4
2025-07-15,Lab Collection Technician,Warangal Urban,Hospitals,2
2025-07-15,Phlebotomist (Home Collection),Warangal,Healthcare,2
2025-08-15,Phlebotomist,Warangal (U),Healthcare,5
2025-08-15,Senior Phlebotomy Technician,Warangal (U),Hospitals,3
2025-08-15,Lab Collection Technician,Warangal (U),Healthcare,2
2025-08-15,Phlebotomist (Home Collection),Warangal (U),Hospitals,1
2025-09-15,Phlebotomist,Warangal (U),Hospitals,5
2025-09-15,Phlebotomy Technician,Warangal (U),Healthcare,3
2025-09-15,Lab Collection Technician,Warangal (U),Hospitals,2
2025-09-15,Phlebotomist (Home Collection),Warangal (U),Healthcare,1
2025-10-15,Phlebotomist,Warangal,Healthcare,5
2025-10-15,Senior Phlebotomy Technician,Hanamkonda,Hospitals,3
2025-10-15,Lab Collection Technician,Warangal Urban,Healthcare,2
2025-10-15,Phlebotomist (Home Collection),Warangal,Hospitals,1
2025-11-15,Phlebotomist,Hanamkonda,Hospitals,5
2025-11-15,Phlebotomy Technician,Warangal Urban,Healthcare,4
2025-11-15,Lab Collection Technician,Warangal,Hospitals,2
2025-11-15,Phlebotomist (Home Collection),Hanamkonda,Healthcare,1
2025-12-15,Phlebotomist,Warangal Urban,Healthcare,5
2025-12-15,Senior Phlebotomy Technician,Warangal,Hospitals,4
2025-12-15,Lab Collection Technician,Hanamkonda,Healthcare,2
2025-12-15,Phlebotomist (Home Collection),Warangal Urban,Hospitals,1
2026-01-15,Phlebotomist,Warangal,Hospitals,5
2026-01-15,Phlebotomy Technician,Hanamkonda,Healthcare,4
2026-01-15,Lab Collection Technician,Warangal Urban,Hospitals,2
2026-01-15,Phlebotomist (Home Collection),Warangal,Healthcare,1
2026-02-15,Phlebotomist,Hanamkonda,Healthcare,5
2026-02-15,Senior Phlebotomy Technician,Warangal Urban,Hospitals,4
2026-02-15,Lab Collection Technician,Warangal,Healthcare,2
2026-02-15,Phlebotomist (Home Collection),Hanamkonda,Hospitals,1
2026-03-15,Phlebotomist,Warangal Urban,Hospitals,5
2026-03-15,Phlebotomy Technician,Warangal,Healthcare,4
2026-03-15,Lab Collection Technician,Hanamkonda,Hospitals,2
2026-03-15,Phlebotomist (Home Collection),Warangal Urban,Healthcare,1
2026-04-15,Phlebotomist,Warangal,Healthcare,5
2026-04-15,Senior Phlebotomy Technician,Hanamkonda,Hospitals,4
2026-04-15,Lab Collection Technician,Warangal Urban,Healthcare,2
2026-04-15,Phlebotomist (Home Collection),Warangal,Hospitals,1
2026-05-15,Phlebotomist,Hanamkonda,Hospitals,5
2026-05-15,Phlebotomy Technician,Warangal Urban,Healthcare,4
2026-05-15,Lab Collection Technician,Warangal,Hospitals,2
2026-05-15,Phlebotomist (Home Collection),Hanamkonda,Healthcare,1
2026-06-15,Phlebotomist,Warangal Urban,Healthcare,5
2026-06-15,Senior Phlebotomy Technician,Warangal,Hospitals,4
2026-06-15,Lab Collection Technician,Hanamkonda,Healthcare,2
2026-06-15,Phlebotomist (Home Collection),Warangal Urban,Hospitals,1
2026-07-15,Phlebotomist,Warangal,Hospitals,5
2026-07-15,Phlebotomy Technician,Hanamkonda,Healthcare,4
2026-07-15,Lab Collection Technician,Warangal Urban,Hospitals,2
2026-07-15,Phlebotomist (Home Collection),Warangal,Healthcare,1
2026-08-15,Phlebotomist,Hanamkonda,Healthcare,5
2026-08-15,Senior Phlebotomy Technician,Warangal Urban,Hospitals,4
2026-08-15,Lab Collection Technician,Warangal,Healthcare,2
2026-08-15,Phlebotomist (Home Collection),Hanamkonda,Hospitals,1
2026-09-15,Phlebotomist,Warangal Urban,Hospitals,5
2026-09-15,Phlebotomy Technician,Warangal,Healthcare,4
2026-09-15,Lab Collection Technician,Hanamkonda,Hospitals,2
2026-09-15,Phlebotomist (Home Collection),Warangal Urban,Healthcare,1
2024-10-15,CNC Operator,Warangal,Manufacturing,5
2024-10-15,Senior CNC Machinist,Hanamkonda,Engineering,3
2024-10-15,VMC Operator,Warangal Urban,Manufacturing,1
2024-10-15,CNC Operator - Night Shift,Warangal,Engineering,1
2024-11-15,CNC Operator,Hanamkonda,Engineering,5
2024-11-15,CNC Machinist,Warangal Urban,Manufacturing,3
2024-11-15,VMC Operator,Warangal,Engineering,1
2024-11-15,CNC Operator - Night Shift,Hanamkonda,Manufacturing,1
2024-12-15,CNC Operator,Warangal Urban,Manufacturing,5
2024-12-15,Senior CNC Machinist,Warangal,Engineering,3
2024-12-15,VMC Operator,Hanamkonda,Manufacturing,1
2024-12-15,CNC Operator - Night Shift,Warangal Urban,Engineering,1
2025-01-15,CNC Operator,Warangal (U),Engineering,5
2025-01-15,CNC Machinist,Warangal (U),Manufacturing,3
2025-01-15,VMC Operator,Warangal (U),Engineering,1
2025-01-15,CNC Operator - Night Shift,Warangal (U),Manufacturing,1
2025-02-15,CNC Operator,Hanamkonda,Manufacturing,5
2025-02-15,Senior CNC Machinist,Warangal Urban,Engineering,3
2025-02-15,VMC Operator,Warangal,Manufacturing,1
2025-02-15,CNC Operator - Night Shift,Hanamkonda,Engineering,1
2025-03-15,CNC Operator,Warangal Urban,Engineering,5
2025-03-15,CNC Machinist,Warangal,Manufacturing,3
2025-03-15,VMC Operator,Hanamkonda,Engineering,2
2025-03-15,CNC Operator - Night Shift,Warangal Urban,Manufacturing,1
2025-04-15,CNC Operator,Warangal,Manufacturing,5
2025-04-15,Senior CNC Machinist,Hanamkonda,Engineering,3
2025-04-15,VMC Operator,Warangal Urban,Manufacturing,2
2025-04-15,CNC Operator - Night Shift,Warangal,Engineering,1
2025-05-15,CNC Operator,Hanamkonda,Engineering,5
2025-05-15,CNC Machinist,Warangal Urban,Manufacturing,3
2025-05-15,VMC Operator,Warangal,Engineering,2
2025-05-15,CNC Operator - Night Shift,Hanamkonda,Manufacturing,1
2025-06-15,CNC Operator,Warangal Urban,Manufacturing,5
2025-06-15,Senior CNC Machinist,Warangal,Engineering,3
2025-06-15,VMC Operator,Hanamkonda,Manufacturing,1
2025-06-15,CNC Operator - Night Shift,Warangal Urban,Engineering,1
2025-07-15,CNC Operator,Warangal,Engineering,5
2025-07-15,CNC Machinist,Hanamkonda,Manufacturing,3
2025-07-15,VMC Operator,Warangal Urban,Engineering,1
2025-07-15,CNC Operator - Night Shift,Warangal,Manufacturing,1
2025-08-15,CNC Operator,Hanamkonda,Manufacturing,5
2025-08-15,Senior CNC Machinist,Warangal Urban,Engineering,3
2025-08-15,VMC Operator,Warangal,Manufacturing,1
2025-08-15,CNC Operator - Night Shift,Hanamkonda,Engineering,1
2025-09-15,CNC Operator,Warangal Urban,Engineering,5
2025-09-15,CNC Machinist,Warangal,Manufacturing,3
2025-09-15,VMC Operator,Hanamkonda,Engineering,1
2025-09-15,CNC Operator - Night Shift,Warangal Urban,Manufacturing,1
2025-10-15,CNC Operator,Warangal,Manufacturing,5
2025-10-15,Senior CNC Machinist,Hanamkonda,Engineering,3
2025-10-15,VMC Operator,Warangal Urban,Manufacturing,1
2025-10-15,CNC Operator - Night Shift,Warangal,Engineering,1
2025-11-15,CNC Operator,Hanamkonda,Engineering,5
2025-11-15,CNC Machinist,Warangal Urban,Manufacturing,3
2025-11-15,VMC Operator,Warangal,Engineering,2
2025-11-15,CNC Operator - Night Shift,Hanamkonda,Manufacturing,1
2025-12-15,CNC Operator,Warangal Urban,Manufacturing,5
2025-12-15,Senior CNC Machinist,Warangal,Engineering,3
2025-12-15,VMC Operator,Hanamkonda,Manufacturing,2
2025-12-15,CNC Operator - Night Shift,Warangal Urban,Engineering,1
2026-01-15,CNC Operator,Warangal,Engineering,5
2026-01-15,CNC Machinist,Hanamkonda,Manufacturing,3
2026-01-15,VMC Operator,Warangal Urban,Engineering,1
2026-01-15,CNC Operator - Night Shift,Warangal,Manufacturing,1
2026-02-15,CNC Operator,Hanamkonda,Manufacturing,5
2026-02-15,Senior CNC Machinist,Warangal Urban,Engineering,3
2026-02-15,VMC Operator,Warangal,Manufacturing,1
2026-02-15,CNC Operator - Night Shift,Hanamkonda,Engineering,1
2026-03-15,CNC Operator,Warangal Urban,Engineering,5
2026-03-15,CNC Machinist,Warangal,Manufacturing,3
2026-03-15,VMC Operator,Hanamkonda,Engineering,1
2026-03-15,CNC Operator - Night Shift,Warangal Urban,Manufacturing,1
2026-04-15,CNC Operator,Warangal,Manufacturing,5
2026-04-15,Senior CNC Machinist,Hanamkonda,Engineering,3
2026-04-15,VMC Operator,Warangal Urban,Manufacturing,1
2026-04-15,CNC Operator - Night Shift,Warangal,Engineering,1
2026-05-15,CNC Operator,Hanamkonda,Engineering,5
2026-05-15,CNC Machinist,Warangal Urban,Manufacturing,3
2026-05-15,VMC Operator,Warangal,Engineering,1
2026-05-15,CNC Operator - Night Shift,Hanamkonda,Manufacturing,1
2026-06-15,CNC Operator,Warangal (U),Manufacturing,5
2026-06-15,Senior CNC Machinist,Warangal (U),Engineering,3
2026-06-15,VMC Operator,Warangal (U),Manufacturing,1
2026-06-15,CNC Operator - Night Shift,Warangal (U),Engineering,1
2026-07-15,CNC Operator,Warangal,Engineering,5
2026-07-15,CNC Machinist,Hanamkonda,Manufacturing,3
2026-07-15,VMC Operator,Warangal Urban,Engineering,1
2026-07-15,CNC Operator - Night Shift,Warangal,Manufacturing,1
2026-08-15,CNC Operator,Hanamkonda,Manufacturing,5
2026-08-15,Senior CNC Machinist,Warangal Urban,Engineering,3
2026-08-15,VMC Operator,Warangal,Manufacturing,1
2026-08-15,CNC Operator - Night Shift,Hanamkonda,Engineering,1
2026-09-15,CNC Operator,Warangal Urban,Engineering,5
2026-09-15,CNC Machinist,Warangal,Manufacturing,3
2026-09-15,VMC Operator,Hanamkonda,Engineering,1
2026-09-15,CNC Operator - Night Shift,Warangal Urban,Manufacturing,1
2024-10-15,Welder,Warangal,Manufacturing,5
2024-10-15,Senior MIG Welder,Hanamkonda,Engineering,4
2024-10-15,Arc Welder,Warangal Urban,Manufacturing,2
2024-10-15,Fabricator cum Welder,Warangal,Engineering,1
2024-11-15,Welder,Hanamkonda,Engineering,5
2024-11-15,MIG Welder,Warangal Urban,Manufacturing,4
2024-11-15,Arc Welder,Warangal,Engineering,2
2024-11-15,Fabricator cum Welder,Hanamkonda,Manufacturing,1
2024-12-15,Welder,Warangal Urban,Manufacturing,5
2024-12-15,Senior MIG Welder,Warangal,Engineering,4
2024-12-15,Arc Welder,Hanamkonda,Manufacturing,2
2024-12-15,Fabricator cum Welder,Warangal Urban,Engineering,1
2025-01-15,Welder,Warangal,Engineering,4
2025-01-15,MIG Welder,Hanamkonda,Manufacturing,3
2025-01-15,Arc Welder,Warangal Urban,Engineering,1
2025-01-15,Fabricator cum Welder,Warangal,Manufacturing,1
2025-02-15,Welder,Hanamkonda,Manufacturing,4
2025-02-15,Senior MIG Welder,Warangal Urban,Engineering,3
2025-02-15,Arc Welder,Warangal,Manufacturing,1
2025-02-15,Fabricator cum Welder,Hanamkonda,Engineering,1
2025-03-15,Welder,Warangal Urban,Engineering,4
2025-03-15,MIG Welder,Warangal,Manufacturing,3
2025-03-15,Arc Welder,Hanamkonda,Engineering,1
2025-03-15,Fabricator cum Welder,Warangal Urban,Manufacturing,1
2025-04-15,Welder,Warangal,Manufacturing,4
2025-04-15,Senior MIG Welder,Hanamkonda,Engineering,2
2025-04-15,Arc Welder,Warangal Urban,Manufacturing,1
2025-04-15,Fabricator cum Welder,Warangal,Engineering,1
2025-05-15,Welder,Warangal (U),Engineering,4
2025-05-15,MIG Welder,Warangal (U),Manufacturing,2
2025-05-15,Arc Welder,Warangal (U),Engineering,1
2025-05-15,Fabricator cum Welder,Warangal (U),Manufacturing,1
2025-06-15,Welder,Warangal Urban,Manufacturing,4
2025-06-15,Senior MIG Welder,Warangal,Engineering,2
2025-06-15,Arc Welder,Hanamkonda,Manufacturing,1
2025-06-15,Fabricator cum Welder,Warangal Urban,Engineering,1
2025-07-15,Welder,Warangal,Engineering,4
2025-07-15,MIG Welder,Hanamkonda,Manufacturing,2
2025-07-15,Arc Welder,Warangal Urban,Engineering,1
2025-07-15,Fabricator cum Welder,Warangal,Manufacturing,1
2025-08-15,Welder,Warangal (U),Manufacturing,4
2025-08-15,Senior MIG Welder,Warangal (U),Engineering,2
2025-08-15,Arc Welder,Warangal (U),Manufacturing,1
2025-08-15,Fabricator cum Welder,Warangal (U),Engineering,1
2025-09-15,Welder,Warangal Urban,Engineering,4
2025-09-15,MIG Welder,Warangal,Manufacturing,2
2025-09-15,Arc Welder,Hanamkonda,Engineering,1
2025-09-15,Fabricator cum Welder,Warangal Urban,Manufacturing,1
2025-10-15,Welder,Warangal,Manufacturing,4
2025-10-15,Senior MIG Welder,Hanamkonda,Engineering,2
2025-10-15,Arc Welder,Warangal Urban,Manufacturing,1
2025-10-15,Fabricator cum Welder,Warangal,Engineering,1
2025-11-15,Welder,Hanamkonda,Engineering,4
2025-11-15,MIG Welder,Warangal Urban,Manufacturing,3
2025-11-15,Arc Welder,Warangal,Engineering,1
2025-11-15,Fabricator cum Welder,Hanamkonda,Manufacturing,1
2025-12-15,Welder,Warangal (U),Manufacturing,4
2025-12-15,Senior MIG Welder,Warangal (U),Engineering,3
2025-12-15,Arc Welder,Warangal (U),Manufacturing,1
2025-12-15,Fabricator cum Welder,Warangal (U),Engineering,1
2026-01-15,Welder,Warangal,Engineering,4
2026-01-15,MIG Welder,Hanamkonda,Manufacturing,3
2026-01-15,Arc Welder,Warangal Urban,Engineering,1
2026-01-15,Fabricator cum Welder,Warangal,Manufacturing,1
2026-02-15,Welder,Warangal (U),Manufacturing,4
2026-02-15,Senior MIG Welder,Warangal (U),Engineering,3
2026-02-15,Arc Welder,Warangal (U),Manufacturing,1
2026-02-15,Fabricator cum Welder,Warangal (U),Engineering,1
2026-03-15,Welder,Warangal Urban,Engineering,4
2026-03-15,MIG Welder,Warangal,Manufacturing,2
2026-03-15,Arc Welder,Hanamkonda,Engineering,1
2026-03-15,Fabricator cum Welder,Warangal Urban,Manufacturing,1
2026-04-15,Welder,Warangal,Manufacturing,4
2026-04-15,Senior MIG Welder,Hanamkonda,Engineering,2
2026-04-15,Arc Welder,Warangal Urban,Manufacturing,1
2026-04-15,Fabricator cum Welder,Warangal,Engineering,1
2026-05-15,Welder,Hanamkonda,Engineering,4
2026-05-15,MIG Welder,Warangal Urban,Manufacturing,2
2026-05-15,Arc Welder,Warangal,Engineering,1
2026-05-15,Fabricator cum Welder,Hanamkonda,Manufacturing,1
2026-06-15,Welder,Warangal Urban,Manufacturing,4
2026-06-15,Senior MIG Welder,Warangal,Engineering,2
2026-06-15,Arc Welder,Hanamkonda,Manufacturing,1
2026-06-15,Fabricator cum Welder,Warangal Urban,Engineering,1
2026-07-15,Welder,Warangal,Engineering,4
2026-07-15,MIG Welder,Hanamkonda,Manufacturing,2
2026-07-15,Arc Welder,Warangal Urban,Engineering,1
2026-07-15,Fabricator cum Welder,Warangal,Manufacturing,1
2026-08-15,Welder,Hanamkonda,Manufacturing,4
2026-08-15,Senior MIG Welder,Warangal Urban,Engineering,2
2026-08-15,Arc Welder,Warangal,Manufacturing,1
2026-08-15,Fabricator cum Welder,Hanamkonda,Engineering,1
2026-09-15,Welder,Warangal Urban,Engineering,4
2026-09-15,MIG Welder,Warangal,Manufacturing,2
2026-09-15,Arc Welder,Hanamkonda,Engineering,1
2026-09-15,Fabricator cum Welder,Warangal Urban,Manufacturing,1
2024-10-15,Warehouse Associate,Warangal,Logistics,18
2024-10-15,Senior Picker Packer,Hanamkonda,Warehousing,12
2024-10-15,Warehouse Executive,Warangal Urban,Logistics,6
2024-10-15,Wearhouse Associate,Warangal,Warehousing,4
2024-11-15,Warehouse Associate,Hanamkonda,Warehousing,18
2024-11-15,Picker Packer,Warangal Urban,Logistics,12
2024-11-15,Warehouse Executive,Warangal,Warehousing,6
2024-11-15,Wearhouse Associate,Hanamkonda,Logistics,4
2024-12-15,Warehouse Associate,Warangal Urban,Logistics,19
2024-12-15,Senior Picker Packer,Warangal,Warehousing,13
2024-12-15,Warehouse Executive,Hanamkonda,Logistics,6
2024-12-15,Wearhouse Associate,Warangal Urban,Warehousing,4
2025-01-15,Warehouse Associate,Warangal,Warehousing,19
2025-01-15,Picker Packer,Hanamkonda,Logistics,12
2025-01-15,Warehouse Executive,Warangal Urban,Warehousing,6
2025-01-15,Wearhouse Associate,Warangal,Logistics,4
2025-02-15,Warehouse Associate,Hanamkonda,Logistics,19
2025-02-15,Senior Picker Packer,Warangal Urban,Warehousing,13
2025-02-15,Warehouse Executive,Warangal,Logistics,6
2025-02-15,Wearhouse Associate,Hanamkonda,Warehousing,4
2025-03-15,Warehouse Associate,Warangal Urban,Warehousing,19
2025-03-15,Picker Packer,Warangal,Logistics,12
2025-03-15,Warehouse Executive,Hanamkonda,Warehousing,6
2025-03-15,Wearhouse Associate,Warangal Urban,Logistics,4
2025-04-15,Warehouse Associate,Warangal,Logistics,19
2025-04-15,Senior Picker Packer,Hanamkonda,Warehousing,12
2025-04-15,Warehouse Executive,Warangal Urban,Logistics,6
2025-04-15,Wearhouse Associate,Warangal,Warehousing,4
2025-05-15,Warehouse Associate,Hanamkonda,Warehousing,18
2025-05-15,Picker Packer,Warangal Urban,Logistics,12
2025-05-15,Warehouse Executive,Warangal,Warehousing,6
2025-05-15,Wearhouse Associate,Hanamkonda,Logistics,4
2025-06-15,Warehouse Associate,Warangal (U),Logistics,18
2025-06-15,Senior Picker Packer,Warangal (U),Warehousing,12
2025-06-15,Warehouse Executive,Warangal (U),Logistics,6
2025-06-15,Wearhouse Associate,Warangal Urban,Warehousing,4
2025-07-15,Warehouse Associate,Warangal (U),Warehousing,18
2025-07-15,Picker Packer,Warangal (U),Logistics,12
2025-07-15,Warehouse Executive,Warangal (U),Warehousing,6
2025-07-15,Wearhouse Associate,Warangal (U),Logistics,4
2025-08-15,Warehouse Associate,Hanamkonda,Logistics,18
2025-08-15,Senior Picker Packer,Warangal Urban,Warehousing,12
2025-08-15,Warehouse Executive,Warangal,Logistics,6
2025-08-15,Wearhouse Associate,Hanamkonda,Warehousing,4
2025-09-15,Warehouse Associate,Warangal Urban,Warehousing,19
2025-09-15,Picker Packer,Warangal,Logistics,12
2025-09-15,Warehouse Executive,Hanamkonda,Warehousing,6
2025-09-15,Wearhouse Associate,Warangal Urban,Logistics,4
2025-10-15,Warehouse Associate,Warangal (U),Logistics,17
2025-10-15,Senior Picker Packer,Warangal (U),Warehousing,11
2025-10-15,Warehouse Executive,Warangal (U),Logistics,6
2025-10-15,Wearhouse Associate,Warangal (U),Warehousing,4
2025-11-15,Warehouse Associate,Hanamkonda,Warehousing,17
2025-11-15,Picker Packer,Warangal Urban,Logistics,11
2025-11-15,Warehouse Executive,Warangal,Warehousing,6
2025-11-15,Wearhouse Associate,Hanamkonda,Logistics,4
2025-12-15,Warehouse Associate,Warangal Urban,Logistics,18
2025-12-15,Senior Picker Packer,Warangal,Warehousing,12
2025-12-15,Warehouse Executive,Hanamkonda,Logistics,6
2025-12-15,Wearhouse Associate,Warangal Urban,Warehousing,4
2026-01-15,Warehouse Associate,Warangal,Warehousing,19
2026-01-15,Picker Packer,Hanamkonda,Logistics,12
2026-01-15,Warehouse Executive,Warangal Urban,Warehousing,6
2026-01-15,Wearhouse Associate,Warangal,Logistics,4
2026-02-15,Warehouse Associate,Hanamkonda,Logistics,19
2026-02-15,Senior Picker Packer,Warangal Urban,Warehousing,13
2026-02-15,Warehouse Executive,Warangal,Logistics,6
2026-02-15,Wearhouse Associate,Hanamkonda,Warehousing,4
2026-03-15,Warehouse Associate,Warangal Urban,Warehousing,19
2026-03-15,Picker Packer,Warangal,Logistics,12
2026-03-15,Warehouse Executive,Hanamkonda,Warehousing,6
2026-03-15,Wearhouse Associate,Warangal Urban,Logistics,4
2026-04-15,Warehouse Associate,Warangal,Logistics,19
2026-04-15,Senior Picker Packer,Hanamkonda,Warehousing,12
2026-04-15,Warehouse Executive,Warangal Urban,Logistics,6
2026-04-15,Wearhouse Associate,Warangal,Warehousing,4
2026-05-15,Warehouse Associate,Warangal (U),Warehousing,18
2026-05-15,Picker Packer,Warangal (U),Logistics,12
2026-05-15,Warehouse Executive,Warangal (U),Warehousing,6
2026-05-15,Wearhouse Associate,Warangal (U),Logistics,4
2026-06-15,Warehouse Associate,Warangal Urban,Logistics,18
2026-06-15,Senior Picker Packer,Warangal,Warehousing,12
2026-06-15,Warehouse Executive,Hanamkonda,Logistics,6
2026-06-15,Wearhouse Associate,Warangal Urban,Warehousing,4
2026-07-15,Warehouse Associate,Warangal,Warehousing,18
2026-07-15,Picker Packer,Hanamkonda,Logistics,12
2026-07-15,Warehouse Executive,Warangal Urban,Warehousing,6
2026-07-15,Wearhouse Associate,Warangal,Logistics,4
2026-08-15,Warehouse Associate,Warangal (U),Logistics,18
2026-08-15,Senior Picker Packer,Warangal (U),Warehousing,12
2026-08-15,Warehouse Executive,Warangal (U),Logistics,6
2026-08-15,Wearhouse Associate,Warangal (U),Warehousing,4
2026-09-15,Warehouse Associate,Warangal Urban,Warehousing,19
2026-09-15,Picker Packer,Warangal,Logistics,12
2026-09-15,Warehouse Executive,Hanamkonda,Warehousing,6
2026-09-15,Wearhouse Associate,Warangal Urban,Logistics,4
2024-10-15,Logistics Coordinator,Warangal,Logistics,5
2024-10-15,Senior Dispatch Coordinator,Hanamkonda,Warehousing,4
2024-10-15,Transport Coordinator,Warangal Urban,Logistics,2
2024-10-15,Logistics Co-ordinator,Warangal,Warehousing,1
2024-11-15,Logistics Coordinator,Hanamkonda,Warehousing,5
2024-11-15,Dispatch Coordinator,Warangal Urban,Logistics,4
2024-11-15,Transport Coordinator,Warangal,Warehousing,2
2024-11-15,Logistics Co-ordinator,Hanamkonda,Logistics,1
2024-12-15,Logistics Coordinator,Warangal Urban,Logistics,5
2024-12-15,Senior Dispatch Coordinator,Warangal,Warehousing,4
2024-12-15,Transport Coordinator,Hanamkonda,Logistics,2
2024-12-15,Logistics Co-ordinator,Warangal Urban,Warehousing,1
2025-01-15,Logistics Coordinator,Warangal,Warehousing,7
2025-01-15,Dispatch Coordinator,Hanamkonda,Logistics,5
2025-01-15,Transport Coordinator,Warangal Urban,Warehousing,2
2025-01-15,Logistics Co-ordinator,Warangal,Logistics,1
2025-02-15,Logistics Coordinator,Hanamkonda,Logistics,7
2025-02-15,Senior Dispatch Coordinator,Warangal Urban,Warehousing,5
2025-02-15,Transport Coordinator,Warangal,Logistics,2
2025-02-15,Logistics Co-ordinator,Hanamkonda,Warehousing,1
2025-03-15,Logistics Coordinator,Warangal Urban,Warehousing,7
2025-03-15,Dispatch Coordinator,Warangal,Logistics,5
2025-03-15,Transport Coordinator,Hanamkonda,Warehousing,2
2025-03-15,Logistics Co-ordinator,Warangal Urban,Logistics,1
2025-04-15,Logistics Coordinator,Warangal,Logistics,7
2025-04-15,Senior Dispatch Coordinator,Hanamkonda,Warehousing,5
2025-04-15,Transport Coordinator,Warangal Urban,Logistics,2
2025-04-15,Logistics Co-ordinator,Warangal,Warehousing,1
2025-05-15,Logistics Coordinator,Hanamkonda,Warehousing,7
2025-05-15,Dispatch Coordinator,Warangal Urban,Logistics,5
2025-05-15,Transport Coordinator,Warangal,Warehousing,2
2025-05-15,Logistics Co-ordinator,Hanamkonda,Logistics,2
2025-06-15,Logistics Coordinator,Warangal (U),Logistics,7
2025-06-15,Senior Dispatch Coordinator,Warangal (U),Warehousing,5
2025-06-15,Transport Coordinator,Warangal (U),Logistics,2
2025-06-15,Logistics Co-ordinator,Warangal (U),Warehousing,2
2025-07-15,Logistics Coordinator,Warangal,Warehousing,7
2025-07-15,Dispatch Coordinator,Hanamkonda,Logistics,5
2025-07-15,Transport Coordinator,Warangal Urban,Warehousing,2
2025-07-15,Logistics Co-ordinator,Warangal,Logistics,2
2025-08-15,Logistics Coordinator,Hanamkonda,Logistics,7
2025-08-15,Senior Dispatch Coordinator,Warangal Urban,Warehousing,5
2025-08-15,Transport Coordinator,Warangal,Logistics,2
2025-08-15,Logistics Co-ordinator,Hanamkonda,Warehousing,1
2025-09-15,Logistics Coordinator,Warangal (U),Warehousing,7
2025-09-15,Dispatch Coordinator,Warangal (U),Logistics,5
2025-09-15,Transport Coordinator,Warangal (U),Warehousing,2
2025-09-15,Logistics Co-ordinator,Warangal (U),Logistics,1
2025-10-15,Logistics Coordinator,Warangal,Logistics,7
2025-10-15,Senior Dispatch Coordinator,Hanamkonda,Warehousing,5
2025-10-15,Transport Coordinator,Warangal Urban,Logistics,2
2025-10-15,Logistics Co-ordinator,Warangal,Warehousing,1
2025-11-15,Logistics Coordinator,Hanamkonda,Warehousing,7
2025-11-15,Dispatch Coordinator,Warangal Urban,Logistics,5
2025-11-15,Transport Coordinator,Warangal,Warehousing,2
2025-11-15,Logistics Co-ordinator,Hanamkonda,Logistics,1
2025-12-15,Logistics Coordinator,Warangal Urban,Logistics,7
2025-12-15,Senior Dispatch Coordinator,Warangal,Warehousing,5
2025-12-15,Transport Coordinator,Hanamkonda,Logistics,2
2025-12-15,Logistics Co-ordinator,Warangal Urban,Warehousing,1
2026-01-15,Logistics Coordinator,Warangal,Warehousing,6
2026-01-15,Dispatch Coordinator,Hanamkonda,Logistics,4
2026-01-15,Transport Coordinator,Warangal Urban,Warehousing,2
2026-01-15,Logistics Co-ordinator,Warangal,Logistics,2
2026-02-15,Logistics Coordinator,Hanamkonda,Logistics,7
2026-02-15,Senior Dispatch Coordinator,Warangal Urban,Warehousing,5
2026-02-15,Transport Coordinator,Warangal,Logistics,2
2026-02-15,Logistics Co-ordinator,Hanamkonda,Warehousing,1
2026-03-15,Logistics Coordinator,Warangal Urban,Warehousing,7
2026-03-15,Dispatch Coordinator,Warangal,Logistics,5
2026-03-15,Transport Coordinator,Hanamkonda,Warehousing,2
2026-03-15,Logistics Co-ordinator,Warangal Urban,Logistics,1
2026-04-15,Logistics Coordinator,Warangal,Logistics,7
2026-04-15,Senior Dispatch Coordinator,Hanamkonda,Warehousing,5
2026-04-15,Transport Coordinator,Warangal Urban,Logistics,2
2026-04-15,Logistics Co-ordinator,Warangal,Warehousing,1
2026-05-15,Logistics Coordinator,Hanamkonda,Warehousing,7
2026-05-15,Dispatch Coordinator,Warangal Urban,Logistics,5
2026-05-15,Transport Coordinator,Warangal,Warehousing,2
2026-05-15,Logistics Co-ordinator,Hanamkonda,Logistics,1
2026-06-15,Logistics Coordinator,Warangal Urban,Logistics,7
2026-06-15,Senior Dispatch Coordinator,Warangal,Warehousing,5
2026-06-15,Transport Coordinator,Hanamkonda,Logistics,2
2026-06-15,Logistics Co-ordinator,Warangal Urban,Warehousing,1
2026-07-15,Logistics Coordinator,Warangal,Warehousing,7
2026-07-15,Dispatch Coordinator,Hanamkonda,Logistics,5
2026-07-15,Transport Coordinator,Warangal Urban,Warehousing,2
2026-07-15,Logistics Co-ordinator,Warangal,Logistics,1
2026-08-15,Logistics Coordinator,Hanamkonda,Logistics,7
2026-08-15,Senior Dispatch Coordinator,Warangal Urban,Warehousing,5
2026-08-15,Transport Coordinator,Warangal,Logistics,2
2026-08-15,Logistics Co-ordinator,Hanamkonda,Warehousing,1
2026-09-15,Logistics Coordinator,Warangal Urban,Warehousing,7
2026-09-15,Dispatch Coordinator,Warangal,Logistics,5
2026-09-15,Transport Coordinator,Hanamkonda,Warehousing,2
2026-09-15,Logistics Co-ordinator,Warangal Urban,Logistics,1
2024-10-15,Electrician,Warangal,Construction,13
2024-10-15,Senior Wireman,Hanamkonda,Real Estate,9
2024-10-15,Electrical Technician,Warangal Urban,Construction,4
2024-10-15,Electrician cum Wireman,Warangal,Real Estate,3
2024-11-15,Electrician,Hanamkonda,Real Estate,14
2024-11-15,Wireman,Warangal Urban,Construction,9
2024-11-15,Electrical Technician,Warangal,Real Estate,4
2024-11-15,Electrician cum Wireman,Hanamkonda,Construction,3
2024-12-15,Electrician,Warangal Urban,Construction,14
2024-12-15,Senior Wireman,Warangal,Real Estate,9
2024-12-15,Electrical Technician,Hanamkonda,Construction,4
2024-12-15,Electrician cum Wireman,Warangal Urban,Real Estate,3
2025-01-15,Electrician,Warangal,Real Estate,13
2025-01-15,Wireman,Hanamkonda,Construction,9
2025-01-15,Electrical Technician,Warangal Urban,Real Estate,4
2025-01-15,Electrician cum Wireman,Warangal,Construction,3
2025-02-15,Electrician,Warangal (U),Construction,13
2025-02-15,Senior Wireman,Warangal (U),Real Estate,8
2025-02-15,Electrical Technician,Warangal (U),Construction,4
2025-02-15,Electrician cum Wireman,Warangal (U),Real Estate,3
2025-03-15,Electrician,Warangal Urban,Real Estate,13
2025-03-15,Wireman,Warangal,Construction,8
2025-03-15,Electrical Technician,Hanamkonda,Real Estate,4
2025-03-15,Electrician cum Wireman,Warangal Urban,Construction,3
2025-04-15,Electrician,Warangal,Construction,13
2025-04-15,Senior Wireman,Hanamkonda,Real Estate,8
2025-04-15,Electrical Technician,Warangal Urban,Construction,4
2025-04-15,Electrician cum Wireman,Warangal,Real Estate,3
2025-05-15,Electrician,Hanamkonda,Real Estate,13
2025-05-15,Wireman,Warangal Urban,Construction,8
2025-05-15,Electrical Technician,Warangal (U),Real Estate,4
2025-05-15,Electrician cum Wireman,Hanamkonda,Construction,3
2025-06-15,Electrician,Warangal Urban,Construction,13
2025-06-15,Senior Wireman,Warangal,Real Estate,8
2025-06-15,Electrical Technician,Hanamkonda,Construction,4
2025-06-15,Electrician cum Wireman,Warangal Urban,Real Estate,3
2025-07-15,Electrician,Warangal,Real Estate,13
2025-07-15,Wireman,Hanamkonda,Construction,8
2025-07-15,Electrical Technician,Warangal Urban,Real Estate,4
2025-07-15,Electrician cum Wireman,Warangal,Construction,3
2025-08-15,Electrician,Hanamkonda,Construction,13
2025-08-15,Senior Wireman,Warangal Urban,Real Estate,8
2025-08-15,Electrical Technician,Warangal,Construction,4
2025-08-15,Electrician cum Wireman,Hanamkonda,Real Estate,3
2025-09-15,Electrician,Warangal (U),Real Estate,13
2025-09-15,Wireman,Warangal (U),Construction,9
2025-09-15,Electrical Technician,Warangal (U),Real Estate,4
2025-09-15,Electrician cum Wireman,Warangal (U),Construction,3
2025-10-15,Electrician,Warangal,Construction,14
2025-10-15,Senior Wireman,Hanamkonda,Real Estate,9
2025-10-15,Electrical Technician,Warangal Urban,Construction,4
2025-10-15,Electrician cum Wireman,Warangal,Real Estate,3
2025-11-15,Electrician,Hanamkonda,Real Estate,14
2025-11-15,Wireman,Warangal Urban,Construction,9
2025-11-15,Electrical Technician,Warangal,Real Estate,4
2025-11-15,Electrician cum Wireman,Hanamkonda,Construction,3
2025-12-15,Electrician,Warangal Urban,Construction,14
2025-12-15,Senior Wireman,Warangal,Real Estate,9
2025-12-15,Electrical Technician,Hanamkonda,Construction,4
2025-12-15,Electrician cum Wireman,Warangal Urban,Real Estate,3
2026-01-15,Electrician,Warangal,Real Estate,15
2026-01-15,Wireman,Hanamkonda,Construction,10
2026-01-15,Electrical Technician,Warangal Urban,Real Estate,5
2026-01-15,Electrician cum Wireman,Warangal,Construction,4
2026-02-15,Electrician,Hanamkonda,Construction,15
2026-02-15,Senior Wireman,Warangal Urban,Real Estate,10
2026-02-15,Electrical Technician,Warangal,Construction,5
2026-02-15,Electrician cum Wireman,Hanamkonda,Real Estate,4
2026-03-15,Electrician,Warangal Urban,Real Estate,15
2026-03-15,Wireman,Warangal,Construction,10
2026-03-15,Electrical Technician,Hanamkonda,Real Estate,5
2026-03-15,Electrician cum Wireman,Warangal Urban,Construction,4
2026-04-15,Electrician,Warangal (U),Construction,15
2026-04-15,Senior Wireman,Warangal (U),Real Estate,10
2026-04-15,Electrical Technician,Warangal (U),Construction,5
2026-04-15,Electrician cum Wireman,Warangal (U),Real Estate,3
2026-05-15,Electrician,Hanamkonda,Real Estate,15
2026-05-15,Wireman,Warangal Urban,Construction,10
2026-05-15,Electrical Technician,Warangal,Real Estate,5
2026-05-15,Electrician cum Wireman,Hanamkonda,Construction,3
2026-06-15,Electrician,Warangal Urban,Construction,15
2026-06-15,Senior Wireman,Warangal,Real Estate,10
2026-06-15,Electrical Technician,Hanamkonda,Construction,5
2026-06-15,Electrician cum Wireman,Warangal Urban,Real Estate,3
2026-07-15,Electrician,Warangal,Real Estate,15
2026-07-15,Wireman,Hanamkonda,Construction,10
2026-07-15,Electrical Technician,Warangal Urban,Real Estate,5
2026-07-15,Electrician cum Wireman,Warangal,Construction,4
2026-08-15,Electrician,Hanamkonda,Construction,15
2026-08-15,Senior Wireman,Warangal Urban,Real Estate,10
2026-08-15,Electrical Technician,Warangal,Construction,5
2026-08-15,Electrician cum Wireman,Hanamkonda,Real Estate,4
2026-09-15,Electrician,Warangal Urban,Real Estate,16
2026-09-15,Wireman,Warangal,Construction,11
2026-09-15,Electrical Technician,Hanamkonda,Real Estate,5
2026-09-15,Electrician cum Wireman,Warangal Urban,Construction,3
2024-10-15,Mason,Warangal,Construction,11
2024-10-15,Senior Bricklayer,Hanamkonda,Real Estate,8
2024-10-15,Tile Mason,Warangal Urban,Construction,4
2024-10-15,Shuttering Carpenter,Warangal,Real Estate,2
2024-11-15,Mason,Warangal (U),Real Estate,11
2024-11-15,Bricklayer,Warangal (U),Construction,8
2024-11-15,Tile Mason,Warangal (U),Real Estate,4
2024-11-15,Shuttering Carpenter,Warangal (U),Construction,2
2024-12-15,Mason,Warangal Urban,Construction,11
2024-12-15,Senior Bricklayer,Warangal,Real Estate,7
2024-12-15,Tile Mason,Hanamkonda,Construction,4
2024-12-15,Shuttering Carpenter,Warangal Urban,Real Estate,2
2025-01-15,Mason,Warangal,Real Estate,10
2025-01-15,Bricklayer,Hanamkonda,Construction,7
2025-01-15,Tile Mason,Warangal Urban,Real Estate,4
2025-01-15,Shuttering Carpenter,Warangal,Construction,2
2025-02-15,Mason,Hanamkonda,Construction,10
2025-02-15,Senior Bricklayer,Warangal Urban,Real Estate,7
2025-02-15,Tile Mason,Warangal,Construction,3
2025-02-15,Shuttering Carpenter,Hanamkonda,Real Estate,2
2025-03-15,Mason,Warangal Urban,Real Estate,10
2025-03-15,Bricklayer,Warangal,Construction,7
2025-03-15,Tile Mason,Hanamkonda,Real Estate,3
2025-03-15,Shuttering Carpenter,Warangal Urban,Construction,2
2025-04-15,Mason,Warangal,Construction,10
2025-04-15,Senior Bricklayer,Hanamkonda,Real Estate,6
2025-04-15,Tile Mason,Warangal Urban,Construction,3
2025-04-15,Shuttering Carpenter,Warangal,Real Estate,2
2025-05-15,Mason,Hanamkonda,Real Estate,10
2025-05-15,Bricklayer,Warangal Urban,Construction,7
2025-05-15,Tile Mason,Warangal,Real Estate,3
2025-05-15,Shuttering Carpenter,Hanamkonda,Construction,2
2025-06-15,Mason,Warangal Urban,Construction,10
2025-06-15,Senior Bricklayer,Warangal,Real Estate,7
2025-06-15,Tile Mason,Hanamkonda,Construction,3
2025-06-15,Shuttering Carpenter,Warangal Urban,Real Estate,2
2025-07-15,Mason,Warangal,Real Estate,10
2025-07-15,Bricklayer,Hanamkonda,Construction,7
2025-07-15,Tile Mason,Warangal Urban,Real Estate,4
2025-07-15,Shuttering Carpenter,Warangal,Construction,2
2025-08-15,Mason,Warangal (U),Construction,10
2025-08-15,Senior Bricklayer,Warangal (U),Real Estate,7
2025-08-15,Tile Mason,Warangal (U),Construction,4
2025-08-15,Shuttering Carpenter,Warangal (U),Real Estate,2
2025-09-15,Mason,Warangal Urban,Real Estate,10
2025-09-15,Bricklayer,Warangal,Construction,7
2025-09-15,Tile Mason,Hanamkonda,Real Estate,4
2025-09-15,Shuttering Carpenter,Warangal Urban,Construction,2
2025-10-15,Mason,Warangal,Construction,10
2025-10-15,Senior Bricklayer,Hanamkonda,Real Estate,7
2025-10-15,Tile Mason,Warangal Urban,Construction,3
2025-10-15,Shuttering Carpenter,Warangal,Real Estate,2
2025-11-15,Mason,Hanamkonda,Real Estate,10
2025-11-15,Bricklayer,Warangal Urban,Construction,6
2025-11-15,Tile Mason,Warangal,Real Estate,3
2025-11-15,Shuttering Carpenter,Hanamkonda,Construction,2
2025-12-15,Mason,Warangal Urban,Construction,10
2025-12-15,Senior Bricklayer,Warangal,Real Estate,6
2025-12-15,Tile Mason,Hanamkonda,Construction,3
2025-12-15,Shuttering Carpenter,Warangal Urban,Real Estate,2
2026-01-15,Mason,Warangal,Real Estate,10
2026-01-15,Bricklayer,Hanamkonda,Construction,7
2026-01-15,Tile Mason,Warangal Urban,Real Estate,3
2026-01-15,Shuttering Carpenter,Warangal,Construction,2
2026-02-15,Mason,Hanamkonda,Construction,10
2026-02-15,Senior Bricklayer,Warangal Urban,Real Estate,7
2026-02-15,Tile Mason,Warangal,Construction,3
2026-02-15,Shuttering Carpenter,Hanamkonda,Real Estate,2
2026-03-15,Mason,Warangal Urban,Real Estate,10
2026-03-15,Bricklayer,Warangal,Construction,6
2026-03-15,Tile Mason,Hanamkonda,Real Estate,3
2026-03-15,Shuttering Carpenter,Warangal Urban,Construction,2
2026-04-15,Mason,Warangal,Construction,10
2026-04-15,Senior Bricklayer,Hanamkonda,Real Estate,6
2026-04-15,Tile Mason,Warangal Urban,Construction,3
2026-04-15,Shuttering Carpenter,Warangal,Real Estate,2
2026-05-15,Mason,Hanamkonda,Real Estate,10
2026-05-15,Bricklayer,Warangal Urban,Construction,7
2026-05-15,Tile Mason,Warangal,Real Estate,3
2026-05-15,Shuttering Carpenter,Hanamkonda,Construction,2
2026-06-15,Mason,Warangal (U),Construction,10
2026-06-15,Senior Bricklayer,Warangal (U),Real Estate,7
2026-06-15,Tile Mason,Warangal (U),Construction,3
2026-06-15,Shuttering Carpenter,Warangal (U),Real Estate,2
2026-07-15,Mason,Warangal (U),Real Estate,10
2026-07-15,Bricklayer,Warangal (U),Construction,7
2026-07-15,Tile Mason,Warangal (U),Real Estate,4
2026-07-15,Shuttering Carpenter,Warangal (U),Construction,2
2026-08-15,Mason,Hanamkonda,Construction,10
2026-08-15,Senior Bricklayer,Warangal Urban,Real Estate,7
2026-08-15,Tile Mason,Warangal,Construction,4
2026-08-15,Shuttering Carpenter,Hanamkonda,Real Estate,2
2026-09-15,Mason,Warangal Urban,Real Estate,10
2026-09-15,Bricklayer,Warangal,Construction,7
2026-09-15,Tile Mason,Hanamkonda,Real Estate,3
2026-09-15,Shuttering Carpenter,Warangal Urban,Construction,2
2024-10-15,Retail Sales Associate,Warangal,Retail,29
2024-10-15,Senior Store Associate,Hanamkonda,Organised Retail,20
2024-10-15,Counter Sales Executive,Warangal Urban,Retail,10
2024-10-15,Retail Sales Assosiate,Warangal,Organised Retail,6
2024-11-15,Retail Sales Associate,Hanamkonda,Organised Retail,28
2024-11-15,Store Associate,Warangal Urban,Retail,19
2024-11-15,Counter Sales Executive,Warangal,Organised Retail,10
2024-11-15,Retail Sales Assosiate,Hanamkonda,Retail,6
2024-12-15,Retail Sales Associate,Warangal (U),Retail,28
2024-12-15,Senior Store Associate,Warangal (U),Organised Retail,19
2024-12-15,Counter Sales Executive,Warangal (U),Retail,9
2024-12-15,Retail Sales Assosiate,Warangal (U),Organised Retail,6
2025-01-15,Retail Sales Associate,Warangal,Organised Retail,28
2025-01-15,Store Associate,Hanamkonda,Retail,19
2025-01-15,Counter Sales Executive,Warangal Urban,Organised Retail,9
2025-01-15,Retail Sales Assosiate,Warangal,Retail,6
2025-02-15,Retail Sales Associate,Hanamkonda,Retail,28
2025-02-15,Senior Store Associate,Warangal Urban,Organised Retail,19
2025-02-15,Counter Sales Executive,Warangal,Retail,10
2025-02-15,Retail Sales Assosiate,Hanamkonda,Organised Retail,6
2025-03-15,Retail Sales Associate,Warangal Urban,Organised Retail,29
2025-03-15,Store Associate,Warangal,Retail,19
2025-03-15,Counter Sales Executive,Hanamkonda,Organised Retail,10
2025-03-15,Retail Sales Assosiate,Warangal Urban,Retail,6
2025-04-15,Retail Sales Associate,Warangal (U),Retail,29
2025-04-15,Senior Store Associate,Warangal (U),Organised Retail,20
2025-04-15,Counter Sales Executive,Warangal (U),Retail,10
2025-04-15,Retail Sales Assosiate,Warangal (U),Organised Retail,6
2025-05-15,Retail Sales Associate,Warangal (U),Organised Retail,29
2025-05-15,Store Associate,Warangal (U),Retail,20
2025-05-15,Counter Sales Executive,Warangal (U),Organised Retail,10
2025-05-15,Retail Sales Assosiate,Warangal (U),Retail,6
2025-06-15,Retail Sales Associate,Warangal Urban,Retail,30
2025-06-15,Senior Store Associate,Warangal,Organised Retail,20
2025-06-15,Counter Sales Executive,Hanamkonda,Retail,10
2025-06-15,Retail Sales Assosiate,Warangal Urban,Organised Retail,6
2025-07-15,Retail Sales Associate,Warangal,Organised Retail,29
2025-07-15,Store Associate,Hanamkonda,Retail,20
2025-07-15,Counter Sales Executive,Warangal Urban,Organised Retail,10
2025-07-15,Retail Sales Assosiate,Warangal,Retail,6
2025-08-15,Retail Sales Associate,Warangal (U),Retail,29
2025-08-15,Senior Store Associate,Warangal (U),Organised Retail,19
2025-08-15,Counter Sales Executive,Warangal (U),Retail,10
2025-08-15,Retail Sales Assosiate,Warangal (U),Organised Retail,6
2025-09-15,Retail Sales Associate,Warangal Urban,Organised Retail,28
2025-09-15,Store Associate,Warangal,Retail,19
2025-09-15,Counter Sales Executive,Hanamkonda,Organised Retail,9
2025-09-15,Retail Sales Assosiate,Warangal Urban,Retail,6
2025-10-15,Retail Sales Associate,Warangal (U),Retail,23
2025-10-15,Senior Store Associate,Warangal (U),Organised Retail,15
2025-10-15,Counter Sales Executive,Warangal (U),Retail,8
2025-10-15,Retail Sales Assosiate,Warangal (U),Organised Retail,5
2025-11-15,Retail Sales Associate,Hanamkonda,Organised Retail,23
2025-11-15,Store Associate,Warangal Urban,Retail,15
2025-11-15,Counter Sales Executive,Warangal,Organised Retail,7
2025-11-15,Retail Sales Assosiate,Hanamkonda,Retail,5
2025-12-15,Retail Sales Associate,Warangal Urban,Retail,22
2025-12-15,Senior Store Associate,Warangal,Organised Retail,15
2025-12-15,Counter Sales Executive,Hanamkonda,Retail,7
2025-12-15,Retail Sales Assosiate,Warangal Urban,Organised Retail,5
2026-01-15,Retail Sales Associate,Warangal,Organised Retail,25
2026-01-15,Store Associate,Hanamkonda,Retail,17
2026-01-15,Counter Sales Executive,Warangal Urban,Organised Retail,8
2026-01-15,Retail Sales Assosiate,Warangal,Retail,6
2026-02-15,Retail Sales Associate,Hanamkonda,Retail,25
2026-02-15,Senior Store Associate,Warangal Urban,Organised Retail,17
2026-02-15,Counter Sales Executive,Warangal,Retail,8
2026-02-15,Retail Sales Assosiate,Hanamkonda,Organised Retail,6
2026-03-15,Retail Sales Associate,Warangal Urban,Organised Retail,26
2026-03-15,Store Associate,Warangal,Retail,17
2026-03-15,Counter Sales Executive,Hanamkonda,Organised Retail,8
2026-03-15,Retail Sales Assosiate,Warangal Urban,Retail,6
2026-04-15,Retail Sales Associate,Warangal,Retail,26
2026-04-15,Senior Store Associate,Hanamkonda,Organised Retail,17
2026-04-15,Counter Sales Executive,Warangal Urban,Retail,9
2026-04-15,Retail Sales Assosiate,Warangal,Organised Retail,6
2026-05-15,Retail Sales Associate,Hanamkonda,Organised Retail,26
2026-05-15,Store Associate,Warangal Urban,Retail,17
2026-05-15,Counter Sales Executive,Warangal,Organised Retail,9
2026-05-15,Retail Sales Assosiate,Hanamkonda,Retail,6
2026-06-15,Retail Sales Associate,Warangal Urban,Retail,26
2026-06-15,Senior Store Associate,Warangal,Organised Retail,18
2026-06-15,Counter Sales Executive,Hanamkonda,Retail,9
2026-06-15,Retail Sales Assosiate,Warangal Urban,Organised Retail,6
2026-07-15,Retail Sales Associate,Warangal,Organised Retail,26
2026-07-15,Store Associate,Hanamkonda,Retail,17
2026-07-15,Counter Sales Executive,Warangal Urban,Organised Retail,9
2026-07-15,Retail Sales Assosiate,Warangal,Retail,6
2026-08-15,Retail Sales Associate,Warangal (U),Retail,26
2026-08-15,Senior Store Associate,Warangal (U),Organised Retail,17
2026-08-15,Counter Sales Executive,Warangal (U),Retail,8
2026-08-15,Retail Sales Assosiate,Warangal (U),Organised Retail,6
2026-09-15,Retail Sales Associate,Warangal Urban,Organised Retail,25
2026-09-15,Store Associate,Warangal,Retail,17
2026-09-15,Counter Sales Executive,Hanamkonda,Organised Retail,8
2026-09-15,Retail Sales Assosiate,Warangal Urban,Retail,6
2024-10-15,Solar Technician,Warangal,Renewable Energy,5
2024-10-15,Senior Solar PV Installer,Hanamkonda,Green Jobs,4
2024-10-15,Rooftop Solar Installer,Warangal Urban,Power,2
2024-10-15,Solar Technician - Rooftop,Warangal,Renewable Energy,1
2024-11-15,Solar Technician,Hanamkonda,Green Jobs,6
2024-11-15,Solar PV Installer,Warangal Urban,Power,4
2024-11-15,Rooftop Solar Installer,Warangal,Renewable Energy,2
2024-11-15,Solar Technician - Rooftop,Hanamkonda,Green Jobs,1
2024-12-15,Solar Technician,Warangal (U),Power,6
2024-12-15,Senior Solar PV Installer,Warangal (U),Renewable Energy,4
2024-12-15,Rooftop Solar Installer,Warangal (U),Green Jobs,2
2024-12-15,Solar Technician - Rooftop,Warangal (U),Power,2
2025-01-15,Solar Technician,Warangal (U),Renewable Energy,6
2025-01-15,Solar PV Installer,Warangal (U),Green Jobs,4
2025-01-15,Rooftop Solar Installer,Warangal (U),Power,2
2025-01-15,Solar Technician - Rooftop,Warangal (U),Renewable Energy,2
2025-02-15,Solar Technician,Hanamkonda,Green Jobs,6
2025-02-15,Senior Solar PV Installer,Warangal Urban,Power,4
2025-02-15,Rooftop Solar Installer,Warangal,Renewable Energy,2
2025-02-15,Solar Technician - Rooftop,Hanamkonda,Green Jobs,2
2025-03-15,Solar Technician,Warangal Urban,Power,6
2025-03-15,Solar PV Installer,Warangal,Renewable Energy,4
2025-03-15,Rooftop Solar Installer,Hanamkonda,Green Jobs,2
2025-03-15,Solar Technician - Rooftop,Warangal Urban,Power,2
2025-04-15,Solar Technician,Warangal,Renewable Energy,6
2025-04-15,Senior Solar PV Installer,Hanamkonda,Green Jobs,4
2025-04-15,Rooftop Solar Installer,Warangal Urban,Power,2
2025-04-15,Solar Technician - Rooftop,Warangal,Renewable Energy,2
2025-05-15,Solar Technician,Hanamkonda,Green Jobs,7
2025-05-15,Solar PV Installer,Warangal Urban,Power,5
2025-05-15,Rooftop Solar Installer,Warangal,Renewable Energy,2
2025-05-15,Solar Technician - Rooftop,Hanamkonda,Green Jobs,1
2025-06-15,Solar Technician,Warangal (U),Power,7
2025-06-15,Senior Solar PV Installer,Warangal (U),Renewable Energy,5
2025-06-15,Rooftop Solar Installer,Warangal (U),Green Jobs,2
2025-06-15,Solar Technician - Rooftop,Warangal (U),Power,2
2025-07-15,Solar Technician,Warangal,Renewable Energy,7
2025-07-15,Solar PV Installer,Hanamkonda,Green Jobs,5
2025-07-15,Rooftop Solar Installer,Warangal Urban,Power,2
2025-07-15,Solar Technician - Rooftop,Warangal,Renewable Energy,2
2025-08-15,Solar Technician,Hanamkonda,Green Jobs,8
2025-08-15,Senior Solar PV Installer,Warangal Urban,Power,5
2025-08-15,Rooftop Solar Installer,Warangal,Renewable Energy,2
2025-08-15,Solar Technician - Rooftop,Hanamkonda,Green Jobs,2
2025-09-15,Solar Technician,Warangal Urban,Power,8
2025-09-15,Solar PV Installer,Warangal,Renewable Energy,5
2025-09-15,Rooftop Solar Installer,Hanamkonda,Green Jobs,3
2025-09-15,Solar Technician - Rooftop,Warangal Urban,Power,2
2025-10-15,Solar Technician,Warangal,Renewable Energy,8
2025-10-15,Senior Solar PV Installer,Hanamkonda,Green Jobs,6
2025-10-15,Rooftop Solar Installer,Warangal Urban,Power,3
2025-10-15,Solar Technician - Rooftop,Warangal,Renewable Energy,2
2025-11-15,Solar Technician,Hanamkonda,Green Jobs,10
2025-11-15,Solar PV Installer,Warangal Urban,Power,6
2025-11-15,Rooftop Solar Installer,Warangal,Renewable Energy,3
2025-11-15,Solar Technician - Rooftop,Hanamkonda,Green Jobs,2
2025-12-15,Solar Technician,Warangal Urban,Power,10
2025-12-15,Senior Solar PV Installer,Warangal,Renewable Energy,6
2025-12-15,Rooftop Solar Installer,Hanamkonda,Green Jobs,3
2025-12-15,Solar Technician - Rooftop,Warangal Urban,Power,2
2026-01-15,Solar Technician,Warangal,Renewable Energy,11
2026-01-15,Solar PV Installer,Hanamkonda,Green Jobs,7
2026-01-15,Rooftop Solar Installer,Warangal Urban,Power,4
2026-01-15,Solar Technician - Rooftop,Warangal,Renewable Energy,2
2026-02-15,Solar Technician,Hanamkonda,Green Jobs,11
2026-02-15,Senior Solar PV Installer,Warangal Urban,Power,8
2026-02-15,Rooftop Solar Installer,Warangal,Renewable Energy,4
2026-02-15,Solar Technician - Rooftop,Hanamkonda,Green Jobs,2
2026-03-15,Solar Technician,Warangal (U),Power,11
2026-03-15,Solar PV Installer,Warangal (U),Renewable Energy,8
2026-03-15,Rooftop Solar Installer,Warangal (U),Green Jobs,4
2026-03-15,Solar Technician - Rooftop,Warangal (U),Power,2
2026-04-15,Solar Technician,Warangal,Renewable Energy,11
2026-04-15,Senior Solar PV Installer,Hanamkonda,Green Jobs,8
2026-04-15,Rooftop Solar Installer,Warangal Urban,Power,4
2026-04-15,Solar Technician - Rooftop,Warangal,Renewable Energy,2
2026-05-15,Solar Technician,Hanamkonda,Green Jobs,12
2026-05-15,Solar PV Installer,Warangal Urban,Power,8
2026-05-15,Rooftop Solar Installer,Warangal,Renewable Energy,4
2026-05-15,Solar Technician - Rooftop,Hanamkonda,Green Jobs,2
2026-06-15,Solar Technician,Warangal Urban,Power,12
2026-06-15,Senior Solar PV Installer,Warangal,Renewable Energy,8
2026-06-15,Rooftop Solar Installer,Hanamkonda,Green Jobs,4
2026-06-15,Solar Technician - Rooftop,Warangal Urban,Power,3
2026-07-15,Solar Technician,Warangal,Renewable Energy,13
2026-07-15,Solar PV Installer,Hanamkonda,Green Jobs,9
2026-07-15,Rooftop Solar Installer,Warangal Urban,Power,4
2026-07-15,Solar Technician - Rooftop,Warangal,Renewable Energy,3
2026-08-15,Solar Technician,Hanamkonda,Green Jobs,14
2026-08-15,Senior Solar PV Installer,Warangal Urban,Power,9
2026-08-15,Rooftop Solar Installer,Warangal,Renewable Energy,5
2026-08-15,Solar Technician - Rooftop,Hanamkonda,Green Jobs,3
2026-09-15,Solar Technician,Warangal (U),Power,14
2026-09-15,Solar PV Installer,Warangal (U),Renewable Energy,10
2026-09-15,Rooftop Solar Installer,Warangal (U),Green Jobs,5
2026-09-15,Solar Technician - Rooftop,Warangal (U),Power,3
2024-10-15,Software Developer,Bengaluru,IT & Digital,505
2024-10-15,Senior Software Engineer,Bangalore,IT/ITES,336
2024-10-15,Full Stack Developer,Bengaluru (U),Information Technology,168
2024-10-15,Java Developer,Bengaluru,IT & Digital,112
2024-11-15,Software Developer,Bangalore Urban,IT/ITES,514
2024-11-15,Software Engineer,Bangalore Urban,Information Technology,342
2024-11-15,Full Stack Developer,Bangalore Urban,IT & Digital,171
2024-11-15,Java Developer,Bangalore Urban,IT/ITES,114
2024-12-15,Software Developer,Bengaluru (U),Information Technology,518
2024-12-15,Senior Software Engineer,Bengaluru,IT & Digital,346
2024-12-15,Full Stack Developer,Bangalore,IT/ITES,173
2024-12-15,Java Developer,Bengaluru (U),Information Technology,115
2025-01-15,Software Developer,Bengaluru,IT & Digital,505
2025-01-15,Software Engineer,Bangalore,IT/ITES,337
2025-01-15,Full Stack Developer,Bengaluru (U),Information Technology,169
2025-01-15,Java Developer,Bengaluru,IT & Digital,112
2025-02-15,Software Developer,Bangalore,IT/ITES,500
2025-02-15,Senior Software Engineer,Bengaluru (U),Information Technology,333
2025-02-15,Full Stack Developer,Bengaluru,IT & Digital,167
2025-02-15,Java Developer,Bangalore,IT/ITES,111
2025-03-15,Software Developer,Bengaluru (U),Information Technology,493
2025-03-15,Software Engineer,Bengaluru,IT & Digital,329
2025-03-15,Full Stack Developer,Bangalore,IT/ITES,164
2025-03-15,Java Developer,Bengaluru (U),Information Technology,110
2025-04-15,Software Developer,Bengaluru,IT & Digital,487
2025-04-15,Senior Software Engineer,Bangalore,IT/ITES,324
2025-04-15,Full Stack Developer,Bengaluru (U),Information Technology,162
2025-04-15,Java Developer,Bengaluru,IT & Digital,108
2025-05-15,Software Developer,Bangalore,IT/ITES,483
2025-05-15,Software Engineer,Bengaluru (U),Information Technology,322
2025-05-15,Full Stack Developer,Bengaluru,IT & Digital,161
2025-05-15,Java Developer,Bangalore,IT/ITES,108
2025-06-15,Software Developer,Bengaluru (U),Information Technology,484
2025-06-15,Senior Software Engineer,Bengaluru,IT & Digital,323
2025-06-15,Full Stack Developer,Bangalore,IT/ITES,161
2025-06-15,Java Developer,Bengaluru (U),Information Technology,108
2025-07-15,Software Developer,Bengaluru,IT & Digital,491
2025-07-15,Software Engineer,Bangalore,IT/ITES,328
2025-07-15,Full Stack Developer,Bengaluru (U),Information Technology,164
2025-07-15,Java Developer,Bengaluru,IT & Digital,109
2025-08-15,Software Developer,Bangalore,IT/ITES,506
2025-08-15,Senior Software Engineer,Bengaluru (U),Information Technology,338
2025-08-15,Full Stack Developer,Bengaluru,IT & Digital,169
2025-08-15,Java Developer,Bangalore,IT/ITES,112
2025-09-15,Software Developer,Bengaluru (U),Information Technology,520
2025-09-15,Software Engineer,Bengaluru,IT & Digital,347
2025-09-15,Full Stack Developer,Bangalore,IT/ITES,173
2025-09-15,Java Developer,Bengaluru (U),Information Technology,115
2025-10-15,Software Developer,Bengaluru,IT & Digital,559
2025-10-15,Senior Software Engineer,Bangalore,IT/ITES,373
2025-10-15,Full Stack Developer,Bengaluru (U),Information Technology,187
2025-10-15,Java Developer,Bengaluru,IT & Digital,124
2025-11-15,Software Developer,Bangalore,IT/ITES,571
2025-11-15,Software Engineer,Bengaluru (U),Information Technology,380
2025-11-15,Full Stack Developer,Bengaluru,IT & Digital,190
2025-11-15,Java Developer,Bangalore,IT/ITES,127
2025-12-15,Software Developer,Bengaluru (U),Information Technology,576
2025-12-15,Senior Software Engineer,Bengaluru,IT & Digital,384
2025-12-15,Full Stack Developer,Bangalore,IT/ITES,192
2025-12-15,Java Developer,Bengaluru (U),Information Technology,128
2026-01-15,Software Developer,Bengaluru,IT & Digital,570
2026-01-15,Software Engineer,Bangalore,IT/ITES,380
2026-01-15,Full Stack Developer,Bengaluru (U),Information Technology,190
2026-01-15,Java Developer,Bengaluru,IT & Digital,127
2026-02-15,Software Developer,Bangalore Urban,IT/ITES,564
2026-02-15,Senior Software Engineer,Bangalore Urban,Information Technology,376
2026-02-15,Full Stack Developer,Bangalore Urban,IT & Digital,188
2026-02-15,Java Developer,Bangalore Urban,IT/ITES,125
2026-03-15,Software Developer,Bangalore Urban,Information Technology,556
2026-03-15,Software Engineer,Bangalore Urban,IT & Digital,371
2026-03-15,Full Stack Developer,Bangalore Urban,IT/ITES,185
2026-03-15,Java Developer,Bangalore Urban,Information Technology,124
2026-04-15,Software Developer,Bengaluru,IT & Digital,550
2026-04-15,Senior Software Engineer,Bangalore,IT/ITES,367
2026-04-15,Full Stack Developer,Bengaluru (U),Information Technology,184
2026-04-15,Java Developer,Bengaluru,IT & Digital,122
2026-05-15,Software Developer,Bangalore,IT/ITES,547
2026-05-15,Software Engineer,Bengaluru (U),Information Technology,365
2026-05-15,Full Stack Developer,Bengaluru,IT & Digital,182
2026-05-15,Java Developer,Bangalore,IT/ITES,121
2026-06-15,Software Developer,Bengaluru (U),Information Technology,548
2026-06-15,Senior Software Engineer,Bengaluru,IT & Digital,365
2026-06-15,Full Stack Developer,Bangalore,IT/ITES,183
2026-06-15,Java Developer,Bengaluru (U),Information Technology,122
2026-07-15,Software Developer,Bengaluru,IT & Digital,556
2026-07-15,Software Engineer,Bangalore,IT/ITES,371
2026-07-15,Full Stack Developer,Bengaluru (U),Information Technology,185
2026-07-15,Java Developer,Bengaluru,IT & Digital,124
2026-08-15,Software Developer,Bangalore,IT/ITES,571
2026-08-15,Senior Software Engineer,Bengaluru (U),Information Technology,380
2026-08-15,Full Stack Developer,Bengaluru,IT & Digital,190
2026-08-15,Java Developer,Bangalore,IT/ITES,127
2026-09-15,Software Developer,Bengaluru (U),Information Technology,586
2026-09-15,Software Engineer,Bengaluru,IT & Digital,391
2026-09-15,Full Stack Developer,Bangalore,IT/ITES,196
2026-09-15,Java Developer,Bengaluru (U),Information Technology,130
2024-10-15,Data Entry Operator,Bangalore Urban,IT & Digital,159
2024-10-15,Senior Back Office Executive,Bangalore Urban,IT/ITES,106
2024-10-15,Computer Operator,Bangalore Urban,Information Technology,53
2024-10-15,Data Entry Opertor,Bangalore Urban,IT & Digital,35
2024-11-15,Data Entry Operator,Bangalore,IT/ITES,154
2024-11-15,Back Office Executive,Bengaluru (U),Information Technology,102
2024-11-15,Computer Operator,Bengaluru,IT & Digital,51
2024-11-15,Data Entry Opertor,Bangalore,IT/ITES,34
2024-12-15,Data Entry Operator,Bengaluru (U),Information Technology,149
2024-12-15,Senior Back Office Executive,Bengaluru,IT & Digital,99
2024-12-15,Computer Operator,Bangalore,IT/ITES,49
2024-12-15,Data Entry Opertor,Bengaluru (U),Information Technology,33
2025-01-15,Data Entry Operator,Bengaluru,IT & Digital,155
2025-01-15,Back Office Executive,Bangalore,IT/ITES,103
2025-01-15,Computer Operator,Bengaluru (U),Information Technology,52
2025-01-15,Data Entry Opertor,Bengaluru,IT & Digital,34
2025-02-15,Data Entry Operator,Bangalore,IT/ITES,154
2025-02-15,Senior Back Office Executive,Bengaluru (U),Information Technology,102
2025-02-15,Computer Operator,Bengaluru,IT & Digital,51
2025-02-15,Data Entry Opertor,Bangalore,IT/ITES,34
2025-03-15,Data Entry Operator,Bengaluru (U),Information Technology,153
2025-03-15,Back Office Executive,Bengaluru,IT & Digital,102
2025-03-15,Computer Operator,Bangalore,IT/ITES,51
2025-03-15,Data Entry Opertor,Bengaluru (U),Information Technology,34
2025-04-15,Data Entry Operator,Bengaluru,IT & Digital,154
2025-04-15,Senior Back Office Executive,Bangalore,IT/ITES,103
2025-04-15,Computer Operator,Bengaluru (U),Information Technology,51
2025-04-15,Data Entry Opertor,Bengaluru,IT & Digital,34
2025-05-15,Data Entry Operator,Bangalore,IT/ITES,155
2025-05-15,Back Office Executive,Bengaluru (U),Information Technology,104
2025-05-15,Computer Operator,Bengaluru,IT & Digital,52
2025-05-15,Data Entry Opertor,Bangalore,IT/ITES,34
2025-06-15,Data Entry Operator,Bengaluru (U),Information Technology,156
2025-06-15,Senior Back Office Executive,Bengaluru,IT & Digital,104
2025-06-15,Computer Operator,Bangalore,IT/ITES,52
2025-06-15,Data Entry Opertor,Bengaluru (U),Information Technology,34
2025-07-15,Data Entry Operator,Bengaluru,IT & Digital,155
2025-07-15,Back Office Executive,Bangalore,IT/ITES,103
2025-07-15,Computer Operator,Bengaluru (U),Information Technology,52
2025-07-15,Data Entry Opertor,Bengaluru,IT & Digital,34
2025-08-15,Data Entry Operator,Bangalore,IT/ITES,154
2025-08-15,Senior Back Office Executive,Bengaluru (U),Information Technology,102
2025-08-15,Computer Operator,Bengaluru,IT & Digital,51
2025-08-15,Data Entry Opertor,Bangalore,IT/ITES,34
2025-09-15,Data Entry Operator,Bengaluru (U),Information Technology,149
2025-09-15,Back Office Executive,Bengaluru,IT & Digital,100
2025-09-15,Computer Operator,Bangalore,IT/ITES,50
2025-09-15,Data Entry Opertor,Bengaluru (U),Information Technology,33
2025-10-15,Data Entry Operator,Bengaluru,IT & Digital,144
2025-10-15,Senior Back Office Executive,Bangalore,IT/ITES,96
2025-10-15,Computer Operator,Bengaluru (U),Information Technology,48
2025-10-15,Data Entry Opertor,Bengaluru,IT & Digital,32
2025-11-15,Data Entry Operator,Bangalore,IT/ITES,139
2025-11-15,Back Office Executive,Bengaluru (U),Information Technology,93
2025-11-15,Computer Operator,Bengaluru,IT & Digital,46
2025-11-15,Data Entry Opertor,Bangalore,IT/ITES,31
2025-12-15,Data Entry Operator,Bengaluru (U),Information Technology,135
2025-12-15,Senior Back Office Executive,Bengaluru,IT & Digital,90
2025-12-15,Computer Operator,Bangalore,IT/ITES,45
2025-12-15,Data Entry Opertor,Bengaluru (U),Information Technology,30
2026-01-15,Data Entry Operator,Bengaluru,IT & Digital,131
2026-01-15,Back Office Executive,Bangalore,IT/ITES,87
2026-01-15,Computer Operator,Bengaluru (U),Information Technology,44
2026-01-15,Data Entry Opertor,Bengaluru,IT & Digital,29
2026-02-15,Data Entry Operator,Bangalore,IT/ITES,130
2026-02-15,Senior Back Office Executive,Bengaluru (U),Information Technology,86
2026-02-15,Computer Operator,Bengaluru,IT & Digital,43
2026-02-15,Data Entry Opertor,Bangalore,IT/ITES,29
2026-03-15,Data Entry Operator,Bengaluru (U),Information Technology,130
2026-03-15,Back Office Executive,Bengaluru,IT & Digital,86
2026-03-15,Computer Operator,Bangalore,IT/ITES,43
2026-03-15,Data Entry Opertor,Bengaluru (U),Information Technology,29
2026-04-15,Data Entry Operator,Bengaluru,IT & Digital,131
2026-04-15,Senior Back Office Executive,Bangalore,IT/ITES,87
2026-04-15,Computer Operator,Bengaluru (U),Information Technology,43
2026-04-15,Data Entry Opertor,Bengaluru,IT & Digital,29
2026-05-15,Data Entry Operator,Bangalore,IT/ITES,132
2026-05-15,Back Office Executive,Bengaluru (U),Information Technology,88
2026-05-15,Computer Operator,Bengaluru,IT & Digital,44
2026-05-15,Data Entry Opertor,Bangalore,IT/ITES,29
2026-06-15,Data Entry Operator,Bengaluru (U),Information Technology,132
2026-06-15,Senior Back Office Executive,Bengaluru,IT & Digital,88
2026-06-15,Computer Operator,Bangalore,IT/ITES,44
2026-06-15,Data Entry Opertor,Bengaluru (U),Information Technology,29
2026-07-15,Data Entry Operator,Bengaluru,IT & Digital,131
2026-07-15,Back Office Executive,Bangalore,IT/ITES,87
2026-07-15,Computer Operator,Bengaluru (U),Information Technology,44
2026-07-15,Data Entry Opertor,Bengaluru,IT & Digital,29
2026-08-15,Data Entry Operator,Bangalore Urban,IT/ITES,130
2026-08-15,Senior Back Office Executive,Bangalore Urban,Information Technology,86
2026-08-15,Computer Operator,Bangalore Urban,IT & Digital,43
2026-08-15,Data Entry Opertor,Bangalore Urban,IT/ITES,29
2026-09-15,Data Entry Operator,Bengaluru (U),Information Technology,127
2026-09-15,Back Office Executive,Bengaluru,IT & Digital,84
2026-09-15,Computer Operator,Bangalore,IT/ITES,42
2026-09-15,Data Entry Opertor,Bengaluru (U),Information Technology,28
2024-10-15,Digital Marketing Executive,Bengaluru,IT & Digital,89
2024-10-15,Senior SEO Executive,Bangalore,IT/ITES,59
2024-10-15,Social Media Executive,Bengaluru (U),Information Technology,30
2024-10-15,Performance Marketing Associate,Bengaluru,IT & Digital,20
2024-11-15,Digital Marketing Executive,Bangalore,IT/ITES,89
2024-11-15,SEO Executive,Bengaluru (U),Information Technology,59
2024-11-15,Social Media Executive,Bengaluru,IT & Digital,29
2024-11-15,Performance Marketing Associate,Bangalore,IT/ITES,20
2024-12-15,Digital Marketing Executive,Bengaluru (U),Information Technology,88
2024-12-15,Senior SEO Executive,Bengaluru,IT & Digital,59
2024-12-15,Social Media Executive,Bangalore,IT/ITES,29
2024-12-15,Performance Marketing Associate,Bengaluru (U),Information Technology,20
2025-01-15,Digital Marketing Executive,Bengaluru,IT & Digital,83
2025-01-15,SEO Executive,Bangalore,IT/ITES,56
2025-01-15,Social Media Executive,Bengaluru (U),Information Technology,28
2025-01-15,Performance Marketing Associate,Bengaluru,IT & Digital,18
2025-02-15,Digital Marketing Executive,Bangalore,IT/ITES,84
2025-02-15,Senior SEO Executive,Bengaluru (U),Information Technology,56
2025-02-15,Social Media Executive,Bengaluru,IT & Digital,28
2025-02-15,Performance Marketing Associate,Bangalore,IT/ITES,19
2025-03-15,Digital Marketing Executive,Bengaluru (U),Information Technology,86
2025-03-15,SEO Executive,Bengaluru,IT & Digital,57
2025-03-15,Social Media Executive,Bangalore,IT/ITES,28
2025-03-15,Performance Marketing Associate,Bengaluru (U),Information Technology,19
2025-04-15,Digital Marketing Executive,Bengaluru,IT & Digital,88
2025-04-15,Senior SEO Executive,Bangalore,IT/ITES,59
2025-04-15,Social Media Executive,Bengaluru (U),Information Technology,29
2025-04-15,Performance Marketing Associate,Bengaluru,IT & Digital,19
2025-05-15,Digital Marketing Executive,Bangalore Urban,IT/ITES,91
2025-05-15,SEO Executive,Bangalore Urban,Information Technology,60
2025-05-15,Social Media Executive,Bangalore Urban,IT & Digital,30
2025-05-15,Performance Marketing Associate,Bangalore Urban,IT/ITES,20
2025-06-15,Digital Marketing Executive,Bengaluru (U),Information Technology,94
2025-06-15,Senior SEO Executive,Bengaluru,IT & Digital,62
2025-06-15,Social Media Executive,Bangalore,IT/ITES,31
2025-06-15,Performance Marketing Associate,Bengaluru (U),Information Technology,21
2025-07-15,Digital Marketing Executive,Bengaluru,IT & Digital,96
2025-07-15,SEO Executive,Bangalore,IT/ITES,64
2025-07-15,Social Media Executive,Bengaluru (U),Information Technology,32
2025-07-15,Performance Marketing Associate,Bengaluru,IT & Digital,22
2025-08-15,Digital Marketing Executive,Bangalore,IT/ITES,98
2025-08-15,Senior SEO Executive,Bengaluru (U),Information Technology,65
2025-08-15,Social Media Executive,Bengaluru,IT & Digital,33
2025-08-15,Performance Marketing Associate,Bangalore,IT/ITES,22
2025-09-15,Digital Marketing Executive,Bengaluru (U),Information Technology,99
2025-09-15,SEO Executive,Bengaluru,IT & Digital,66
2025-09-15,Social Media Executive,Bangalore,IT/ITES,33
2025-09-15,Performance Marketing Associate,Bengaluru (U),Information Technology,22
2025-10-15,Digital Marketing Executive,Bengaluru,IT & Digital,100
2025-10-15,Senior SEO Executive,Bangalore,IT/ITES,66
2025-10-15,Social Media Executive,Bengaluru (U),Information Technology,33
2025-10-15,Performance Marketing Associate,Bengaluru,IT & Digital,22
2025-11-15,Digital Marketing Executive,Bangalore,IT/ITES,99
2025-11-15,SEO Executive,Bengaluru (U),Information Technology,66
2025-11-15,Social Media Executive,Bengaluru,IT & Digital,33
2025-11-15,Performance Marketing Associate,Bangalore,IT/ITES,22
2025-12-15,Digital Marketing Executive,Bengaluru (U),Information Technology,98
2025-12-15,Senior SEO Executive,Bengaluru,IT & Digital,65
2025-12-15,Social Media Executive,Bangalore,IT/ITES,33
2025-12-15,Performance Marketing Associate,Bengaluru (U),Information Technology,22
2026-01-15,Digital Marketing Executive,Bengaluru,IT & Digital,93
2026-01-15,SEO Executive,Bangalore,IT/ITES,62
2026-01-15,Social Media Executive,Bengaluru (U),Information Technology,31
2026-01-15,Performance Marketing Associate,Bengaluru,IT & Digital,21
2026-02-15,Digital Marketing Executive,Bangalore Urban,IT/ITES,94
2026-02-15,Senior SEO Executive,Bangalore Urban,Information Technology,62
2026-02-15,Social Media Executive,Bangalore Urban,IT & Digital,31
2026-02-15,Performance Marketing Associate,Bangalore Urban,IT/ITES,21
2026-03-15,Digital Marketing Executive,Bangalore Urban,Information Technology,95
2026-03-15,SEO Executive,Bengaluru,IT & Digital,64
2026-03-15,Social Media Executive,Bangalore Urban,IT/ITES,32
2026-03-15,Performance Marketing Associate,Bangalore Urban,Information Technology,21
2026-04-15,Digital Marketing Executive,Bangalore Urban,IT & Digital,98
2026-04-15,Senior SEO Executive,Bangalore Urban,IT/ITES,65
2026-04-15,Social Media Executive,Bangalore Urban,Information Technology,33
2026-04-15,Performance Marketing Associate,Bangalore Urban,IT & Digital,22
2026-05-15,Digital Marketing Executive,Bangalore,IT/ITES,101
2026-05-15,SEO Executive,Bengaluru (U),Information Technology,67
2026-05-15,Social Media Executive,Bengaluru,IT & Digital,34
2026-05-15,Performance Marketing Associate,Bangalore,IT/ITES,22
2026-06-15,Digital Marketing Executive,Bengaluru (U),Information Technology,105
2026-06-15,Senior SEO Executive,Bengaluru,IT & Digital,70
2026-06-15,Social Media Executive,Bangalore,IT/ITES,35
2026-06-15,Performance Marketing Associate,Bengaluru (U),Information Technology,23
2026-07-15,Digital Marketing Executive,Bengaluru,IT & Digital,108
2026-07-15,SEO Executive,Bangalore,IT/ITES,72
2026-07-15,Social Media Executive,Bengaluru (U),Information Technology,36
2026-07-15,Performance Marketing Associate,Bengaluru,IT & Digital,24
2026-08-15,Digital Marketing Executive,Bangalore,IT/ITES,110
2026-08-15,Senior SEO Executive,Bengaluru (U),Information Technology,73
2026-08-15,Social Media Executive,Bengaluru,IT & Digital,37
2026-08-15,Performance Marketing Associate,Bangalore,IT/ITES,24
2026-09-15,Digital Marketing Executive,Bengaluru (U),Information Technology,111
2026-09-15,SEO Executive,Bengaluru,IT & Digital,74
2026-09-15,Social Media Executive,Bangalore,IT/ITES,37
2026-09-15,Performance Marketing Associate,Bengaluru (U),Information Technology,24
2024-10-15,General Duty Assistant,Bengaluru,Healthcare,75
2024-10-15,Senior Patient Care Assistant,Bangalore,Hospitals,50
2024-10-15,Nursing Assistant,Bengaluru (U),Healthcare,25
2024-10-15,Hospital Attendant,Bengaluru,Hospitals,16
2024-11-15,General Duty Assistant,Bangalore,Hospitals,74
2024-11-15,Patient Care Assistant,Bengaluru (U),Healthcare,49
2024-11-15,Nursing Assistant,Bengaluru,Hospitals,25
2024-11-15,Hospital Attendant,Bangalore,Healthcare,16
2024-12-15,General Duty Assistant,Bengaluru (U),Healthcare,74
2024-12-15,Senior Patient Care Assistant,Bengaluru,Hospitals,49
2024-12-15,Nursing Assistant,Bangalore,Healthcare,25
2024-12-15,Hospital Attendant,Bengaluru (U),Hospitals,16
2025-01-15,General Duty Assistant,Bangalore Urban,Hospitals,76
2025-01-15,Patient Care Assistant,Bangalore Urban,Healthcare,51
2025-01-15,Nursing Assistant,Bangalore Urban,Hospitals,25
2025-01-15,Hospital Attendant,Bangalore Urban,Healthcare,17
2025-02-15,General Duty Assistant,Bangalore,Healthcare,78
2025-02-15,Senior Patient Care Assistant,Bengaluru (U),Hospitals,52
2025-02-15,Nursing Assistant,Bengaluru,Healthcare,26
2025-02-15,Hospital Attendant,Bangalore,Hospitals,17
2025-03-15,General Duty Assistant,Bengaluru (U),Hospitals,80
2025-03-15,Patient Care Assistant,Bengaluru,Healthcare,53
2025-03-15,Nursing Assistant,Bangalore,Hospitals,27
2025-03-15,Hospital Attendant,Bengaluru (U),Healthcare,18
2025-04-15,General Duty Assistant,Bengaluru,Healthcare,83
2025-04-15,Senior Patient Care Assistant,Bangalore,Hospitals,56
2025-04-15,Nursing Assistant,Bengaluru (U),Healthcare,28
2025-04-15,Hospital Attendant,Bengaluru,Hospitals,18
2025-05-15,General Duty Assistant,Bangalore,Hospitals,86
2025-05-15,Patient Care Assistant,Bengaluru (U),Healthcare,57
2025-05-15,Nursing Assistant,Bengaluru,Hospitals,28
2025-05-15,Hospital Attendant,Bangalore,Healthcare,19
2025-06-15,General Duty Assistant,Bengaluru (U),Healthcare,88
2025-06-15,Senior Patient Care Assistant,Bengaluru,Hospitals,59
2025-06-15,Nursing Assistant,Bangalore,Healthcare,29
2025-06-15,Hospital Attendant,Bengaluru (U),Hospitals,19
2025-07-15,General Duty Assistant,Bengaluru,Hospitals,89
2025-07-15,Patient Care Assistant,Bangalore,Healthcare,60
2025-07-15,Nursing Assistant,Bengaluru (U),Hospitals,30
2025-07-15,Hospital Attendant,Bengaluru,Healthcare,20
2025-08-15,General Duty Assistant,Bangalore,Healthcare,89
2025-08-15,Senior Patient Care Assistant,Bengaluru (U),Hospitals,60
2025-08-15,Nursing Assistant,Bengaluru,Healthcare,30
2025-08-15,Hospital Attendant,Bangalore,Hospitals,20
2025-09-15,General Duty Assistant,Bengaluru (U),Hospitals,89
2025-09-15,Patient Care Assistant,Bengaluru,Healthcare,60
2025-09-15,Nursing Assistant,Bangalore,Hospitals,30
2025-09-15,Hospital Attendant,Bengaluru (U),Healthcare,20
2025-10-15,General Duty Assistant,Bengaluru,Healthcare,89
2025-10-15,Senior Patient Care Assistant,Bangalore,Hospitals,59
2025-10-15,Nursing Assistant,Bengaluru (U),Healthcare,29
2025-10-15,Hospital Attendant,Bengaluru,Hospitals,20
2025-11-15,General Duty Assistant,Bangalore,Hospitals,89
2025-11-15,Patient Care Assistant,Bengaluru (U),Healthcare,59
2025-11-15,Nursing Assistant,Bengaluru,Hospitals,29
2025-11-15,Hospital Attendant,Bangalore,Healthcare,20
2025-12-15,General Duty Assistant,Bengaluru (U),Healthcare,88
2025-12-15,Senior Patient Care Assistant,Bengaluru,Hospitals,59
2025-12-15,Nursing Assistant,Bangalore,Healthcare,29
2025-12-15,Hospital Attendant,Bengaluru (U),Hospitals,20
2026-01-15,General Duty Assistant,Bengaluru,Hospitals,89
2026-01-15,Patient Care Assistant,Bangalore,Healthcare,60
2026-01-15,Nursing Assistant,Bengaluru (U),Hospitals,30
2026-01-15,Hospital Attendant,Bengaluru,Healthcare,20
2026-02-15,General Duty Assistant,Bangalore,Healthcare,91
2026-02-15,Senior Patient Care Assistant,Bengaluru (U),Hospitals,61
2026-02-15,Nursing Assistant,Bengaluru,Healthcare,30
2026-02-15,Hospital Attendant,Bangalore,Hospitals,20
2026-03-15,General Duty Assistant,Bengaluru (U),Hospitals,94
2026-03-15,Patient Care Assistant,Bengaluru,Healthcare,63
2026-03-15,Nursing Assistant,Bangalore,Hospitals,31
2026-03-15,Hospital Attendant,Bengaluru (U),Healthcare,21
2026-04-15,General Duty Assistant,Bengaluru,Healthcare,97
2026-04-15,Senior Patient Care Assistant,Bangalore,Hospitals,65
2026-04-15,Nursing Assistant,Bengaluru (U),Healthcare,32
2026-04-15,Hospital Attendant,Bengaluru,Hospitals,21
2026-05-15,General Duty Assistant,Bangalore,Hospitals,100
2026-05-15,Patient Care Assistant,Bengaluru (U),Healthcare,67
2026-05-15,Nursing Assistant,Bengaluru,Hospitals,34
2026-05-15,Hospital Attendant,Bangalore,Healthcare,22
2026-06-15,General Duty Assistant,Bengaluru (U),Healthcare,103
2026-06-15,Senior Patient Care Assistant,Bengaluru,Hospitals,68
2026-06-15,Nursing Assistant,Bangalore,Healthcare,34
2026-06-15,Hospital Attendant,Bengaluru (U),Hospitals,23
2026-07-15,General Duty Assistant,Bengaluru,Hospitals,104
2026-07-15,Patient Care Assistant,Bangalore,Healthcare,70
2026-07-15,Nursing Assistant,Bengaluru (U),Hospitals,35
2026-07-15,Hospital Attendant,Bengaluru,Healthcare,23
2026-08-15,General Duty Assistant,Bangalore,Healthcare,106
2026-08-15,Senior Patient Care Assistant,Bengaluru (U),Hospitals,71
2026-08-15,Nursing Assistant,Bengaluru,Healthcare,35
2026-08-15,Hospital Attendant,Bangalore,Hospitals,23
2026-09-15,General Duty Assistant,Bengaluru (U),Hospitals,106
2026-09-15,Patient Care Assistant,Bengaluru,Healthcare,71
2026-09-15,Nursing Assistant,Bangalore,Hospitals,35
2026-09-15,Hospital Attendant,Bengaluru (U),Healthcare,23
2024-10-15,Phlebotomist,Bengaluru,Healthcare,31
2024-10-15,Senior Phlebotomy Technician,Bangalore,Hospitals,20
2024-10-15,Lab Collection Technician,Bengaluru (U),Healthcare,10
2024-10-15,Phlebotomist (Home Collection),Bengaluru,Hospitals,7
2024-11-15,Phlebotomist,Bangalore,Hospitals,31
2024-11-15,Phlebotomy Technician,Bengaluru (U),Healthcare,21
2024-11-15,Lab Collection Technician,Bengaluru,Hospitals,10
2024-11-15,Phlebotomist (Home Collection),Bangalore,Healthcare,7
2024-12-15,Phlebotomist,Bengaluru (U),Healthcare,32
2024-12-15,Senior Phlebotomy Technician,Bengaluru,Hospitals,21
2024-12-15,Lab Collection Technician,Bangalore,Healthcare,10
2024-12-15,Phlebotomist (Home Collection),Bengaluru (U),Hospitals,7
2025-01-15,Phlebotomist,Bengaluru,Hospitals,34
2025-01-15,Phlebotomy Technician,Bangalore,Healthcare,23
2025-01-15,Lab Collection Technician,Bengaluru (U),Hospitals,11
2025-01-15,Phlebotomist (Home Collection),Bengaluru,Healthcare,7
2025-02-15,Phlebotomist,Bangalore,Healthcare,33
2025-02-15,Senior Phlebotomy Technician,Bengaluru (U),Hospitals,22
2025-02-15,Lab Collection Technician,Bengaluru,Healthcare,11
2025-02-15,Phlebotomist (Home Collection),Bangalore,Hospitals,8
2025-03-15,Phlebotomist,Bengaluru (U),Hospitals,33
2025-03-15,Phlebotomy Technician,Bengaluru,Healthcare,22
2025-03-15,Lab Collection Technician,Bangalore,Hospitals,11
2025-03-15,Phlebotomist (Home Collection),Bengaluru (U),Healthcare,7
2025-04-15,Phlebotomist,Bengaluru,Healthcare,32
2025-04-15,Senior Phlebotomy Technician,Bangalore,Hospitals,21
2025-04-15,Lab Collection Technician,Bengaluru (U),Healthcare,11
2025-04-15,Phlebotomist (Home Collection),Bengaluru,Hospitals,7
2025-05-15,Phlebotomist,Bangalore,Hospitals,32
2025-05-15,Phlebotomy Technician,Bengaluru (U),Healthcare,21
2025-05-15,Lab Collection Technician,Bengaluru,Hospitals,10
2025-05-15,Phlebotomist (Home Collection),Bangalore,Healthcare,7
2025-06-15,Phlebotomist,Bengaluru (U),Healthcare,31
2025-06-15,Senior Phlebotomy Technician,Bengaluru,Hospitals,21
2025-06-15,Lab Collection Technician,Bangalore,Healthcare,10
2025-06-15,Phlebotomist (Home Collection),Bengaluru (U),Hospitals,7
2025-07-15,Phlebotomist,Bengaluru,Hospitals,31
2025-07-15,Phlebotomy Technician,Bangalore,Healthcare,21
2025-07-15,Lab Collection Technician,Bengaluru (U),Hospitals,10
2025-07-15,Phlebotomist (Home Collection),Bengaluru,Healthcare,7
2025-08-15,Phlebotomist,Bangalore,Healthcare,32
2025-08-15,Senior Phlebotomy Technician,Bengaluru (U),Hospitals,21
2025-08-15,Lab Collection Technician,Bengaluru,Healthcare,10
2025-08-15,Phlebotomist (Home Collection),Bangalore,Hospitals,7
2025-09-15,Phlebotomist,Bengaluru (U),Hospitals,32
2025-09-15,Phlebotomy Technician,Bengaluru,Healthcare,21
2025-09-15,Lab Collection Technician,Bangalore,Hospitals,11
2025-09-15,Phlebotomist (Home Collection),Bengaluru (U),Healthcare,7
2025-10-15,Phlebotomist,Bengaluru,Healthcare,33
2025-10-15,Senior Phlebotomy Technician,Bangalore,Hospitals,22
2025-10-15,Lab Collection Technician,Bengaluru (U),Healthcare,11
2025-10-15,Phlebotomist (Home Collection),Bengaluru,Hospitals,7
2025-11-15,Phlebotomist,Bangalore,Hospitals,33
2025-11-15,Phlebotomy Technician,Bengaluru (U),Healthcare,22
2025-11-15,Lab Collection Technician,Bengaluru,Hospitals,11
2025-11-15,Phlebotomist (Home Collection),Bangalore,Healthcare,8
2025-12-15,Phlebotomist,Bengaluru (U),Healthcare,34
2025-12-15,Senior Phlebotomy Technician,Bengaluru,Hospitals,23
2025-12-15,Lab Collection Technician,Bangalore,Healthcare,11
2025-12-15,Phlebotomist (Home Collection),Bengaluru (U),Hospitals,7
2026-01-15,Phlebotomist,Bengaluru,Hospitals,35
2026-01-15,Phlebotomy Technician,Bangalore,Healthcare,24
2026-01-15,Lab Collection Technician,Bengaluru (U),Hospitals,12
2026-01-15,Phlebotomist (Home Collection),Bengaluru,Healthcare,8
2026-02-15,Phlebotomist,Bangalore,Healthcare,35
2026-02-15,Senior Phlebotomy Technician,Bengaluru (U),Hospitals,23
2026-02-15,Lab Collection Technician,Bengaluru,Healthcare,12
2026-02-15,Phlebotomist (Home Collection),Bangalore,Hospitals,8
2026-03-15,Phlebotomist,Bengaluru (U),Hospitals,35
2026-03-15,Phlebotomy Technician,Bengaluru,Healthcare,23
2026-03-15,Lab Collection Technician,Bangalore,Hospitals,11
2026-03-15,Phlebotomist (Home Collection),Bengaluru (U),Healthcare,8
2026-04-15,Phlebotomist,Bengaluru,Healthcare,34
2026-04-15,Senior Phlebotomy Technician,Bangalore,Hospitals,23
2026-04-15,Lab Collection Technician,Bengaluru (U),Healthcare,11
2026-04-15,Phlebotomist (Home Collection),Bengaluru,Hospitals,8
2026-05-15,Phlebotomist,Bangalore,Hospitals,33
2026-05-15,Phlebotomy Technician,Bengaluru (U),Healthcare,22
2026-05-15,Lab Collection Technician,Bengaluru,Hospitals,11
2026-05-15,Phlebotomist (Home Collection),Bangalore,Healthcare,8
2026-06-15,Phlebotomist,Bengaluru (U),Healthcare,33
2026-06-15,Senior Phlebotomy Technician,Bengaluru,Hospitals,22
2026-06-15,Lab Collection Technician,Bangalore,Healthcare,11
2026-06-15,Phlebotomist (Home Collection),Bengaluru (U),Hospitals,7
2026-07-15,Phlebotomist,Bengaluru,Hospitals,33
2026-07-15,Phlebotomy Technician,Bangalore,Healthcare,22
2026-07-15,Lab Collection Technician,Bengaluru (U),Hospitals,11
2026-07-15,Phlebotomist (Home Collection),Bengaluru,Healthcare,7
2026-08-15,Phlebotomist,Bangalore,Healthcare,33
2026-08-15,Senior Phlebotomy Technician,Bengaluru (U),Hospitals,22
2026-08-15,Lab Collection Technician,Bengaluru,Healthcare,11
2026-08-15,Phlebotomist (Home Collection),Bangalore,Hospitals,8
2026-09-15,Phlebotomist,Bengaluru (U),Hospitals,34
2026-09-15,Phlebotomy Technician,Bengaluru,Healthcare,23
2026-09-15,Lab Collection Technician,Bangalore,Hospitals,11
2026-09-15,Phlebotomist (Home Collection),Bengaluru (U),Healthcare,8
2024-10-15,CNC Operator,Bengaluru,Manufacturing,44
2024-10-15,Senior CNC Machinist,Bangalore,Engineering,30
2024-10-15,VMC Operator,Bengaluru (U),Manufacturing,15
2024-10-15,CNC Operator - Night Shift,Bengaluru,Engineering,10
2024-11-15,CNC Operator,Bangalore,Engineering,46
2024-11-15,CNC Machinist,Bengaluru (U),Manufacturing,30
2024-11-15,VMC Operator,Bengaluru,Engineering,15
2024-11-15,CNC Operator - Night Shift,Bangalore,Manufacturing,10
2024-12-15,CNC Operator,Bengaluru (U),Manufacturing,46
2024-12-15,Senior CNC Machinist,Bengaluru,Engineering,31
2024-12-15,VMC Operator,Bangalore,Manufacturing,16
2024-12-15,CNC Operator - Night Shift,Bengaluru (U),Engineering,10
2025-01-15,CNC Operator,Bangalore Urban,Engineering,44
2025-01-15,CNC Machinist,Bangalore Urban,Manufacturing,30
2025-01-15,VMC Operator,Bangalore Urban,Engineering,15
2025-01-15,CNC Operator - Night Shift,Bangalore Urban,Manufacturing,10
2025-02-15,CNC Operator,Bangalore,Manufacturing,45
2025-02-15,Senior CNC Machinist,Bengaluru (U),Engineering,30
2025-02-15,VMC Operator,Bengaluru,Manufacturing,15
2025-02-15,CNC Operator - Night Shift,Bangalore,Engineering,10
2025-03-15,CNC Operator,Bengaluru (U),Engineering,46
2025-03-15,CNC Machinist,Bengaluru,Manufacturing,30
2025-03-15,VMC Operator,Bangalore,Engineering,15
2025-03-15,CNC Operator - Night Shift,Bengaluru (U),Manufacturing,10
2025-04-15,CNC Operator,Bengaluru,Manufacturing,46
2025-04-15,Senior CNC Machinist,Bangalore,Engineering,30
2025-04-15,VMC Operator,Bengaluru (U),Manufacturing,15
2025-04-15,CNC Operator - Night Shift,Bengaluru,Engineering,10
2025-05-15,CNC Operator,Bangalore,Engineering,45
2025-05-15,CNC Machinist,Bengaluru (U),Manufacturing,30
2025-05-15,VMC Operator,Bengaluru,Engineering,15
2025-05-15,CNC Operator - Night Shift,Bangalore,Manufacturing,10
2025-06-15,CNC Operator,Bengaluru (U),Manufacturing,44
2025-06-15,Senior CNC Machinist,Bengaluru,Engineering,29
2025-06-15,VMC Operator,Bangalore,Manufacturing,15
2025-06-15,CNC Operator - Night Shift,Bengaluru (U),Engineering,10
2025-07-15,CNC Operator,Bangalore Urban,Engineering,43
2025-07-15,CNC Machinist,Bangalore Urban,Manufacturing,29
2025-07-15,VMC Operator,Bangalore Urban,Engineering,14
2025-07-15,CNC Operator - Night Shift,Bangalore Urban,Manufacturing,10
2025-08-15,CNC Operator,Bangalore,Manufacturing,42
2025-08-15,Senior CNC Machinist,Bengaluru (U),Engineering,28
2025-08-15,VMC Operator,Bengaluru,Manufacturing,14
2025-08-15,CNC Operator - Night Shift,Bangalore,Engineering,10
2025-09-15,CNC Operator,Bengaluru (U),Engineering,42
2025-09-15,CNC Machinist,Bengaluru,Manufacturing,28
2025-09-15,VMC Operator,Bangalore,Engineering,14
2025-09-15,CNC Operator - Night Shift,Bengaluru (U),Manufacturing,9
2025-10-15,CNC Operator,Bengaluru,Manufacturing,42
2025-10-15,Senior CNC Machinist,Bangalore,Engineering,28
2025-10-15,VMC Operator,Bengaluru (U),Manufacturing,14
2025-10-15,CNC Operator - Night Shift,Bengaluru,Engineering,10
2025-11-15,CNC Operator,Bangalore,Engineering,43
2025-11-15,CNC Machinist,Bengaluru (U),Manufacturing,29
2025-11-15,VMC Operator,Bengaluru,Engineering,14
2025-11-15,CNC Operator - Night Shift,Bangalore,Manufacturing,9
2025-12-15,CNC Operator,Bengaluru (U),Manufacturing,44
2025-12-15,Senior CNC Machinist,Bengaluru,Engineering,29
2025-12-15,VMC Operator,Bangalore,Manufacturing,14
2025-12-15,CNC Operator - Night Shift,Bengaluru (U),Engineering,10
2026-01-15,CNC Operator,Bengaluru,Engineering,42
2026-01-15,CNC Machinist,Bangalore,Manufacturing,28
2026-01-15,VMC Operator,Bengaluru (U),Engineering,14
2026-01-15,CNC Operator - Night Shift,Bengaluru,Manufacturing,10
2026-02-15,CNC Operator,Bangalore,Manufacturing,43
2026-02-15,Senior CNC Machinist,Bengaluru (U),Engineering,29
2026-02-15,VMC Operator,Bengaluru,Manufacturing,14
2026-02-15,CNC Operator - Night Shift,Bangalore,Engineering,9
2026-03-15,CNC Operator,Bengaluru (U),Engineering,43
2026-03-15,CNC Machinist,Bengaluru,Manufacturing,29
2026-03-15,VMC Operator,Bangalore,Engineering,14
2026-03-15,CNC Operator - Night Shift,Bengaluru (U),Manufacturing,10
2026-04-15,CNC Operator,Bengaluru,Manufacturing,43
2026-04-15,Senior CNC Machinist,Bangalore,Engineering,29
2026-04-15,VMC Operator,Bengaluru (U),Manufacturing,14
2026-04-15,CNC Operator - Night Shift,Bengaluru,Engineering,10
2026-05-15,CNC Operator,Bangalore,Engineering,42
2026-05-15,CNC Machinist,Bengaluru (U),Manufacturing,28
2026-05-15,VMC Operator,Bengaluru,Engineering,14
2026-05-15,CNC Operator - Night Shift,Bangalore,Manufacturing,10
2026-06-15,CNC Operator,Bengaluru (U),Manufacturing,41
2026-06-15,Senior CNC Machinist,Bengaluru,Engineering,28
2026-06-15,VMC Operator,Bangalore,Manufacturing,14
2026-06-15,CNC Operator - Night Shift,Bengaluru (U),Engineering,9
2026-07-15,CNC Operator,Bengaluru,Engineering,41
2026-07-15,CNC Machinist,Bangalore,Manufacturing,27
2026-07-15,VMC Operator,Bengaluru (U),Engineering,13
2026-07-15,CNC Operator - Night Shift,Bengaluru,Manufacturing,9
2026-08-15,CNC Operator,Bangalore,Manufacturing,40
2026-08-15,Senior CNC Machinist,Bengaluru (U),Engineering,27
2026-08-15,VMC Operator,Bengaluru,Manufacturing,13
2026-08-15,CNC Operator - Night Shift,Bangalore,Engineering,9
2026-09-15,CNC Operator,Bengaluru (U),Engineering,40
2026-09-15,CNC Machinist,Bengaluru,Manufacturing,26
2026-09-15,VMC Operator,Bangalore,Engineering,13
2026-09-15,CNC Operator - Night Shift,Bengaluru (U),Manufacturing,9
2024-10-15,Welder,Bengaluru,Manufacturing,32
2024-10-15,Senior MIG Welder,Bangalore,Engineering,21
2024-10-15,Arc Welder,Bengaluru (U),Manufacturing,11
2024-10-15,Fabricator cum Welder,Bengaluru,Engineering,7
2024-11-15,Welder,Bangalore,Engineering,32
2024-11-15,MIG Welder,Bengaluru (U),Manufacturing,22
2024-11-15,Arc Welder,Bengaluru,Engineering,11
2024-11-15,Fabricator cum Welder,Bangalore,Manufacturing,7
2024-12-15,Welder,Bengaluru (U),Manufacturing,32
2024-12-15,Senior MIG Welder,Bengaluru,Engineering,21
2024-12-15,Arc Welder,Bangalore,Manufacturing,11
2024-12-15,Fabricator cum Welder,Bengaluru (U),Engineering,7
2025-01-15,Welder,Bengaluru,Engineering,33
2025-01-15,MIG Welder,Bangalore,Manufacturing,22
2025-01-15,Arc Welder,Bengaluru (U),Engineering,11
2025-01-15,Fabricator cum Welder,Bengaluru,Manufacturing,7
2025-02-15,Welder,Bangalore Urban,Manufacturing,32
2025-02-15,Senior MIG Welder,Bangalore Urban,Engineering,21
2025-02-15,Arc Welder,Bengaluru,Manufacturing,11
2025-02-15,Fabricator cum Welder,Bangalore Urban,Engineering,7
2025-03-15,Welder,Bengaluru (U),Engineering,32
2025-03-15,MIG Welder,Bengaluru,Manufacturing,21
2025-03-15,Arc Welder,Bangalore,Engineering,11
2025-03-15,Fabricator cum Welder,Bengaluru (U),Manufacturing,7
2025-04-15,Welder,Bengaluru,Manufacturing,32
2025-04-15,Senior MIG Welder,Bangalore,Engineering,21
2025-04-15,Arc Welder,Bengaluru (U),Manufacturing,11
2025-04-15,Fabricator cum Welder,Bengaluru,Engineering,7
2025-05-15,Welder,Bangalore,Engineering,32
2025-05-15,MIG Welder,Bengaluru (U),Manufacturing,21
2025-05-15,Arc Welder,Bengaluru,Engineering,11
2025-05-15,Fabricator cum Welder,Bangalore,Manufacturing,7
2025-06-15,Welder,Bengaluru (U),Manufacturing,33
2025-06-15,Senior MIG Welder,Bengaluru,Engineering,22
2025-06-15,Arc Welder,Bangalore,Manufacturing,11
2025-06-15,Fabricator cum Welder,Bengaluru (U),Engineering,7
2025-07-15,Welder,Bangalore Urban,Engineering,33
2025-07-15,MIG Welder,Bangalore Urban,Manufacturing,22
2025-07-15,Arc Welder,Bangalore Urban,Engineering,11
2025-07-15,Fabricator cum Welder,Bangalore Urban,Manufacturing,8
2025-08-15,Welder,Bangalore,Manufacturing,35
2025-08-15,Senior MIG Welder,Bengaluru (U),Engineering,23
2025-08-15,Arc Welder,Bengaluru,Manufacturing,11
2025-08-15,Fabricator cum Welder,Bangalore,Engineering,8
2025-09-15,Welder,Bengaluru (U),Engineering,35
2025-09-15,MIG Welder,Bengaluru,Manufacturing,24
2025-09-15,Arc Welder,Bangalore,Engineering,12
2025-09-15,Fabricator cum Welder,Bengaluru (U),Manufacturing,8
2025-10-15,Welder,Bengaluru,Manufacturing,36
2025-10-15,Senior MIG Welder,Bangalore,Engineering,24
2025-10-15,Arc Welder,Bengaluru (U),Manufacturing,12
2025-10-15,Fabricator cum Welder,Bengaluru,Engineering,8
2025-11-15,Welder,Bangalore,Engineering,36
2025-11-15,MIG Welder,Bengaluru (U),Manufacturing,24
2025-11-15,Arc Welder,Bengaluru,Engineering,12
2025-11-15,Fabricator cum Welder,Bangalore,Manufacturing,8
2025-12-15,Welder,Bengaluru (U),Manufacturing,35
2025-12-15,Senior MIG Welder,Bengaluru,Engineering,24
2025-12-15,Arc Welder,Bangalore,Manufacturing,12
2025-12-15,Fabricator cum Welder,Bengaluru (U),Engineering,8
2026-01-15,Welder,Bengaluru,Engineering,32
2026-01-15,MIG Welder,Bangalore,Manufacturing,22
2026-01-15,Arc Welder,Bengaluru (U),Engineering,11
2026-01-15,Fabricator cum Welder,Bengaluru,Manufacturing,7
2026-02-15,Welder,Bangalore,Manufacturing,32
2026-02-15,Senior MIG Welder,Bengaluru (U),Engineering,21
2026-02-15,Arc Welder,Bengaluru,Manufacturing,11
2026-02-15,Fabricator cum Welder,Bangalore,Engineering,7
2026-03-15,Welder,Bengaluru (U),Engineering,32
2026-03-15,MIG Welder,Bengaluru,Manufacturing,21
2026-03-15,Arc Welder,Bangalore,Engineering,10
2026-03-15,Fabricator cum Welder,Bengaluru (U),Manufacturing,7
2026-04-15,Welder,Bengaluru,Manufacturing,32
2026-04-15,Senior MIG Welder,Bangalore,Engineering,21
2026-04-15,Arc Welder,Bengaluru (U),Manufacturing,10
2026-04-15,Fabricator cum Welder,Bengaluru,Engineering,7
2026-05-15,Welder,Bangalore,Engineering,32
2026-05-15,MIG Welder,Bengaluru (U),Manufacturing,21
2026-05-15,Arc Welder,Bengaluru,Engineering,11
2026-05-15,Fabricator cum Welder,Bangalore,Manufacturing,7
2026-06-15,Welder,Bangalore Urban,Manufacturing,32
2026-06-15,Senior MIG Welder,Bangalore Urban,Engineering,22
2026-06-15,Arc Welder,Bangalore Urban,Manufacturing,11
2026-06-15,Fabricator cum Welder,Bangalore Urban,Engineering,7
2026-07-15,Welder,Bengaluru,Engineering,33
2026-07-15,MIG Welder,Bangalore,Manufacturing,22
2026-07-15,Arc Welder,Bengaluru (U),Engineering,11
2026-07-15,Fabricator cum Welder,Bengaluru,Manufacturing,8
2026-08-15,Welder,Bangalore,Manufacturing,34
2026-08-15,Senior MIG Welder,Bengaluru (U),Engineering,23
2026-08-15,Arc Welder,Bengaluru,Manufacturing,11
2026-08-15,Fabricator cum Welder,Bangalore,Engineering,8
2026-09-15,Welder,Bengaluru (U),Engineering,35
2026-09-15,MIG Welder,Bengaluru,Manufacturing,23
2026-09-15,Arc Welder,Bangalore,Engineering,12
2026-09-15,Fabricator cum Welder,Bengaluru (U),Manufacturing,8
2024-10-15,Warehouse Associate,Bengaluru,Logistics,68
2024-10-15,Senior Picker Packer,Bangalore,Warehousing,46
2024-10-15,Warehouse Executive,Bengaluru (U),Logistics,23
2024-10-15,Wearhouse Associate,Bengaluru,Warehousing,15
2024-11-15,Warehouse Associate,Bangalore,Warehousing,69
2024-11-15,Picker Packer,Bengaluru (U),Logistics,46
2024-11-15,Warehouse Executive,Bengaluru,Warehousing,23
2024-11-15,Wearhouse Associate,Bangalore,Logistics,16
2024-12-15,Warehouse Associate,Bangalore Urban,Logistics,71
2024-12-15,Senior Picker Packer,Bangalore Urban,Warehousing,47
2024-12-15,Warehouse Executive,Bangalore Urban,Logistics,24
2024-12-15,Wearhouse Associate,Bangalore Urban,Warehousing,16
2025-01-15,Warehouse Associate,Bengaluru,Warehousing,71
2025-01-15,Picker Packer,Bangalore,Logistics,47
2025-01-15,Warehouse Executive,Bengaluru (U),Warehousing,23
2025-01-15,Wearhouse Associate,Bengaluru,Logistics,16
2025-02-15,Warehouse Associate,Bangalore,Logistics,73
2025-02-15,Senior Picker Packer,Bengaluru (U),Warehousing,49
2025-02-15,Warehouse Executive,Bengaluru,Logistics,25
2025-02-15,Wearhouse Associate,Bangalore,Warehousing,16
2025-03-15,Warehouse Associate,Bengaluru (U),Warehousing,76
2025-03-15,Picker Packer,Bengaluru,Logistics,51
2025-03-15,Warehouse Executive,Bangalore,Warehousing,25
2025-03-15,Wearhouse Associate,Bengaluru (U),Logistics,17
2025-04-15,Warehouse Associate,Bengaluru,Logistics,78
2025-04-15,Senior Picker Packer,Bangalore,Warehousing,52
2025-04-15,Warehouse Executive,Bengaluru (U),Logistics,26
2025-04-15,Wearhouse Associate,Bengaluru,Warehousing,18
2025-05-15,Warehouse Associate,Bangalore,Warehousing,80
2025-05-15,Picker Packer,Bengaluru (U),Logistics,53
2025-05-15,Warehouse Executive,Bengaluru,Warehousing,26
2025-05-15,Wearhouse Associate,Bangalore,Logistics,18
2025-06-15,Warehouse Associate,Bengaluru (U),Logistics,80
2025-06-15,Senior Picker Packer,Bengaluru,Warehousing,54
2025-06-15,Warehouse Executive,Bangalore,Logistics,27
2025-06-15,Wearhouse Associate,Bengaluru (U),Warehousing,18
2025-07-15,Warehouse Associate,Bangalore Urban,Warehousing,80
2025-07-15,Picker Packer,Bangalore Urban,Logistics,54
2025-07-15,Warehouse Executive,Bangalore Urban,Warehousing,27
2025-07-15,Wearhouse Associate,Bangalore Urban,Logistics,18
2025-08-15,Warehouse Associate,Bangalore,Logistics,80
2025-08-15,Senior Picker Packer,Bengaluru (U),Warehousing,54
2025-08-15,Warehouse Executive,Bengaluru,Logistics,27
2025-08-15,Wearhouse Associate,Bangalore,Warehousing,18
2025-09-15,Warehouse Associate,Bengaluru (U),Warehousing,80
2025-09-15,Picker Packer,Bengaluru,Logistics,53
2025-09-15,Warehouse Executive,Bangalore,Warehousing,26
2025-09-15,Wearhouse Associate,Bengaluru (U),Logistics,18
2025-10-15,Warehouse Associate,Bengaluru,Logistics,80
2025-10-15,Senior Picker Packer,Bangalore,Warehousing,53
2025-10-15,Warehouse Executive,Bengaluru (U),Logistics,26
2025-10-15,Wearhouse Associate,Bengaluru,Warehousing,18
2025-11-15,Warehouse Associate,Bangalore,Warehousing,80
2025-11-15,Picker Packer,Bengaluru (U),Logistics,54
2025-11-15,Warehouse Executive,Bengaluru,Warehousing,27
2025-11-15,Wearhouse Associate,Bangalore,Logistics,18
2025-12-15,Warehouse Associate,Bengaluru (U),Logistics,82
2025-12-15,Senior Picker Packer,Bengaluru,Warehousing,55
2025-12-15,Warehouse Executive,Bangalore,Logistics,28
2025-12-15,Wearhouse Associate,Bengaluru (U),Warehousing,18
2026-01-15,Warehouse Associate,Bengaluru,Warehousing,91
2026-01-15,Picker Packer,Bangalore,Logistics,60
2026-01-15,Warehouse Executive,Bengaluru (U),Warehousing,30
2026-01-15,Wearhouse Associate,Bengaluru,Logistics,20
2026-02-15,Warehouse Associate,Bangalore,Logistics,94
2026-02-15,Senior Picker Packer,Bengaluru (U),Warehousing,62
2026-02-15,Warehouse Executive,Bengaluru,Logistics,31
2026-02-15,Wearhouse Associate,Bangalore,Warehousing,21
2026-03-15,Warehouse Associate,Bengaluru (U),Warehousing,97
2026-03-15,Picker Packer,Bengaluru,Logistics,65
2026-03-15,Warehouse Executive,Bangalore,Warehousing,32
2026-03-15,Wearhouse Associate,Bengaluru (U),Logistics,21
2026-04-15,Warehouse Associate,Bengaluru,Logistics,100
2026-04-15,Senior Picker Packer,Bangalore,Warehousing,66
2026-04-15,Warehouse Executive,Bengaluru (U),Logistics,33
2026-04-15,Wearhouse Associate,Bengaluru,Warehousing,22
2026-05-15,Warehouse Associate,Bangalore,Warehousing,102
2026-05-15,Picker Packer,Bengaluru (U),Logistics,68
2026-05-15,Warehouse Executive,Bengaluru,Warehousing,34
2026-05-15,Wearhouse Associate,Bangalore,Logistics,22
2026-06-15,Warehouse Associate,Bengaluru (U),Logistics,102
2026-06-15,Senior Picker Packer,Bengaluru,Warehousing,68
2026-06-15,Warehouse Executive,Bangalore,Logistics,34
2026-06-15,Wearhouse Associate,Bengaluru (U),Warehousing,23
2026-07-15,Warehouse Associate,Bangalore Urban,Warehousing,102
2026-07-15,Picker Packer,Bangalore Urban,Logistics,68
2026-07-15,Warehouse Executive,Bangalore Urban,Warehousing,34
2026-07-15,Wearhouse Associate,Bangalore Urban,Logistics,23
2026-08-15,Warehouse Associate,Bangalore,Logistics,101
2026-08-15,Senior Picker Packer,Bengaluru (U),Warehousing,68
2026-08-15,Warehouse Executive,Bengaluru,Logistics,34
2026-08-15,Wearhouse Associate,Bangalore,Warehousing,22
2026-09-15,Warehouse Associate,Bengaluru (U),Warehousing,101
2026-09-15,Picker Packer,Bengaluru,Logistics,67
2026-09-15,Warehouse Executive,Bangalore,Warehousing,34
2026-09-15,Wearhouse Associate,Bengaluru (U),Logistics,22
2024-10-15,Logistics Coordinator,Bengaluru,Logistics,28
2024-10-15,Senior Dispatch Coordinator,Bangalore,Warehousing,19
2024-10-15,Transport Coordinator,Bengaluru (U),Logistics,9
2024-10-15,Logistics Co-ordinator,Bengaluru,Warehousing,6
2024-11-15,Logistics Coordinator,Bangalore Urban,Warehousing,28
2024-11-15,Dispatch Coordinator,Bangalore Urban,Logistics,19
2024-11-15,Transport Coordinator,Bangalore Urban,Warehousing,10
2024-11-15,Logistics Co-ordinator,Bangalore Urban,Logistics,6
2024-12-15,Logistics Coordinator,Bengaluru (U),Logistics,29
2024-12-15,Senior Dispatch Coordinator,Bengaluru,Warehousing,19
2024-12-15,Transport Coordinator,Bangalore,Logistics,10
2024-12-15,Logistics Co-ordinator,Bengaluru (U),Warehousing,6
2025-01-15,Logistics Coordinator,Bengaluru,Warehousing,32
2025-01-15,Dispatch Coordinator,Bangalore,Logistics,21
2025-01-15,Transport Coordinator,Bengaluru (U),Warehousing,11
2025-01-15,Logistics Co-ordinator,Bengaluru,Logistics,7
2025-02-15,Logistics Coordinator,Bangalore,Logistics,32
2025-02-15,Senior Dispatch Coordinator,Bengaluru (U),Warehousing,21
2025-02-15,Transport Coordinator,Bengaluru,Logistics,11
2025-02-15,Logistics Co-ordinator,Bangalore,Warehousing,7
2025-03-15,Logistics Coordinator,Bangalore Urban,Warehousing,32
2025-03-15,Dispatch Coordinator,Bangalore Urban,Logistics,21
2025-03-15,Transport Coordinator,Bangalore Urban,Warehousing,10
2025-03-15,Logistics Co-ordinator,Bangalore Urban,Logistics,7
2025-04-15,Logistics Coordinator,Bengaluru,Logistics,31
2025-04-15,Senior Dispatch Coordinator,Bangalore,Warehousing,21
2025-04-15,Transport Coordinator,Bengaluru (U),Logistics,10
2025-04-15,Logistics Co-ordinator,Bengaluru,Warehousing,7
2025-05-15,Logistics Coordinator,Bangalore,Warehousing,31
2025-05-15,Dispatch Coordinator,Bengaluru (U),Logistics,21
2025-05-15,Transport Coordinator,Bengaluru,Warehousing,10
2025-05-15,Logistics Co-ordinator,Bangalore,Logistics,7
2025-06-15,Logistics Coordinator,Bengaluru (U),Logistics,31
2025-06-15,Senior Dispatch Coordinator,Bengaluru,Warehousing,21
2025-06-15,Transport Coordinator,Bangalore,Logistics,10
2025-06-15,Logistics Co-ordinator,Bengaluru (U),Warehousing,7
2025-07-15,Logistics Coordinator,Bengaluru,Warehousing,32
2025-07-15,Dispatch Coordinator,Bangalore,Logistics,21
2025-07-15,Transport Coordinator,Bengaluru (U),Warehousing,10
2025-07-15,Logistics Co-ordinator,Bengaluru,Logistics,7
2025-08-15,Logistics Coordinator,Bangalore,Logistics,33
2025-08-15,Senior Dispatch Coordinator,Bengaluru (U),Warehousing,22
2025-08-15,Transport Coordinator,Bengaluru,Logistics,11
2025-08-15,Logistics Co-ordinator,Bangalore,Warehousing,7
2025-09-15,Logistics Coordinator,Bengaluru (U),Warehousing,34
2025-09-15,Dispatch Coordinator,Bengaluru,Logistics,23
2025-09-15,Transport Coordinator,Bangalore,Warehousing,11
2025-09-15,Logistics Co-ordinator,Bengaluru (U),Logistics,7
2025-10-15,Logistics Coordinator,Bengaluru,Logistics,35
2025-10-15,Senior Dispatch Coordinator,Bangalore,Warehousing,23
2025-10-15,Transport Coordinator,Bengaluru (U),Logistics,11
2025-10-15,Logistics Co-ordinator,Bengaluru,Warehousing,8
2025-11-15,Logistics Coordinator,Bangalore,Warehousing,35
2025-11-15,Dispatch Coordinator,Bengaluru (U),Logistics,23
2025-11-15,Transport Coordinator,Bengaluru,Warehousing,12
2025-11-15,Logistics Co-ordinator,Bangalore,Logistics,8
2025-12-15,Logistics Coordinator,Bangalore Urban,Logistics,36
2025-12-15,Senior Dispatch Coordinator,Bangalore Urban,Warehousing,24
2025-12-15,Transport Coordinator,Bangalore Urban,Logistics,12
2025-12-15,Logistics Co-ordinator,Bangalore Urban,Warehousing,8
2026-01-15,Logistics Coordinator,Bengaluru,Warehousing,36
2026-01-15,Dispatch Coordinator,Bangalore,Logistics,24
2026-01-15,Transport Coordinator,Bengaluru (U),Warehousing,12
2026-01-15,Logistics Co-ordinator,Bengaluru,Logistics,8
2026-02-15,Logistics Coordinator,Bangalore,Logistics,35
2026-02-15,Senior Dispatch Coordinator,Bengaluru (U),Warehousing,24
2026-02-15,Transport Coordinator,Bengaluru,Logistics,12
2026-02-15,Logistics Co-ordinator,Bangalore,Warehousing,8
2026-03-15,Logistics Coordinator,Bengaluru (U),Warehousing,35
2026-03-15,Dispatch Coordinator,Bengaluru,Logistics,23
2026-03-15,Transport Coordinator,Bangalore,Warehousing,12
2026-03-15,Logistics Co-ordinator,Bengaluru (U),Logistics,8
2026-04-15,Logistics Coordinator,Bangalore Urban,Logistics,35
2026-04-15,Senior Dispatch Coordinator,Bangalore Urban,Warehousing,23
2026-04-15,Transport Coordinator,Bengaluru (U),Logistics,12
2026-04-15,Logistics Co-ordinator,Bengaluru,Warehousing,8
2026-05-15,Logistics Coordinator,Bangalore,Warehousing,35
2026-05-15,Dispatch Coordinator,Bengaluru (U),Logistics,23
2026-05-15,Transport Coordinator,Bengaluru,Warehousing,12
2026-05-15,Logistics Co-ordinator,Bangalore,Logistics,8
2026-06-15,Logistics Coordinator,Bengaluru (U),Logistics,35
2026-06-15,Senior Dispatch Coordinator,Bengaluru,Warehousing,23
2026-06-15,Transport Coordinator,Bangalore,Logistics,12
2026-06-15,Logistics Co-ordinator,Bengaluru (U),Warehousing,8
2026-07-15,Logistics Coordinator,Bengaluru,Warehousing,35
2026-07-15,Dispatch Coordinator,Bangalore,Logistics,24
2026-07-15,Transport Coordinator,Bengaluru (U),Warehousing,12
2026-07-15,Logistics Co-ordinator,Bengaluru,Logistics,8
2026-08-15,Logistics Coordinator,Bangalore Urban,Logistics,37
2026-08-15,Senior Dispatch Coordinator,Bangalore Urban,Warehousing,24
2026-08-15,Transport Coordinator,Bangalore Urban,Logistics,12
2026-08-15,Logistics Co-ordinator,Bangalore Urban,Warehousing,8
2026-09-15,Logistics Coordinator,Bengaluru (U),Warehousing,38
2026-09-15,Dispatch Coordinator,Bengaluru,Logistics,25
2026-09-15,Transport Coordinator,Bangalore,Warehousing,13
2026-09-15,Logistics Co-ordinator,Bengaluru (U),Logistics,8
2024-10-15,Electrician,Bengaluru,Construction,70
2024-10-15,Senior Wireman,Bangalore,Real Estate,47
2024-10-15,Electrical Technician,Bengaluru (U),Construction,23
2024-10-15,Electrician cum Wireman,Bengaluru,Real Estate,15
2024-11-15,Electrician,Bangalore,Real Estate,69
2024-11-15,Wireman,Bengaluru (U),Construction,46
2024-11-15,Electrical Technician,Bengaluru,Real Estate,23
2024-11-15,Electrician cum Wireman,Bangalore,Construction,15
2024-12-15,Electrician,Bengaluru (U),Construction,68
2024-12-15,Senior Wireman,Bengaluru,Real Estate,45
2024-12-15,Electrical Technician,Bangalore,Construction,23
2024-12-15,Electrician cum Wireman,Bengaluru (U),Real Estate,15
2025-01-15,Electrician,Bengaluru,Real Estate,75
2025-01-15,Wireman,Bangalore,Construction,50
2025-01-15,Electrical Technician,Bengaluru (U),Real Estate,25
2025-01-15,Electrician cum Wireman,Bengaluru,Construction,17
2025-02-15,Electrician,Bangalore,Construction,75
2025-02-15,Senior Wireman,Bengaluru (U),Real Estate,50
2025-02-15,Electrical Technician,Bengaluru,Construction,25
2025-02-15,Electrician cum Wireman,Bangalore,Real Estate,16
2025-03-15,Electrician,Bengaluru (U),Real Estate,65
2025-03-15,Wireman,Bengaluru,Construction,44
2025-03-15,Electrical Technician,Bangalore,Real Estate,22
2025-03-15,Electrician cum Wireman,Bengaluru (U),Construction,14
2025-04-15,Electrician,Bengaluru,Construction,67
2025-04-15,Senior Wireman,Bangalore,Real Estate,44
2025-04-15,Electrical Technician,Bengaluru (U),Construction,22
2025-04-15,Electrician cum Wireman,Bengaluru,Real Estate,15
2025-05-15,Electrician,Bangalore,Real Estate,68
2025-05-15,Wireman,Bengaluru (U),Construction,45
2025-05-15,Electrical Technician,Bengaluru,Real Estate,23
2025-05-15,Electrician cum Wireman,Bangalore,Construction,15
2025-06-15,Electrician,Bengaluru (U),Construction,69
2025-06-15,Senior Wireman,Bengaluru,Real Estate,46
2025-06-15,Electrical Technician,Bangalore,Construction,23
2025-06-15,Electrician cum Wireman,Bengaluru (U),Real Estate,16
2025-07-15,Electrician,Bengaluru,Real Estate,71
2025-07-15,Wireman,Bangalore,Construction,47
2025-07-15,Electrical Technician,Bengaluru (U),Real Estate,23
2025-07-15,Electrician cum Wireman,Bengaluru,Construction,16
2025-08-15,Electrician,Bangalore,Construction,71
2025-08-15,Senior Wireman,Bengaluru (U),Real Estate,48
2025-08-15,Electrical Technician,Bengaluru,Construction,24
2025-08-15,Electrician cum Wireman,Bangalore,Real Estate,16
2025-09-15,Electrician,Bengaluru (U),Real Estate,72
2025-09-15,Wireman,Bengaluru,Construction,48
2025-09-15,Electrical Technician,Bangalore,Real Estate,24
2025-09-15,Electrician cum Wireman,Bengaluru (U),Construction,16
2025-10-15,Electrician,Bangalore Urban,Construction,71
2025-10-15,Senior Wireman,Bangalore Urban,Real Estate,47
2025-10-15,Electrical Technician,Bangalore Urban,Construction,24
2025-10-15,Electrician cum Wireman,Bangalore Urban,Real Estate,16
2025-11-15,Electrician,Bangalore,Real Estate,70
2025-11-15,Wireman,Bengaluru (U),Construction,47
2025-11-15,Electrical Technician,Bengaluru,Real Estate,23
2025-11-15,Electrician cum Wireman,Bangalore,Construction,15
2025-12-15,Electrician,Bengaluru (U),Construction,68
2025-12-15,Senior Wireman,Bengaluru,Real Estate,46
2025-12-15,Electrical Technician,Bangalore,Construction,23
2025-12-15,Electrician cum Wireman,Bengaluru (U),Real Estate,15
2026-01-15,Electrician,Bengaluru,Real Estate,70
2026-01-15,Wireman,Bangalore,Construction,47
2026-01-15,Electrical Technician,Bengaluru (U),Real Estate,23
2026-01-15,Electrician cum Wireman,Bengaluru,Construction,15
2026-02-15,Electrician,Bangalore,Construction,69
2026-02-15,Senior Wireman,Bengaluru (U),Real Estate,46
2026-02-15,Electrical Technician,Bengaluru,Construction,23
2026-02-15,Electrician cum Wireman,Bangalore,Real Estate,16
2026-03-15,Electrician,Bengaluru (U),Real Estate,70
2026-03-15,Wireman,Bengaluru,Construction,47
2026-03-15,Electrical Technician,Bangalore,Real Estate,23
2026-03-15,Electrician cum Wireman,Bengaluru (U),Construction,15
2026-04-15,Electrician,Bengaluru,Construction,71
2026-04-15,Senior Wireman,Bangalore,Real Estate,47
2026-04-15,Electrical Technician,Bengaluru (U),Construction,23
2026-04-15,Electrician cum Wireman,Bengaluru,Real Estate,16
2026-05-15,Electrician,Bangalore,Real Estate,73
2026-05-15,Wireman,Bengaluru (U),Construction,48
2026-05-15,Electrical Technician,Bengaluru,Real Estate,24
2026-05-15,Electrician cum Wireman,Bangalore,Construction,16
2026-06-15,Electrician,Bengaluru (U),Construction,74
2026-06-15,Senior Wireman,Bengaluru,Real Estate,49
2026-06-15,Electrical Technician,Bangalore,Construction,25
2026-06-15,Electrician cum Wireman,Bangalore Urban,Real Estate,16
2026-07-15,Electrician,Bengaluru,Real Estate,75
2026-07-15,Wireman,Bangalore,Construction,50
2026-07-15,Electrical Technician,Bengaluru (U),Real Estate,25
2026-07-15,Electrician cum Wireman,Bengaluru,Construction,17
2026-08-15,Electrician,Bangalore,Construction,77
2026-08-15,Senior Wireman,Bengaluru (U),Real Estate,51
2026-08-15,Electrical Technician,Bengaluru,Construction,25
2026-08-15,Electrician cum Wireman,Bangalore,Real Estate,17
2026-09-15,Electrician,Bengaluru (U),Real Estate,77
2026-09-15,Wireman,Bengaluru,Construction,51
2026-09-15,Electrical Technician,Bangalore,Real Estate,25
2026-09-15,Electrician cum Wireman,Bengaluru (U),Construction,17
2024-10-15,Mason,Bengaluru,Construction,52
2024-10-15,Senior Bricklayer,Bangalore,Real Estate,35
2024-10-15,Tile Mason,Bengaluru (U),Construction,17
2024-10-15,Shuttering Carpenter,Bengaluru,Real Estate,12
2024-11-15,Mason,Bangalore,Real Estate,51
2024-11-15,Bricklayer,Bengaluru (U),Construction,34
2024-11-15,Tile Mason,Bengaluru,Real Estate,17
2024-11-15,Shuttering Carpenter,Bangalore,Construction,11
2024-12-15,Mason,Bengaluru (U),Construction,50
2024-12-15,Senior Bricklayer,Bengaluru,Real Estate,34
2024-12-15,Tile Mason,Bangalore,Construction,17
2024-12-15,Shuttering Carpenter,Bengaluru (U),Real Estate,11
2025-01-15,Mason,Bengaluru,Real Estate,48
2025-01-15,Bricklayer,Bangalore,Construction,32
2025-01-15,Tile Mason,Bengaluru (U),Real Estate,16
2025-01-15,Shuttering Carpenter,Bengaluru,Construction,11
2025-02-15,Mason,Bangalore,Construction,49
2025-02-15,Senior Bricklayer,Bengaluru (U),Real Estate,32
2025-02-15,Tile Mason,Bengaluru,Construction,16
2025-02-15,Shuttering Carpenter,Bangalore,Real Estate,11
2025-03-15,Mason,Bengaluru (U),Real Estate,49
2025-03-15,Bricklayer,Bengaluru,Construction,33
2025-03-15,Tile Mason,Bangalore,Real Estate,16
2025-03-15,Shuttering Carpenter,Bengaluru (U),Construction,11
2025-04-15,Mason,Bengaluru,Construction,50
2025-04-15,Senior Bricklayer,Bangalore,Real Estate,33
2025-04-15,Tile Mason,Bengaluru (U),Construction,17
2025-04-15,Shuttering Carpenter,Bengaluru,Real Estate,11
2025-05-15,Mason,Bangalore,Real Estate,50
2025-05-15,Bricklayer,Bengaluru (U),Construction,34
2025-05-15,Tile Mason,Bengaluru,Real Estate,17
2025-05-15,Shuttering Carpenter,Bangalore,Construction,11
2025-06-15,Mason,Bengaluru (U),Construction,50
2025-06-15,Senior Bricklayer,Bengaluru,Real Estate,34
2025-06-15,Tile Mason,Bangalore,Construction,17
2025-06-15,Shuttering Carpenter,Bengaluru (U),Real Estate,11
2025-07-15,Mason,Bengaluru,Real Estate,50
2025-07-15,Bricklayer,Bangalore,Construction,33
2025-07-15,Tile Mason,Bengaluru (U),Real Estate,17
2025-07-15,Shuttering Carpenter,Bengaluru,Construction,11
2025-08-15,Mason,Bangalore,Construction,49
2025-08-15,Senior Bricklayer,Bengaluru (U),Real Estate,32
2025-08-15,Tile Mason,Bengaluru,Construction,16
2025-08-15,Shuttering Carpenter,Bangalore,Real Estate,11
2025-09-15,Mason,Bengaluru (U),Real Estate,48
2025-09-15,Bricklayer,Bengaluru,Construction,32
2025-09-15,Tile Mason,Bangalore,Real Estate,16
2025-09-15,Shuttering Carpenter,Bengaluru (U),Construction,10
2025-10-15,Mason,Bengaluru,Construction,50
2025-10-15,Senior Bricklayer,Bangalore,Real Estate,34
2025-10-15,Tile Mason,Bengaluru (U),Construction,17
2025-10-15,Shuttering Carpenter,Bengaluru,Real Estate,11
2025-11-15,Mason,Bangalore,Real Estate,49
2025-11-15,Bricklayer,Bengaluru (U),Construction,33
2025-11-15,Tile Mason,Bengaluru,Real Estate,16
2025-11-15,Shuttering Carpenter,Bangalore,Construction,11
2025-12-15,Mason,Bengaluru (U),Construction,48
2025-12-15,Senior Bricklayer,Bengaluru,Real Estate,32
2025-12-15,Tile Mason,Bangalore,Construction,16
2025-12-15,Shuttering Carpenter,Bengaluru (U),Real Estate,11
2026-01-15,Mason,Bengaluru,Real Estate,44
2026-01-15,Bricklayer,Bangalore,Construction,29
2026-01-15,Tile Mason,Bengaluru (U),Real Estate,15
2026-01-15,Shuttering Carpenter,Bengaluru,Construction,10
2026-02-15,Mason,Bangalore Urban,Construction,44
2026-02-15,Senior Bricklayer,Bangalore Urban,Real Estate,30
2026-02-15,Tile Mason,Bangalore Urban,Construction,15
2026-02-15,Shuttering Carpenter,Bangalore Urban,Real Estate,10
2026-03-15,Mason,Bengaluru (U),Real Estate,45
2026-03-15,Bricklayer,Bengaluru,Construction,30
2026-03-15,Tile Mason,Bangalore,Real Estate,15
2026-03-15,Shuttering Carpenter,Bengaluru (U),Construction,10
2026-04-15,Mason,Bengaluru,Construction,46
2026-04-15,Senior Bricklayer,Bangalore,Real Estate,30
2026-04-15,Tile Mason,Bengaluru (U),Construction,15
2026-04-15,Shuttering Carpenter,Bengaluru,Real Estate,10
2026-05-15,Mason,Bangalore,Real Estate,46
2026-05-15,Bricklayer,Bengaluru (U),Construction,31
2026-05-15,Tile Mason,Bengaluru,Real Estate,15
2026-05-15,Shuttering Carpenter,Bangalore,Construction,10
2026-06-15,Mason,Bengaluru (U),Construction,46
2026-06-15,Senior Bricklayer,Bengaluru,Real Estate,31
2026-06-15,Tile Mason,Bangalore,Construction,15
2026-06-15,Shuttering Carpenter,Bengaluru (U),Real Estate,10
2026-07-15,Mason,Bengaluru,Real Estate,46
2026-07-15,Bricklayer,Bangalore,Construction,30
2026-07-15,Tile Mason,Bengaluru (U),Real Estate,15
2026-07-15,Shuttering Carpenter,Bengaluru,Construction,10
2026-08-15,Mason,Bangalore,Construction,44
2026-08-15,Senior Bricklayer,Bengaluru (U),Real Estate,30
2026-08-15,Tile Mason,Bengaluru,Construction,15
2026-08-15,Shuttering Carpenter,Bangalore,Real Estate,10
2026-09-15,Mason,Bengaluru (U),Real Estate,43
2026-09-15,Bricklayer,Bengaluru,Construction,29
2026-09-15,Tile Mason,Bangalore,Real Estate,14
2026-09-15,Shuttering Carpenter,Bengaluru (U),Construction,10
2024-10-15,Retail Sales Associate,Bengaluru,Retail,140
2024-10-15,Senior Store Associate,Bangalore,Organised Retail,94
2024-10-15,Counter Sales Executive,Bengaluru (U),Retail,47
2024-10-15,Retail Sales Assosiate,Bengaluru,Organised Retail,31
2024-11-15,Retail Sales Associate,Bangalore,Organised Retail,139
2024-11-15,Store Associate,Bengaluru (U),Retail,93
2024-11-15,Counter Sales Executive,Bengaluru,Organised Retail,46
2024-11-15,Retail Sales Assosiate,Bangalore,Retail,31
2024-12-15,Retail Sales Associate,Bengaluru (U),Retail,138
2024-12-15,Senior Store Associate,Bengaluru,Organised Retail,92
2024-12-15,Counter Sales Executive,Bangalore,Retail,46
2024-12-15,Retail Sales Assosiate,Bengaluru (U),Organised Retail,31
2025-01-15,Retail Sales Associate,Bengaluru,Organised Retail,127
2025-01-15,Store Associate,Bangalore,Retail,84
2025-01-15,Counter Sales Executive,Bengaluru (U),Organised Retail,42
2025-01-15,Retail Sales Assosiate,Bengaluru,Retail,28
2025-02-15,Retail Sales Associate,Bangalore,Retail,129
2025-02-15,Senior Store Associate,Bengaluru (U),Organised Retail,86
2025-02-15,Counter Sales Executive,Bengaluru,Retail,43
2025-02-15,Retail Sales Assosiate,Bangalore,Organised Retail,28
2025-03-15,Retail Sales Associate,Bangalore Urban,Organised Retail,131
2025-03-15,Store Associate,Bangalore Urban,Retail,88
2025-03-15,Counter Sales Executive,Bangalore Urban,Organised Retail,44
2025-03-15,Retail Sales Assosiate,Bangalore Urban,Retail,29
2025-04-15,Retail Sales Associate,Bengaluru,Retail,133
2025-04-15,Senior Store Associate,Bangalore,Organised Retail,89
2025-04-15,Counter Sales Executive,Bengaluru (U),Retail,44
2025-04-15,Retail Sales Assosiate,Bengaluru,Organised Retail,30
2025-05-15,Retail Sales Associate,Bangalore,Organised Retail,135
2025-05-15,Store Associate,Bengaluru (U),Retail,90
2025-05-15,Counter Sales Executive,Bengaluru,Organised Retail,45
2025-05-15,Retail Sales Assosiate,Bangalore,Retail,30
2025-06-15,Retail Sales Associate,Bengaluru (U),Retail,134
2025-06-15,Senior Store Associate,Bengaluru,Organised Retail,90
2025-06-15,Counter Sales Executive,Bangalore,Retail,45
2025-06-15,Retail Sales Assosiate,Bengaluru (U),Organised Retail,30
2025-07-15,Retail Sales Associate,Bengaluru,Organised Retail,133
2025-07-15,Store Associate,Bangalore,Retail,89
2025-07-15,Counter Sales Executive,Bengaluru (U),Organised Retail,44
2025-07-15,Retail Sales Assosiate,Bengaluru,Retail,30
2025-08-15,Retail Sales Associate,Bangalore Urban,Retail,131
2025-08-15,Senior Store Associate,Bangalore Urban,Organised Retail,87
2025-08-15,Counter Sales Executive,Bangalore Urban,Retail,43
2025-08-15,Retail Sales Assosiate,Bangalore Urban,Organised Retail,29
2025-09-15,Retail Sales Associate,Bengaluru (U),Organised Retail,128
2025-09-15,Store Associate,Bengaluru,Retail,86
2025-09-15,Counter Sales Executive,Bangalore,Organised Retail,43
2025-09-15,Retail Sales Assosiate,Bengaluru (U),Retail,28
2025-10-15,Retail Sales Associate,Bengaluru,Retail,141
2025-10-15,Senior Store Associate,Bangalore,Organised Retail,94
2025-10-15,Counter Sales Executive,Bengaluru (U),Retail,47
2025-10-15,Retail Sales Assosiate,Bengaluru,Organised Retail,32
2025-11-15,Retail Sales Associate,Bangalore,Organised Retail,140
2025-11-15,Store Associate,Bengaluru (U),Retail,93
2025-11-15,Counter Sales Executive,Bengaluru,Organised Retail,46
2025-11-15,Retail Sales Assosiate,Bangalore,Retail,31
2025-12-15,Retail Sales Associate,Bangalore Urban,Retail,139
2025-12-15,Senior Store Associate,Bangalore Urban,Organised Retail,93
2025-12-15,Counter Sales Executive,Bangalore Urban,Retail,46
2025-12-15,Retail Sales Assosiate,Bangalore Urban,Organised Retail,31
2026-01-15,Retail Sales Associate,Bengaluru,Organised Retail,135
2026-01-15,Store Associate,Bangalore,Retail,90
2026-01-15,Counter Sales Executive,Bengaluru (U),Organised Retail,45
2026-01-15,Retail Sales Assosiate,Bengaluru,Retail,30
2026-02-15,Retail Sales Associate,Bangalore Urban,Retail,137
2026-02-15,Senior Store Associate,Bangalore Urban,Organised Retail,92
2026-02-15,Counter Sales Executive,Bangalore Urban,Retail,46
2026-02-15,Retail Sales Assosiate,Bangalore Urban,Organised Retail,30
2026-03-15,Retail Sales Associate,Bengaluru (U),Organised Retail,140
2026-03-15,Store Associate,Bengaluru,Retail,93
2026-03-15,Counter Sales Executive,Bangalore,Organised Retail,47
2026-03-15,Retail Sales Assosiate,Bengaluru (U),Retail,31
2026-04-15,Retail Sales Associate,Bengaluru,Retail,143
2026-04-15,Senior Store Associate,Bangalore,Organised Retail,95
2026-04-15,Counter Sales Executive,Bengaluru (U),Retail,47
2026-04-15,Retail Sales Assosiate,Bengaluru,Organised Retail,32
2026-05-15,Retail Sales Associate,Bangalore,Organised Retail,145
2026-05-15,Store Associate,Bengaluru (U),Retail,96
2026-05-15,Counter Sales Executive,Bengaluru,Organised Retail,48
2026-05-15,Retail Sales Assosiate,Bangalore,Retail,32
2026-06-15,Retail Sales Associate,Bengaluru (U),Retail,145
2026-06-15,Senior Store Associate,Bengaluru,Organised Retail,96
2026-06-15,Counter Sales Executive,Bangalore,Retail,48
2026-06-15,Retail Sales Assosiate,Bengaluru (U),Organised Retail,32
2026-07-15,Retail Sales Associate,Bengaluru,Organised Retail,143
2026-07-15,Store Associate,Bangalore,Retail,95
2026-07-15,Counter Sales Executive,Bengaluru (U),Organised Retail,47
2026-07-15,Retail Sales Assosiate,Bengaluru,Retail,32
2026-08-15,Retail Sales Associate,Bangalore,Retail,140
2026-08-15,Senior Store Associate,Bengaluru (U),Organised Retail,94
2026-08-15,Counter Sales Executive,Bengaluru,Retail,47
2026-08-15,Retail Sales Assosiate,Bangalore,Organised Retail,31
2026-09-15,Retail Sales Associate,Bengaluru (U),Organised Retail,138
2026-09-15,Store Associate,Bengaluru,Retail,92
2026-09-15,Counter Sales Executive,Bangalore,Organised Retail,46
2026-09-15,Retail Sales Assosiate,Bengaluru (U),Retail,30
2024-10-15,Solar Technician,Bengaluru,Renewable Energy,29
2024-10-15,Senior Solar PV Installer,Bangalore,Green Jobs,19
2024-10-15,Rooftop Solar Installer,Bengaluru (U),Power,10
2024-10-15,Solar Technician - Rooftop,Bengaluru,Renewable Energy,6
2024-11-15,Solar Technician,Bangalore,Green Jobs,30
2024-11-15,Solar PV Installer,Bengaluru (U),Power,20
2024-11-15,Rooftop Solar Installer,Bengaluru,Renewable Energy,10
2024-11-15,Solar Technician - Rooftop,Bangalore,Green Jobs,6
2024-12-15,Solar Technician,Bengaluru (U),Power,30
2024-12-15,Senior Solar PV Installer,Bengaluru,Renewable Energy,20
2024-12-15,Rooftop Solar Installer,Bangalore,Green Jobs,10
2024-12-15,Solar Technician - Rooftop,Bengaluru (U),Power,7
2025-01-15,Solar Technician,Bengaluru,Renewable Energy,28
2025-01-15,Solar PV Installer,Bangalore,Green Jobs,19
2025-01-15,Rooftop Solar Installer,Bengaluru (U),Power,10
2025-01-15,Solar Technician - Rooftop,Bengaluru,Renewable Energy,6
2025-02-15,Solar Technician,Bangalore,Green Jobs,28
2025-02-15,Senior Solar PV Installer,Bengaluru (U),Power,19
2025-02-15,Rooftop Solar Installer,Bengaluru,Renewable Energy,10
2025-02-15,Solar Technician - Rooftop,Bangalore,Green Jobs,6
2025-03-15,Solar Technician,Bengaluru (U),Power,28
2025-03-15,Solar PV Installer,Bengaluru,Renewable Energy,19
2025-03-15,Rooftop Solar Installer,Bangalore,Green Jobs,10
2025-03-15,Solar Technician - Rooftop,Bengaluru (U),Power,6
2025-04-15,Solar Technician,Bengaluru,Renewable Energy,29
2025-04-15,Senior Solar PV Installer,Bangalore,Green Jobs,19
2025-04-15,Rooftop Solar Installer,Bengaluru (U),Power,10
2025-04-15,Solar Technician - Rooftop,Bengaluru,Renewable Energy,6
2025-05-15,Solar Technician,Bangalore,Green Jobs,29
2025-05-15,Solar PV Installer,Bengaluru (U),Power,20
2025-05-15,Rooftop Solar Installer,Bengaluru,Renewable Energy,10
2025-05-15,Solar Technician - Rooftop,Bangalore,Green Jobs,6
2025-06-15,Solar Technician,Bengaluru (U),Power,30
2025-06-15,Senior Solar PV Installer,Bengaluru,Renewable Energy,20
2025-06-15,Rooftop Solar Installer,Bangalore,Green Jobs,10
2025-06-15,Solar Technician - Rooftop,Bengaluru (U),Power,7
2025-07-15,Solar Technician,Bengaluru,Renewable Energy,31
2025-07-15,Solar PV Installer,Bangalore,Green Jobs,21
2025-07-15,Rooftop Solar Installer,Bengaluru (U),Power,10
2025-07-15,Solar Technician - Rooftop,Bengaluru,Renewable Energy,7
2025-08-15,Solar Technician,Bangalore Urban,Green Jobs,32
2025-08-15,Senior Solar PV Installer,Bangalore Urban,Power,21
2025-08-15,Rooftop Solar Installer,Bangalore Urban,Renewable Energy,11
2025-08-15,Solar Technician - Rooftop,Bangalore Urban,Green Jobs,7
2025-09-15,Solar Technician,Bangalore Urban,Power,34
2025-09-15,Solar PV Installer,Bangalore Urban,Renewable Energy,23
2025-09-15,Rooftop Solar Installer,Bangalore Urban,Green Jobs,11
2025-09-15,Solar Technician - Rooftop,Bangalore Urban,Power,7
2025-10-15,Solar Technician,Bengaluru,Renewable Energy,38
2025-10-15,Senior Solar PV Installer,Bangalore,Green Jobs,25
2025-10-15,Rooftop Solar Installer,Bengaluru (U),Power,13
2025-10-15,Solar Technician - Rooftop,Bengaluru,Renewable Energy,8
2025-11-15,Solar Technician,Bangalore,Green Jobs,39
2025-11-15,Solar PV Installer,Bengaluru (U),Power,26
2025-11-15,Rooftop Solar Installer,Bengaluru,Renewable Energy,13
2025-11-15,Solar Technician - Rooftop,Bangalore,Green Jobs,8
2025-12-15,Solar Technician,Bengaluru (U),Power,40
2025-12-15,Senior Solar PV Installer,Bengaluru,Renewable Energy,26
2025-12-15,Rooftop Solar Installer,Bangalore,Green Jobs,13
2025-12-15,Solar Technician - Rooftop,Bengaluru (U),Power,9
2026-01-15,Solar Technician,Bangalore Urban,Renewable Energy,41
2026-01-15,Solar PV Installer,Bangalore Urban,Green Jobs,27
2026-01-15,Rooftop Solar Installer,Bangalore Urban,Power,13
2026-01-15,Solar Technician - Rooftop,Bangalore Urban,Renewable Energy,9
2026-02-15,Solar Technician,Bangalore,Green Jobs,41
2026-02-15,Senior Solar PV Installer,Bengaluru (U),Power,27
2026-02-15,Rooftop Solar Installer,Bengaluru,Renewable Energy,13
2026-02-15,Solar Technician - Rooftop,Bangalore,Green Jobs,9
2026-03-15,Solar Technician,Bengaluru (U),Power,41
2026-03-15,Solar PV Installer,Bengaluru,Renewable Energy,27
2026-03-15,Rooftop Solar Installer,Bangalore,Green Jobs,13
2026-03-15,Solar Technician - Rooftop,Bengaluru (U),Power,9
2026-04-15,Solar Technician,Bengaluru,Renewable Energy,41
2026-04-15,Senior Solar PV Installer,Bangalore,Green Jobs,27
2026-04-15,Rooftop Solar Installer,Bengaluru (U),Power,13
2026-04-15,Solar Technician - Rooftop,Bengaluru,Renewable Energy,9
2026-05-15,Solar Technician,Bangalore,Green Jobs,41
2026-05-15,Solar PV Installer,Bengaluru (U),Power,28
2026-05-15,Rooftop Solar Installer,Bengaluru,Renewable Energy,14
2026-05-15,Solar Technician - Rooftop,Bangalore,Green Jobs,9
2026-06-15,Solar Technician,Bengaluru (U),Power,42
2026-06-15,Senior Solar PV Installer,Bengaluru,Renewable Energy,28
2026-06-15,Rooftop Solar Installer,Bangalore,Green Jobs,14
2026-06-15,Solar Technician - Rooftop,Bengaluru (U),Power,10
2026-07-15,Solar Technician,Bengaluru,Renewable Energy,44
2026-07-15,Solar PV Installer,Bangalore,Green Jobs,29
2026-07-15,Rooftop Solar Installer,Bengaluru (U),Power,14
2026-07-15,Solar Technician - Rooftop,Bengaluru,Renewable Energy,10
2026-08-15,Solar Technician,Bangalore Urban,Green Jobs,46
2026-08-15,Senior Solar PV Installer,Bangalore Urban,Power,31
2026-08-15,Rooftop Solar Installer,Bangalore Urban,Renewable Energy,16
2026-08-15,Solar Technician - Rooftop,Bangalore Urban,Green Jobs,10
2026-09-15,Solar Technician,Bangalore Urban,Power,48
2026-09-15,Solar PV Installer,Bangalore Urban,Renewable Energy,32
2026-09-15,Rooftop Solar Installer,Bangalore Urban,Green Jobs,16
2026-09-15,Solar Technician - Rooftop,Bangalore Urban,Power,11
2024-10-15,Wind Turbine Technician,Bengaluru,Renewable Energy,14
2024-10-15,Senior Wind Technician,Bangalore,Green Jobs,9
2024-10-15,WTG Technician,Bengaluru (U),Power,5
2024-10-15,Wind Turbine Technician (O&M),Bengaluru,Renewable Energy,3
2024-11-15,Wind Turbine Technician,Bangalore,Green Jobs,14
2024-11-15,Wind Technician,Bengaluru (U),Power,9
2024-11-15,WTG Technician,Bengaluru,Renewable Energy,5
2024-11-15,Wind Turbine Technician (O&M),Bangalore,Green Jobs,3
2024-12-15,Wind Turbine Technician,Bengaluru (U),Power,14
2024-12-15,Senior Wind Technician,Bengaluru,Renewable Energy,9
2024-12-15,WTG Technician,Bangalore,Green Jobs,5
2024-12-15,Wind Turbine Technician (O&M),Bengaluru (U),Power,3
2025-01-15,Wind Turbine Technician,Bengaluru,Renewable Energy,14
2025-01-15,Wind Technician,Bangalore,Green Jobs,9
2025-01-15,WTG Technician,Bengaluru (U),Power,5
2025-01-15,Wind Turbine Technician (O&M),Bengaluru,Renewable Energy,3
2025-02-15,Wind Turbine Technician,Bangalore,Green Jobs,14
2025-02-15,Senior Wind Technician,Bengaluru (U),Power,9
2025-02-15,WTG Technician,Bengaluru,Renewable Energy,5
2025-02-15,Wind Turbine Technician (O&M),Bangalore,Green Jobs,3
2025-03-15,Wind Turbine Technician,Bengaluru (U),Power,14
2025-03-15,Wind Technician,Bengaluru,Renewable Energy,10
2025-03-15,WTG Technician,Bangalore,Green Jobs,5
2025-03-15,Wind Turbine Technician (O&M),Bengaluru (U),Power,3
2025-04-15,Wind Turbine Technician,Bengaluru,Renewable Energy,15
2025-04-15,Senior Wind Technician,Bangalore,Green Jobs,10
2025-04-15,WTG Technician,Bengaluru (U),Power,5
2025-04-15,Wind Turbine Technician (O&M),Bengaluru,Renewable Energy,4
2025-05-15,Wind Turbine Technician,Bangalore,Green Jobs,15
2025-05-15,Wind Technician,Bengaluru (U),Power,10
2025-05-15,WTG Technician,Bengaluru,Renewable Energy,5
2025-05-15,Wind Turbine Technician (O&M),Bangalore,Green Jobs,4
2025-06-15,Wind Turbine Technician,Bengaluru (U),Power,16
2025-06-15,Senior Wind Technician,Bengaluru,Renewable Energy,11
2025-06-15,WTG Technician,Bangalore,Green Jobs,5
2025-06-15,Wind Turbine Technician (O&M),Bengaluru (U),Power,3
2025-07-15,Wind Turbine Technician,Bengaluru,Renewable Energy,16
2025-07-15,Wind Technician,Bangalore,Green Jobs,11
2025-07-15,WTG Technician,Bengaluru (U),Power,5
2025-07-15,Wind Turbine Technician (O&M),Bengaluru,Renewable Energy,3
2025-08-15,Wind Turbine Technician,Bangalore,Green Jobs,16
2025-08-15,Senior Wind Technician,Bengaluru (U),Power,11
2025-08-15,WTG Technician,Bengaluru,Renewable Energy,5
2025-08-15,Wind Turbine Technician (O&M),Bangalore,Green Jobs,3
2025-09-15,Wind Turbine Technician,Bangalore Urban,Power,16
2025-09-15,Wind Technician,Bangalore Urban,Renewable Energy,11
2025-09-15,WTG Technician,Bangalore Urban,Green Jobs,5
2025-09-15,Wind Turbine Technician (O&M),Bangalore Urban,Power,3
2025-10-15,Wind Turbine Technician,Bengaluru,Renewable Energy,16
2025-10-15,Senior Wind Technician,Bangalore,Green Jobs,11
2025-10-15,WTG Technician,Bengaluru (U),Power,5
2025-10-15,Wind Turbine Technician (O&M),Bengaluru,Renewable Energy,3
2025-11-15,Wind Turbine Technician,Bangalore,Green Jobs,15
2025-11-15,Wind Technician,Bengaluru (U),Power,10
2025-11-15,WTG Technician,Bengaluru,Renewable Energy,5
2025-11-15,Wind Turbine Technician (O&M),Bangalore,Green Jobs,4
2025-12-15,Wind Turbine Technician,Bengaluru (U),Power,15
2025-12-15,Senior Wind Technician,Bengaluru,Renewable Energy,10
2025-12-15,WTG Technician,Bangalore,Green Jobs,5
2025-12-15,Wind Turbine Technician (O&M),Bengaluru (U),Power,4
2026-01-15,Wind Turbine Technician,Bangalore Urban,Renewable Energy,14
2026-01-15,Wind Technician,Bangalore Urban,Green Jobs,9
2026-01-15,WTG Technician,Bangalore Urban,Power,4
2026-01-15,Wind Turbine Technician (O&M),Bangalore Urban,Renewable Energy,3
2026-02-15,Wind Turbine Technician,Bangalore,Green Jobs,14
2026-02-15,Senior Wind Technician,Bengaluru (U),Power,9
2026-02-15,WTG Technician,Bengaluru,Renewable Energy,5
2026-02-15,Wind Turbine Technician (O&M),Bangalore,Green Jobs,3
2026-03-15,Wind Turbine Technician,Bengaluru (U),Power,14
2026-03-15,Wind Technician,Bengaluru,Renewable Energy,10
2026-03-15,WTG Technician,Bangalore,Green Jobs,5
2026-03-15,Wind Turbine Technician (O&M),Bengaluru (U),Power,3
2026-04-15,Wind Turbine Technician,Bengaluru,Renewable Energy,15
2026-04-15,Senior Wind Technician,Bangalore,Green Jobs,10
2026-04-15,WTG Technician,Bengaluru (U),Power,5
2026-04-15,Wind Turbine Technician (O&M),Bengaluru,Renewable Energy,3
2026-05-15,Wind Turbine Technician,Bangalore,Green Jobs,15
2026-05-15,Wind Technician,Bengaluru (U),Power,10
2026-05-15,WTG Technician,Bengaluru,Renewable Energy,5
2026-05-15,Wind Turbine Technician (O&M),Bangalore,Green Jobs,4
2026-06-15,Wind Turbine Technician,Bengaluru (U),Power,15
2026-06-15,Senior Wind Technician,Bengaluru,Renewable Energy,10
2026-06-15,WTG Technician,Bangalore,Green Jobs,5
2026-06-15,Wind Turbine Technician (O&M),Bengaluru (U),Power,4
2026-07-15,Wind Turbine Technician,Bengaluru,Renewable Energy,15
2026-07-15,Wind Technician,Bangalore,Green Jobs,10
2026-07-15,WTG Technician,Bengaluru (U),Power,5
2026-07-15,Wind Turbine Technician (O&M),Bengaluru,Renewable Energy,4
2026-08-15,Wind Turbine Technician,Bangalore Urban,Green Jobs,15
2026-08-15,Senior Wind Technician,Bangalore Urban,Power,10
2026-08-15,WTG Technician,Bangalore Urban,Renewable Energy,5
2026-08-15,Wind Turbine Technician (O&M),Bangalore Urban,Green Jobs,4
2026-09-15,Wind Turbine Technician,Bengaluru (U),Power,15
2026-09-15,Wind Technician,Bengaluru,Renewable Energy,10
2026-09-15,WTG Technician,Bangalore,Green Jobs,5
2026-09-15,Wind Turbine Technician (O&M),Bengaluru (U),Power,4
2024-10-15,Software Developer,Mysuru,IT & Digital,44
2024-10-15,Senior Software Engineer,Mysore,IT/ITES,30
2024-10-15,Full Stack Developer,Mysore District,Information Technology,15
2024-10-15,Java Developer,Mysuru,IT & Digital,10
2024-11-15,Software Developer,Mysore,IT/ITES,46
2024-11-15,Software Engineer,Mysore District,Information Technology,30
2024-11-15,Full Stack Developer,Mysuru,IT & Digital,15
2024-11-15,Java Developer,Mysore,IT/ITES,10
2024-12-15,Software Developer,Mysore District,Information Technology,46
2024-12-15,Senior Software Engineer,Mysuru,IT & Digital,30
2024-12-15,Full Stack Developer,Mysore,IT/ITES,15
2024-12-15,Java Developer,Mysore District,Information Technology,10
2025-01-15,Software Developer,Mysuru,IT & Digital,46
2025-01-15,Software Engineer,Mysore,IT/ITES,31
2025-01-15,Full Stack Developer,Mysore District,Information Technology,16
2025-01-15,Java Developer,Mysuru,IT & Digital,10
2025-02-15,Software Developer,Mysore,IT/ITES,46
2025-02-15,Senior Software Engineer,Mysore District,Information Technology,31
2025-02-15,Full Stack Developer,Mysuru,IT & Digital,15
2025-02-15,Java Developer,Mysore,IT/ITES,10
2025-03-15,Software Developer,Mysore District,Information Technology,45
2025-03-15,Software Engineer,Mysuru,IT & Digital,30
2025-03-15,Full Stack Developer,Mysore,IT/ITES,15
2025-03-15,Java Developer,Mysore District,Information Technology,10
2025-04-15,Software Developer,Mysuru,IT & Digital,45
2025-04-15,Senior Software Engineer,Mysore,IT/ITES,30
2025-04-15,Full Stack Developer,Mysore District,Information Technology,15
2025-04-15,Java Developer,Mysuru,IT & Digital,10
2025-05-15,Software Developer,Mysore,IT/ITES,45
2025-05-15,Software Engineer,Mysore District,Information Technology,30
2025-05-15,Full Stack Developer,Mysuru,IT & Digital,15
2025-05-15,Java Developer,Mysore,IT/ITES,10
2025-06-15,Software Developer,Mysore District,Information Technology,46
2025-06-15,Senior Software Engineer,Mysuru,IT & Digital,31
2025-06-15,Full Stack Developer,Mysore,IT/ITES,15
2025-06-15,Java Developer,Mysore District,Information Technology,10
2025-07-15,Software Developer,Mysuru,IT & Digital,47
2025-07-15,Software Engineer,Mysore,IT/ITES,32
2025-07-15,Full Stack Developer,Mysore District,Information Technology,16
2025-07-15,Java Developer,Mysuru,IT & Digital,10
2025-08-15,Software Developer,Mysore,IT/ITES,49
2025-08-15,Senior Software Engineer,Mysore District,Information Technology,32
2025-08-15,Full Stack Developer,Mysuru,IT & Digital,16
2025-08-15,Java Developer,Mysore,IT/ITES,11
2025-09-15,Software Developer,Mysore District,Information Technology,50
2025-09-15,Software Engineer,Mysuru,IT & Digital,33
2025-09-15,Full Stack Developer,Mysore,IT/ITES,17
2025-09-15,Java Developer,Mysore District,Information Technology,11
2025-10-15,Software Developer,Mysooru,IT & Digital,47
2025-10-15,Senior Software Engineer,Mysooru,IT/ITES,31
2025-10-15,Full Stack Developer,Mysooru,Information Technology,16
2025-10-15,Java Developer,Mysooru,IT & Digital,10
2025-11-15,Software Developer,Mysore,IT/ITES,48
2025-11-15,Software Engineer,Mysore District,Information Technology,32
2025-11-15,Full Stack Developer,Mysuru,IT & Digital,16
2025-11-15,Java Developer,Mysore,IT/ITES,10
2025-12-15,Software Developer,Mysore District,Information Technology,48
2025-12-15,Senior Software Engineer,Mysuru,IT & Digital,32
2025-12-15,Full Stack Developer,Mysore,IT/ITES,16
2025-12-15,Java Developer,Mysore District,Information Technology,10
2026-01-15,Software Developer,Mysuru,IT & Digital,51
2026-01-15,Software Engineer,Mysore,IT/ITES,34
2026-01-15,Full Stack Developer,Mysore District,Information Technology,17
2026-01-15,Java Developer,Mysuru,IT & Digital,12
2026-02-15,Software Developer,Mysooru,IT/ITES,51
2026-02-15,Senior Software Engineer,Mysooru,Information Technology,34
2026-02-15,Full Stack Developer,Mysooru,IT & Digital,17
2026-02-15,Java Developer,Mysooru,IT/ITES,12
2026-03-15,Software Developer,Mysore District,Information Technology,50
2026-03-15,Software Engineer,Mysuru,IT & Digital,34
2026-03-15,Full Stack Developer,Mysore,IT/ITES,17
2026-03-15,Java Developer,Mysore District,Information Technology,11
2026-04-15,Software Developer,Mysuru,IT & Digital,50
2026-04-15,Senior Software Engineer,Mysore,IT/ITES,34
2026-04-15,Full Stack Developer,Mysore District,Information Technology,17
2026-04-15,Java Developer,Mysuru,IT & Digital,11
2026-05-15,Software Developer,Mysore,IT/ITES,50
2026-05-15,Software Engineer,Mysore District,Information Technology,34
2026-05-15,Full Stack Developer,Mysuru,IT & Digital,17
2026-05-15,Java Developer,Mysore,IT/ITES,11
2026-06-15,Software Developer,Mysore District,Information Technology,51
2026-06-15,Senior Software Engineer,Mysuru,IT & Digital,34
2026-06-15,Full Stack Developer,Mysore,IT/ITES,17
2026-06-15,Java Developer,Mysore District,Information Technology,12
2026-07-15,Software Developer,Mysuru,IT & Digital,52
2026-07-15,Software Engineer,Mysore,IT/ITES,35
2026-07-15,Full Stack Developer,Mysore District,Information Technology,17
2026-07-15,Java Developer,Mysuru,IT & Digital,12
2026-08-15,Software Developer,Mysore,IT/ITES,54
2026-08-15,Senior Software Engineer,Mysore District,Information Technology,36
2026-08-15,Full Stack Developer,Mysuru,IT & Digital,18
2026-08-15,Java Developer,Mysore,IT/ITES,12
2026-09-15,Software Developer,Mysore District,Information Technology,55
2026-09-15,Software Engineer,Mysuru,IT & Digital,37
2026-09-15,Full Stack Developer,Mysore,IT/ITES,19
2026-09-15,Java Developer,Mysore District,Information Technology,12
2024-10-15,Data Entry Operator,Mysuru,IT & Digital,16
2024-10-15,Senior Back Office Executive,Mysore,IT/ITES,11
2024-10-15,Computer Operator,Mysore District,Information Technology,5
2024-10-15,Data Entry Opertor,Mysuru,IT & Digital,4
2024-11-15,Data Entry Operator,Mysore,IT/ITES,16
2024-11-15,Back Office Executive,Mysore District,Information Technology,11
2024-11-15,Computer Operator,Mysuru,IT & Digital,5
2024-11-15,Data Entry Opertor,Mysore,IT/ITES,4
2024-12-15,Data Entry Operator,Mysore District,Information Technology,16
2024-12-15,Senior Back Office Executive,Mysuru,IT & Digital,11
2024-12-15,Computer Operator,Mysore,IT/ITES,5
2024-12-15,Data Entry Opertor,Mysore District,Information Technology,3
2025-01-15,Data Entry Operator,Mysuru,IT & Digital,15
2025-01-15,Back Office Executive,Mysore,IT/ITES,10
2025-01-15,Computer Operator,Mysore District,Information Technology,5
2025-01-15,Data Entry Opertor,Mysuru,IT & Digital,4
2025-02-15,Data Entry Operator,Mysore,IT/ITES,15
2025-02-15,Senior Back Office Executive,Mysore District,Information Technology,10
2025-02-15,Computer Operator,Mysuru,IT & Digital,5
2025-02-15,Data Entry Opertor,Mysore,IT/ITES,3
2025-03-15,Data Entry Operator,Mysore District,Information Technology,14
2025-03-15,Back Office Executive,Mysuru,IT & Digital,10
2025-03-15,Computer Operator,Mysore,IT/ITES,5
2025-03-15,Data Entry Opertor,Mysore District,Information Technology,3
2025-04-15,Data Entry Operator,Mysuru,IT & Digital,14
2025-04-15,Senior Back Office Executive,Mysore,IT/ITES,9
2025-04-15,Computer Operator,Mysore District,Information Technology,5
2025-04-15,Data Entry Opertor,Mysuru,IT & Digital,3
2025-05-15,Data Entry Operator,Mysore,IT/ITES,14
2025-05-15,Back Office Executive,Mysore District,Information Technology,9
2025-05-15,Computer Operator,Mysuru,IT & Digital,5
2025-05-15,Data Entry Opertor,Mysore,IT/ITES,3
2025-06-15,Data Entry Operator,Mysore District,Information Technology,14
2025-06-15,Senior Back Office Executive,Mysuru,IT & Digital,9
2025-06-15,Computer Operator,Mysore,IT/ITES,4
2025-06-15,Data Entry Opertor,Mysore District,Information Technology,3
2025-07-15,Data Entry Operator,Mysuru,IT & Digital,14
2025-07-15,Back Office Executive,Mysore,IT/ITES,9
2025-07-15,Computer Operator,Mysore District,Information Technology,5
2025-07-15,Data Entry Opertor,Mysuru,IT & Digital,3
2025-08-15,Data Entry Operator,Mysore,IT/ITES,14
2025-08-15,Senior Back Office Executive,Mysore District,Information Technology,9
2025-08-15,Computer Operator,Mysuru,IT & Digital,5
2025-08-15,Data Entry Opertor,Mysore,IT/ITES,3
2025-09-15,Data Entry Operator,Mysore District,Information Technology,14
2025-09-15,Back Office Executive,Mysuru,IT & Digital,9
2025-09-15,Computer Operator,Mysore,IT/ITES,5
2025-09-15,Data Entry Opertor,Mysore District,Information Technology,3
2025-10-15,Data Entry Operator,Mysuru,IT & Digital,12
2025-10-15,Senior Back Office Executive,Mysore,IT/ITES,8
2025-10-15,Computer Operator,Mysore District,Information Technology,4
2025-10-15,Data Entry Opertor,Mysuru,IT & Digital,3
2025-11-15,Data Entry Operator,Mysore,IT/ITES,12
2025-11-15,Back Office Executive,Mysore District,Information Technology,8
2025-11-15,Computer Operator,Mysuru,IT & Digital,4
2025-11-15,Data Entry Opertor,Mysore,IT/ITES,3
2025-12-15,Data Entry Operator,Mysore District,Information Technology,12
2025-12-15,Senior Back Office Executive,Mysuru,IT & Digital,8
2025-12-15,Computer Operator,Mysore,IT/ITES,4
2025-12-15,Data Entry Opertor,Mysore District,Information Technology,3
2026-01-15,Data Entry Operator,Mysuru,IT & Digital,13
2026-01-15,Back Office Executive,Mysore,IT/ITES,9
2026-01-15,Computer Operator,Mysore District,Information Technology,4
2026-01-15,Data Entry Opertor,Mysuru,IT & Digital,3
2026-02-15,Data Entry Operator,Mysore,IT/ITES,13
2026-02-15,Senior Back Office Executive,Mysore District,Information Technology,8
2026-02-15,Computer Operator,Mysuru,IT & Digital,4
2026-02-15,Data Entry Opertor,Mysore,IT/ITES,3
2026-03-15,Data Entry Operator,Mysore District,Information Technology,12
2026-03-15,Back Office Executive,Mysuru,IT & Digital,8
2026-03-15,Computer Operator,Mysore,IT/ITES,4
2026-03-15,Data Entry Opertor,Mysore District,Information Technology,3
2026-04-15,Data Entry Operator,Mysuru,IT & Digital,12
2026-04-15,Senior Back Office Executive,Mysore,IT/ITES,8
2026-04-15,Computer Operator,Mysore District,Information Technology,4
2026-04-15,Data Entry Opertor,Mysuru,IT & Digital,3
2026-05-15,Data Entry Operator,Mysore,IT/ITES,12
2026-05-15,Back Office Executive,Mysore District,Information Technology,8
2026-05-15,Computer Operator,Mysuru,IT & Digital,4
2026-05-15,Data Entry Opertor,Mysore,IT/ITES,2
2026-06-15,Data Entry Operator,Mysore District,Information Technology,12
2026-06-15,Senior Back Office Executive,Mysuru,IT & Digital,8
2026-06-15,Computer Operator,Mysore,IT/ITES,4
2026-06-15,Data Entry Opertor,Mysore District,Information Technology,2
2026-07-15,Data Entry Operator,Mysuru,IT & Digital,12
2026-07-15,Back Office Executive,Mysore,IT/ITES,8
2026-07-15,Computer Operator,Mysore District,Information Technology,4
2026-07-15,Data Entry Opertor,Mysuru,IT & Digital,2
2026-08-15,Data Entry Operator,Mysore,IT/ITES,12
2026-08-15,Senior Back Office Executive,Mysore District,Information Technology,8
2026-08-15,Computer Operator,Mysuru,IT & Digital,4
2026-08-15,Data Entry Opertor,Mysore,IT/ITES,3
2026-09-15,Data Entry Operator,Mysooru,Information Technology,12
2026-09-15,Back Office Executive,Mysooru,IT & Digital,8
2026-09-15,Computer Operator,Mysooru,IT/ITES,4
2026-09-15,Data Entry Opertor,Mysooru,Information Technology,3
2024-10-15,Digital Marketing Executive,Mysuru,IT & Digital,7
2024-10-15,Senior SEO Executive,Mysore,IT/ITES,5
2024-10-15,Social Media Executive,Mysore District,Information Technology,2
2024-10-15,Performance Marketing Associate,Mysuru,IT & Digital,1
2024-11-15,Digital Marketing Executive,Mysore,IT/ITES,7
2024-11-15,SEO Executive,Mysore District,Information Technology,5
2024-11-15,Social Media Executive,Mysuru,IT & Digital,2
2024-11-15,Performance Marketing Associate,Mysore,IT/ITES,1
2024-12-15,Digital Marketing Executive,Mysore District,Information Technology,7
2024-12-15,Senior SEO Executive,Mysuru,IT & Digital,5
2024-12-15,Social Media Executive,Mysore,IT/ITES,2
2024-12-15,Performance Marketing Associate,Mysore District,Information Technology,2
2025-01-15,Digital Marketing Executive,Mysooru,IT & Digital,7
2025-01-15,SEO Executive,Mysooru,IT/ITES,5
2025-01-15,Social Media Executive,Mysooru,Information Technology,2
2025-01-15,Performance Marketing Associate,Mysooru,IT & Digital,1
2025-02-15,Digital Marketing Executive,Mysore,IT/ITES,7
2025-02-15,Senior SEO Executive,Mysore District,Information Technology,5
2025-02-15,Social Media Executive,Mysuru,IT & Digital,2
2025-02-15,Performance Marketing Associate,Mysore,IT/ITES,1
2025-03-15,Digital Marketing Executive,Mysore District,Information Technology,7
2025-03-15,SEO Executive,Mysuru,IT & Digital,5
2025-03-15,Social Media Executive,Mysore,IT/ITES,2
2025-03-15,Performance Marketing Associate,Mysore District,Information Technology,2
2025-04-15,Digital Marketing Executive,Mysuru,IT & Digital,8
2025-04-15,Senior SEO Executive,Mysore,IT/ITES,5
2025-04-15,Social Media Executive,Mysore District,Information Technology,2
2025-04-15,Performance Marketing Associate,Mysuru,IT & Digital,2
2025-05-15,Digital Marketing Executive,Mysore,IT/ITES,8
2025-05-15,SEO Executive,Mysore District,Information Technology,5
2025-05-15,Social Media Executive,Mysuru,IT & Digital,2
2025-05-15,Performance Marketing Associate,Mysore,IT/ITES,2
2025-06-15,Digital Marketing Executive,Mysooru,Information Technology,8
2025-06-15,Senior SEO Executive,Mysooru,IT & Digital,5
2025-06-15,Social Media Executive,Mysooru,IT/ITES,3
2025-06-15,Performance Marketing Associate,Mysooru,Information Technology,2
2025-07-15,Digital Marketing Executive,Mysooru,IT & Digital,8
2025-07-15,SEO Executive,Mysooru,IT/ITES,5
2025-07-15,Social Media Executive,Mysooru,Information Technology,3
2025-07-15,Performance Marketing Associate,Mysooru,IT & Digital,2
2025-08-15,Digital Marketing Executive,Mysore,IT/ITES,8
2025-08-15,Senior SEO Executive,Mysore District,Information Technology,5
2025-08-15,Social Media Executive,Mysuru,IT & Digital,3
2025-08-15,Performance Marketing Associate,Mysore,IT/ITES,2
2025-09-15,Digital Marketing Executive,Mysore District,Information Technology,8
2025-09-15,SEO Executive,Mysuru,IT & Digital,5
2025-09-15,Social Media Executive,Mysore,IT/ITES,3
2025-09-15,Performance Marketing Associate,Mysore District,Information Technology,2
2025-10-15,Digital Marketing Executive,Mysuru,IT & Digital,8
2025-10-15,Senior SEO Executive,Mysore,IT/ITES,6
2025-10-15,Social Media Executive,Mysore District,Information Technology,3
2025-10-15,Performance Marketing Associate,Mysuru,IT & Digital,2
2025-11-15,Digital Marketing Executive,Mysore,IT/ITES,8
2025-11-15,SEO Executive,Mysore District,Information Technology,5
2025-11-15,Social Media Executive,Mysuru,IT & Digital,3
2025-11-15,Performance Marketing Associate,Mysore,IT/ITES,2
2025-12-15,Digital Marketing Executive,Mysore District,Information Technology,8
2025-12-15,Senior SEO Executive,Mysuru,IT & Digital,6
2025-12-15,Social Media Executive,Mysore,IT/ITES,3
2025-12-15,Performance Marketing Associate,Mysore District,Information Technology,2
2026-01-15,Digital Marketing Executive,Mysuru,IT & Digital,9
2026-01-15,SEO Executive,Mysore,IT/ITES,6
2026-01-15,Social Media Executive,Mysore District,Information Technology,3
2026-01-15,Performance Marketing Associate,Mysuru,IT & Digital,2
2026-02-15,Digital Marketing Executive,Mysore,IT/ITES,10
2026-02-15,Senior SEO Executive,Mysore District,Information Technology,6
2026-02-15,Social Media Executive,Mysuru,IT & Digital,3
2026-02-15,Performance Marketing Associate,Mysore,IT/ITES,2
2026-03-15,Digital Marketing Executive,Mysore District,Information Technology,10
2026-03-15,SEO Executive,Mysuru,IT & Digital,7
2026-03-15,Social Media Executive,Mysore,IT/ITES,3
2026-03-15,Performance Marketing Associate,Mysore District,Information Technology,2
2026-04-15,Digital Marketing Executive,Mysuru,IT & Digital,10
2026-04-15,Senior SEO Executive,Mysore,IT/ITES,7
2026-04-15,Social Media Executive,Mysore District,Information Technology,4
2026-04-15,Performance Marketing Associate,Mysuru,IT & Digital,2
2026-05-15,Digital Marketing Executive,Mysore,IT/ITES,11
2026-05-15,SEO Executive,Mysore District,Information Technology,7
2026-05-15,Social Media Executive,Mysuru,IT & Digital,4
2026-05-15,Performance Marketing Associate,Mysore,IT/ITES,2
2026-06-15,Digital Marketing Executive,Mysore District,Information Technology,11
2026-06-15,Senior SEO Executive,Mysuru,IT & Digital,7
2026-06-15,Social Media Executive,Mysore,IT/ITES,4
2026-06-15,Performance Marketing Associate,Mysore District,Information Technology,2
2026-07-15,Digital Marketing Executive,Mysuru,IT & Digital,11
2026-07-15,SEO Executive,Mysore,IT/ITES,8
2026-07-15,Social Media Executive,Mysore District,Information Technology,4
2026-07-15,Performance Marketing Associate,Mysuru,IT & Digital,2
2026-08-15,Digital Marketing Executive,Mysore,IT/ITES,11
2026-08-15,Senior SEO Executive,Mysore District,Information Technology,8
2026-08-15,Social Media Executive,Mysuru,IT & Digital,4
2026-08-15,Performance Marketing Associate,Mysore,IT/ITES,2
2026-09-15,Digital Marketing Executive,Mysore District,Information Technology,11
2026-09-15,SEO Executive,Mysuru,IT & Digital,8
2026-09-15,Social Media Executive,Mysore,IT/ITES,4
2026-09-15,Performance Marketing Associate,Mysore District,Information Technology,2
2024-10-15,General Duty Assistant,Mysooru,Healthcare,23
2024-10-15,Senior Patient Care Assistant,Mysooru,Hospitals,15
2024-10-15,Nursing Assistant,Mysooru,Healthcare,8
2024-10-15,Hospital Attendant,Mysooru,Hospitals,5
2024-11-15,General Duty Assistant,Mysore,Hospitals,23
2024-11-15,Patient Care Assistant,Mysore District,Healthcare,15
2024-11-15,Nursing Assistant,Mysuru,Hospitals,7
2024-11-15,Hospital Attendant,Mysore,Healthcare,5
2024-12-15,General Duty Assistant,Mysore District,Healthcare,23
2024-12-15,Senior Patient Care Assistant,Mysuru,Hospitals,15
2024-12-15,Nursing Assistant,Mysore,Healthcare,7
2024-12-15,Hospital Attendant,Mysore District,Hospitals,5
2025-01-15,General Duty Assistant,Mysuru,Hospitals,23
2025-01-15,Patient Care Assistant,Mysore,Healthcare,15
2025-01-15,Nursing Assistant,Mysore District,Hospitals,7
2025-01-15,Hospital Attendant,Mysuru,Healthcare,5
2025-02-15,General Duty Assistant,Mysore,Healthcare,23
2025-02-15,Senior Patient Care Assistant,Mysore District,Hospitals,15
2025-02-15,Nursing Assistant,Mysuru,Healthcare,8
2025-02-15,Hospital Attendant,Mysore,Hospitals,5
2025-03-15,General Duty Assistant,Mysore District,Hospitals,23
2025-03-15,Patient Care Assistant,Mysuru,Healthcare,16
2025-03-15,Nursing Assistant,Mysore,Hospitals,8
2025-03-15,Hospital Attendant,Mysore District,Healthcare,5
2025-04-15,General Duty Assistant,Mysuru,Healthcare,24
2025-04-15,Senior Patient Care Assistant,Mysore,Hospitals,16
2025-04-15,Nursing Assistant,Mysooru,Healthcare,8
2025-04-15,Hospital Attendant,Mysooru,Hospitals,5
2025-05-15,General Duty Assistant,Mysore,Hospitals,24
2025-05-15,Patient Care Assistant,Mysore District,Healthcare,16
2025-05-15,Nursing Assistant,Mysuru,Hospitals,8
2025-05-15,Hospital Attendant,Mysore,Healthcare,6
2025-06-15,General Duty Assistant,Mysore District,Healthcare,25
2025-06-15,Senior Patient Care Assistant,Mysuru,Hospitals,17
2025-06-15,Nursing Assistant,Mysore,Healthcare,8
2025-06-15,Hospital Attendant,Mysore District,Hospitals,5
2025-07-15,General Duty Assistant,Mysuru,Hospitals,25
2025-07-15,Patient Care Assistant,Mysore,Healthcare,17
2025-07-15,Nursing Assistant,Mysore District,Hospitals,8
2025-07-15,Hospital Attendant,Mysuru,Healthcare,6
2025-08-15,General Duty Assistant,Mysore,Healthcare,26
2025-08-15,Senior Patient Care Assistant,Mysore District,Hospitals,17
2025-08-15,Nursing Assistant,Mysuru,Healthcare,8
2025-08-15,Hospital Attendant,Mysore,Hospitals,6
2025-09-15,General Duty Assistant,Mysore District,Hospitals,25
2025-09-15,Patient Care Assistant,Mysooru,Healthcare,17
2025-09-15,Nursing Assistant,Mysore,Hospitals,8
2025-09-15,Hospital Attendant,Mysore District,Healthcare,6
2025-10-15,General Duty Assistant,Mysuru,Healthcare,25
2025-10-15,Senior Patient Care Assistant,Mysore,Hospitals,17
2025-10-15,Nursing Assistant,Mysore District,Healthcare,8
2025-10-15,Hospital Attendant,Mysuru,Hospitals,5
2025-11-15,General Duty Assistant,Mysore,Hospitals,24
2025-11-15,Patient Care Assistant,Mysore District,Healthcare,16
2025-11-15,Nursing Assistant,Mysuru,Hospitals,8
2025-11-15,Hospital Attendant,Mysore,Healthcare,6
2025-12-15,General Duty Assistant,Mysore District,Healthcare,24
2025-12-15,Senior Patient Care Assistant,Mysuru,Hospitals,16
2025-12-15,Nursing Assistant,Mysore,Healthcare,8
2025-12-15,Hospital Attendant,Mysore District,Hospitals,5
2026-01-15,General Duty Assistant,Mysuru,Hospitals,22
2026-01-15,Patient Care Assistant,Mysore,Healthcare,14
2026-01-15,Nursing Assistant,Mysore District,Hospitals,7
2026-01-15,Hospital Attendant,Mysuru,Healthcare,5
2026-02-15,General Duty Assistant,Mysore,Healthcare,22
2026-02-15,Senior Patient Care Assistant,Mysore District,Hospitals,14
2026-02-15,Nursing Assistant,Mysuru,Healthcare,7
2026-02-15,Hospital Attendant,Mysore,Hospitals,5
2026-03-15,General Duty Assistant,Mysore District,Hospitals,22
2026-03-15,Patient Care Assistant,Mysuru,Healthcare,15
2026-03-15,Nursing Assistant,Mysore,Hospitals,7
2026-03-15,Hospital Attendant,Mysore District,Healthcare,5
2026-04-15,General Duty Assistant,Mysuru,Healthcare,23
2026-04-15,Senior Patient Care Assistant,Mysore,Hospitals,15
2026-04-15,Nursing Assistant,Mysore District,Healthcare,7
2026-04-15,Hospital Attendant,Mysuru,Hospitals,5
2026-05-15,General Duty Assistant,Mysore,Hospitals,23
2026-05-15,Patient Care Assistant,Mysore District,Healthcare,15
2026-05-15,Nursing Assistant,Mysuru,Hospitals,8
2026-05-15,Hospital Attendant,Mysore,Healthcare,5
2026-06-15,General Duty Assistant,Mysore District,Healthcare,23
2026-06-15,Senior Patient Care Assistant,Mysuru,Hospitals,16
2026-06-15,Nursing Assistant,Mysore,Healthcare,8
2026-06-15,Hospital Attendant,Mysore District,Hospitals,5
2026-07-15,General Duty Assistant,Mysooru,Hospitals,24
2026-07-15,Patient Care Assistant,Mysooru,Healthcare,16
2026-07-15,Nursing Assistant,Mysooru,Hospitals,8
2026-07-15,Hospital Attendant,Mysooru,Healthcare,5
2026-08-15,General Duty Assistant,Mysooru,Healthcare,24
2026-08-15,Senior Patient Care Assistant,Mysooru,Hospitals,16
2026-08-15,Nursing Assistant,Mysooru,Healthcare,8
2026-08-15,Hospital Attendant,Mysooru,Hospitals,5
2026-09-15,General Duty Assistant,Mysore District,Hospitals,24
2026-09-15,Patient Care Assistant,Mysuru,Healthcare,16
2026-09-15,Nursing Assistant,Mysore,Hospitals,8
2026-09-15,Hospital Attendant,Mysore District,Healthcare,5
2026-08-15,Phlebotomist,Mysore,Healthcare,6
2026-08-15,Senior Phlebotomy Technician,Mysore District,Hospitals,4
2026-08-15,Lab Collection Technician,Mysuru,Healthcare,2
2026-08-15,Phlebotomist (Home Collection),Mysore,Hospitals,2
2026-09-15,Phlebotomist,Mysore District,Hospitals,6
2026-09-15,Phlebotomy Technician,Mysuru,Healthcare,4
2026-09-15,Lab Collection Technician,Mysore,Hospitals,2
2026-09-15,Phlebotomist (Home Collection),Mysore District,Healthcare,2
2024-10-15,CNC Operator,Mysuru,Manufacturing,8
2024-10-15,Senior CNC Machinist,Mysore,Engineering,6
2024-10-15,VMC Operator,Mysore District,Manufacturing,3
2024-10-15,CNC Operator - Night Shift,Mysuru,Engineering,2
2024-11-15,CNC Operator,Mysore,Engineering,8
2024-11-15,CNC Machinist,Mysore District,Manufacturing,6
2024-11-15,VMC Operator,Mysuru,Engineering,3
2024-11-15,CNC Operator - Night Shift,Mysore,Manufacturing,2
2024-12-15,CNC Operator,Mysore District,Manufacturing,8
2024-12-15,Senior CNC Machinist,Mysuru,Engineering,6
2024-12-15,VMC Operator,Mysore,Manufacturing,3
2024-12-15,CNC Operator - Night Shift,Mysore District,Engineering,2
2025-01-15,CNC Operator,Mysuru,Engineering,8
2025-01-15,CNC Machinist,Mysore,Manufacturing,5
2025-01-15,VMC Operator,Mysore District,Engineering,3
2025-01-15,CNC Operator - Night Shift,Mysuru,Manufacturing,2
2025-02-15,CNC Operator,Mysore,Manufacturing,8
2025-02-15,Senior CNC Machinist,Mysore District,Engineering,6
2025-02-15,VMC Operator,Mysuru,Manufacturing,3
2025-02-15,CNC Operator - Night Shift,Mysore,Engineering,2
2025-03-15,CNC Operator,Mysore District,Engineering,8
2025-03-15,CNC Machinist,Mysuru,Manufacturing,6
2025-03-15,VMC Operator,Mysore,Engineering,3
2025-03-15,CNC Operator - Night Shift,Mysore District,Manufacturing,2
2025-04-15,CNC Operator,Mysuru,Manufacturing,8
2025-04-15,Senior CNC Machinist,Mysore,Engineering,6
2025-04-15,VMC Operator,Mysore District,Manufacturing,3
2025-04-15,CNC Operator - Night Shift,Mysuru,Engineering,2
2025-05-15,CNC Operator,Mysore,Engineering,8
2025-05-15,CNC Machinist,Mysore District,Manufacturing,6
2025-05-15,VMC Operator,Mysuru,Engineering,3
2025-05-15,CNC Operator - Night Shift,Mysore,Manufacturing,2
2025-06-15,CNC Operator,Mysooru,Manufacturing,8
2025-06-15,Senior CNC Machinist,Mysooru,Engineering,6
2025-06-15,VMC Operator,Mysore,Manufacturing,3
2025-06-15,CNC Operator - Night Shift,Mysooru,Engineering,2
2025-07-15,CNC Operator,Mysooru,Engineering,8
2025-07-15,CNC Machinist,Mysooru,Manufacturing,6
2025-07-15,VMC Operator,Mysooru,Engineering,3
2025-07-15,CNC Operator - Night Shift,Mysooru,Manufacturing,2
2025-08-15,CNC Operator,Mysore,Manufacturing,11
2025-08-15,Senior CNC Machinist,Mysore District,Engineering,7
2025-08-15,VMC Operator,Mysuru,Manufacturing,4
2025-08-15,CNC Operator - Night Shift,Mysore,Engineering,2
2025-09-15,CNC Operator,Mysore District,Engineering,11
2025-09-15,CNC Machinist,Mysuru,Manufacturing,7
2025-09-15,VMC Operator,Mysore,Engineering,4
2025-09-15,CNC Operator - Night Shift,Mysore District,Manufacturing,2
2025-10-15,CNC Operator,Mysuru,Manufacturing,11
2025-10-15,Senior CNC Machinist,Mysore,Engineering,7
2025-10-15,VMC Operator,Mysore District,Manufacturing,4
2025-10-15,CNC Operator - Night Shift,Mysuru,Engineering,2
2025-11-15,CNC Operator,Mysore,Engineering,11
2025-11-15,CNC Machinist,Mysore District,Manufacturing,7
2025-11-15,VMC Operator,Mysuru,Engineering,4
2025-11-15,CNC Operator - Night Shift,Mysore,Manufacturing,2
2025-12-15,CNC Operator,Mysore District,Manufacturing,11
2025-12-15,Senior CNC Machinist,Mysuru,Engineering,8
2025-12-15,VMC Operator,Mysore,Manufacturing,4
2025-12-15,CNC Operator - Night Shift,Mysore District,Engineering,2
2026-01-15,CNC Operator,Mysuru,Engineering,10
2026-01-15,CNC Machinist,Mysore,Manufacturing,7
2026-01-15,VMC Operator,Mysore District,Engineering,4
2026-01-15,CNC Operator - Night Shift,Mysuru,Manufacturing,2
2026-02-15,CNC Operator,Mysore,Manufacturing,11
2026-02-15,Senior CNC Machinist,Mysore District,Engineering,7
2026-02-15,VMC Operator,Mysuru,Manufacturing,4
2026-02-15,CNC Operator - Night Shift,Mysore,Engineering,2
2026-03-15,CNC Operator,Mysore District,Engineering,11
2026-03-15,CNC Machinist,Mysuru,Manufacturing,8
2026-03-15,VMC Operator,Mysore,Engineering,4
2026-03-15,CNC Operator - Night Shift,Mysore District,Manufacturing,2
2026-04-15,CNC Operator,Mysuru,Manufacturing,11
2026-04-15,Senior CNC Machinist,Mysore,Engineering,8
2026-04-15,VMC Operator,Mysore District,Manufacturing,4
2026-04-15,CNC Operator - Night Shift,Mysuru,Engineering,2
2026-05-15,CNC Operator,Mysore,Engineering,11
2026-05-15,CNC Machinist,Mysore District,Manufacturing,8
2026-05-15,VMC Operator,Mysuru,Engineering,4
2026-05-15,CNC Operator - Night Shift,Mysore,Manufacturing,2
2026-06-15,CNC Operator,Mysore District,Manufacturing,11
2026-06-15,Senior CNC Machinist,Mysuru,Engineering,8
2026-06-15,VMC Operator,Mysore,Manufacturing,4
2026-06-15,CNC Operator - Night Shift,Mysore District,Engineering,2
2026-07-15,CNC Operator,Mysuru,Engineering,11
2026-07-15,CNC Machinist,Mysore,Manufacturing,8
2026-07-15,VMC Operator,Mysore District,Engineering,4
2026-07-15,CNC Operator - Night Shift,Mysuru,Manufacturing,2
2026-08-15,CNC Operator,Mysore,Manufacturing,11
2026-08-15,Senior CNC Machinist,Mysore District,Engineering,8
2026-08-15,VMC Operator,Mysuru,Manufacturing,4
2026-08-15,CNC Operator - Night Shift,Mysore,Engineering,2
2026-09-15,CNC Operator,Mysore District,Engineering,11
2026-09-15,CNC Machinist,Mysuru,Manufacturing,7
2026-09-15,VMC Operator,Mysore,Engineering,4
2026-09-15,CNC Operator - Night Shift,Mysore District,Manufacturing,2
2024-10-15,Welder,Mysuru,Manufacturing,6
2024-10-15,Senior MIG Welder,Mysore,Engineering,4
2024-10-15,Arc Welder,Mysore District,Manufacturing,2
2024-10-15,Fabricator cum Welder,Mysuru,Engineering,2
2024-11-15,Welder,Mysore,Engineering,6
2024-11-15,MIG Welder,Mysore District,Manufacturing,4
2024-11-15,Arc Welder,Mysuru,Engineering,2
2024-11-15,Fabricator cum Welder,Mysore,Manufacturing,2
2024-12-15,Welder,Mysore District,Manufacturing,6
2024-12-15,Senior MIG Welder,Mysuru,Engineering,4
2024-12-15,Arc Welder,Mysore,Manufacturing,2
2024-12-15,Fabricator cum Welder,Mysore District,Engineering,2
2025-01-15,Welder,Mysuru,Engineering,8
2025-01-15,MIG Welder,Mysore,Manufacturing,5
2025-01-15,Arc Welder,Mysore District,Engineering,2
2025-01-15,Fabricator cum Welder,Mysuru,Manufacturing,2
2025-02-15,Welder,Mysore,Manufacturing,8
2025-02-15,Senior MIG Welder,Mysore District,Engineering,5
2025-02-15,Arc Welder,Mysuru,Manufacturing,2
2025-02-15,Fabricator cum Welder,Mysore,Engineering,2
2025-03-15,Welder,Mysore District,Engineering,8
2025-03-15,MIG Welder,Mysuru,Manufacturing,5
2025-03-15,Arc Welder,Mysore,Engineering,3
2025-03-15,Fabricator cum Welder,Mysore District,Manufacturing,2
2025-04-15,Welder,Mysuru,Manufacturing,8
2025-04-15,Senior MIG Welder,Mysore,Engineering,5
2025-04-15,Arc Welder,Mysore District,Manufacturing,3
2025-04-15,Fabricator cum Welder,Mysuru,Engineering,2
2025-05-15,Welder,Mysooru,Engineering,8
2025-05-15,MIG Welder,Mysooru,Manufacturing,5
2025-05-15,Arc Welder,Mysooru,Engineering,3
2025-05-15,Fabricator cum Welder,Mysooru,Manufacturing,2
2025-06-15,Welder,Mysore District,Manufacturing,8
2025-06-15,Senior MIG Welder,Mysuru,Engineering,5
2025-06-15,Arc Welder,Mysore,Manufacturing,3
2025-06-15,Fabricator cum Welder,Mysore District,Engineering,2
2025-07-15,Welder,Mysuru,Engineering,8
2025-07-15,MIG Welder,Mysore,Manufacturing,5
2025-07-15,Arc Welder,Mysore District,Engineering,3
2025-07-15,Fabricator cum Welder,Mysuru,Manufacturing,2
2025-08-15,Welder,Mysore,Manufacturing,8
2025-08-15,Senior MIG Welder,Mysore District,Engineering,5
2025-08-15,Arc Welder,Mysuru,Manufacturing,3
2025-08-15,Fabricator cum Welder,Mysore,Engineering,2
2025-09-15,Welder,Mysore District,Engineering,8
2025-09-15,MIG Welder,Mysooru,Manufacturing,5
2025-09-15,Arc Welder,Mysooru,Engineering,2
2025-09-15,Fabricator cum Welder,Mysooru,Manufacturing,2
2025-10-15,Welder,Mysuru,Manufacturing,8
2025-10-15,Senior MIG Welder,Mysore,Engineering,5
2025-10-15,Arc Welder,Mysore District,Manufacturing,2
2025-10-15,Fabricator cum Welder,Mysuru,Engineering,2
2025-11-15,Welder,Mysore,Engineering,8
2025-11-15,MIG Welder,Mysore District,Manufacturing,5
2025-11-15,Arc Welder,Mysooru,Engineering,2
2025-11-15,Fabricator cum Welder,Mysooru,Manufacturing,2
2025-12-15,Welder,Mysore District,Manufacturing,8
2025-12-15,Senior MIG Welder,Mysuru,Engineering,5
2025-12-15,Arc Welder,Mysore,Manufacturing,3
2025-12-15,Fabricator cum Welder,Mysore District,Engineering,2
2026-01-15,Welder,Mysuru,Engineering,8
2026-01-15,MIG Welder,Mysore,Manufacturing,5
2026-01-15,Arc Welder,Mysore District,Engineering,3
2026-01-15,Fabricator cum Welder,Mysuru,Manufacturing,2
2026-02-15,Welder,Mysore,Manufacturing,8
2026-02-15,Senior MIG Welder,Mysore District,Engineering,6
2026-02-15,Arc Welder,Mysuru,Manufacturing,3
2026-02-15,Fabricator cum Welder,Mysore,Engineering,2
2026-03-15,Welder,Mysore District,Engineering,8
2026-03-15,MIG Welder,Mysuru,Manufacturing,6
2026-03-15,Arc Welder,Mysore,Engineering,3
2026-03-15,Fabricator cum Welder,Mysore District,Manufacturing,2
2026-04-15,Welder,Mysuru,Manufacturing,8
2026-04-15,Senior MIG Welder,Mysore,Engineering,6
2026-04-15,Arc Welder,Mysore District,Manufacturing,3
2026-04-15,Fabricator cum Welder,Mysuru,Engineering,2
2026-05-15,Welder,Mysore,Engineering,8
2026-05-15,MIG Welder,Mysore District,Manufacturing,6
2026-05-15,Arc Welder,Mysuru,Engineering,3
2026-05-15,Fabricator cum Welder,Mysore,Manufacturing,2
2026-06-15,Welder,Mysore District,Manufacturing,8
2026-06-15,Senior MIG Welder,Mysuru,Engineering,6
2026-06-15,Arc Welder,Mysore,Manufacturing,3
2026-06-15,Fabricator cum Welder,Mysore District,Engineering,2
2026-07-15,Welder,Mysuru,Engineering,8
2026-07-15,MIG Welder,Mysore,Manufacturing,6
2026-07-15,Arc Welder,Mysore District,Engineering,3
2026-07-15,Fabricator cum Welder,Mysuru,Manufacturing,2
2026-08-15,Welder,Mysore,Manufacturing,8
2026-08-15,Senior MIG Welder,Mysore District,Engineering,6
2026-08-15,Arc Welder,Mysuru,Manufacturing,3
2026-08-15,Fabricator cum Welder,Mysore,Engineering,2
2026-09-15,Welder,Mysore District,Engineering,8
2026-09-15,MIG Welder,Mysuru,Manufacturing,6
2026-09-15,Arc Welder,Mysore,Engineering,3
2026-09-15,Fabricator cum Welder,Mysore District,Manufacturing,2
2024-10-15,Warehouse Associate,Mysuru,Logistics,21
2024-10-15,Senior Picker Packer,Mysore,Warehousing,14
2024-10-15,Warehouse Executive,Mysore District,Logistics,7
2024-10-15,Wearhouse Associate,Mysuru,Warehousing,4
2024-11-15,Warehouse Associate,Mysore,Warehousing,21
2024-11-15,Picker Packer,Mysore District,Logistics,14
2024-11-15,Warehouse Executive,Mysuru,Warehousing,7
2024-11-15,Wearhouse Associate,Mysore,Logistics,5
2024-12-15,Warehouse Associate,Mysore District,Logistics,22
2024-12-15,Senior Picker Packer,Mysuru,Warehousing,14
2024-12-15,Warehouse Executive,Mysore,Logistics,7
2024-12-15,Wearhouse Associate,Mysore District,Warehousing,5
2025-01-15,Warehouse Associate,Mysuru,Warehousing,20
2025-01-15,Picker Packer,Mysore,Logistics,14
2025-01-15,Warehouse Executive,Mysore District,Warehousing,7
2025-01-15,Wearhouse Associate,Mysuru,Logistics,4
2025-02-15,Warehouse Associate,Mysore,Logistics,20
2025-02-15,Senior Picker Packer,Mysore District,Warehousing,14
2025-02-15,Warehouse Executive,Mysuru,Logistics,7
2025-02-15,Wearhouse Associate,Mysore,Warehousing,4
2025-03-15,Warehouse Associate,Mysore District,Warehousing,20
2025-03-15,Picker Packer,Mysuru,Logistics,14
2025-03-15,Warehouse Executive,Mysore,Warehousing,7
2025-03-15,Wearhouse Associate,Mysore District,Logistics,4
2025-04-15,Warehouse Associate,Mysuru,Logistics,20
2025-04-15,Senior Picker Packer,Mysore,Warehousing,14
2025-04-15,Warehouse Executive,Mysore District,Logistics,7
2025-04-15,Wearhouse Associate,Mysuru,Warehousing,4
2025-05-15,Warehouse Associate,Mysooru,Warehousing,20
2025-05-15,Picker Packer,Mysooru,Logistics,13
2025-05-15,Warehouse Executive,Mysooru,Warehousing,7
2025-05-15,Wearhouse Associate,Mysooru,Logistics,4
2025-06-15,Warehouse Associate,Mysore District,Logistics,20
2025-06-15,Senior Picker Packer,Mysuru,Warehousing,13
2025-06-15,Warehouse Executive,Mysore,Logistics,7
2025-06-15,Wearhouse Associate,Mysore District,Warehousing,4
2025-07-15,Warehouse Associate,Mysuru,Warehousing,20
2025-07-15,Picker Packer,Mysore,Logistics,14
2025-07-15,Warehouse Executive,Mysore District,Warehousing,7
2025-07-15,Wearhouse Associate,Mysuru,Logistics,4
2025-08-15,Warehouse Associate,Mysooru,Logistics,20
2025-08-15,Senior Picker Packer,Mysooru,Warehousing,14
2025-08-15,Warehouse Executive,Mysooru,Logistics,7
2025-08-15,Wearhouse Associate,Mysooru,Warehousing,4
2025-09-15,Warehouse Associate,Mysore District,Warehousing,21
2025-09-15,Picker Packer,Mysuru,Logistics,14
2025-09-15,Warehouse Executive,Mysore,Warehousing,7
2025-09-15,Wearhouse Associate,Mysore District,Logistics,4
2025-10-15,Warehouse Associate,Mysooru,Logistics,22
2025-10-15,Senior Picker Packer,Mysooru,Warehousing,14
2025-10-15,Warehouse Executive,Mysooru,Logistics,7
2025-10-15,Wearhouse Associate,Mysooru,Warehousing,5
2025-11-15,Warehouse Associate,Mysooru,Warehousing,22
2025-11-15,Picker Packer,Mysooru,Logistics,15
2025-11-15,Warehouse Executive,Mysooru,Warehousing,7
2025-11-15,Wearhouse Associate,Mysooru,Logistics,5
2025-12-15,Warehouse Associate,Mysore District,Logistics,23
2025-12-15,Senior Picker Packer,Mysuru,Warehousing,15
2025-12-15,Warehouse Executive,Mysore,Logistics,8
2025-12-15,Wearhouse Associate,Mysore District,Warehousing,5
2026-01-15,Warehouse Associate,Mysuru,Warehousing,22
2026-01-15,Picker Packer,Mysore,Logistics,14
2026-01-15,Warehouse Executive,Mysore District,Warehousing,7
2026-01-15,Wearhouse Associate,Mysuru,Logistics,5
2026-02-15,Warehouse Associate,Mysore,Logistics,22
2026-02-15,Senior Picker Packer,Mysore District,Warehousing,14
2026-02-15,Warehouse Executive,Mysuru,Logistics,7
2026-02-15,Wearhouse Associate,Mysore,Warehousing,5
2026-03-15,Warehouse Associate,Mysore District,Warehousing,22
2026-03-15,Picker Packer,Mysuru,Logistics,14
2026-03-15,Warehouse Executive,Mysore,Warehousing,7
2026-03-15,Wearhouse Associate,Mysore District,Logistics,5
2026-04-15,Warehouse Associate,Mysuru,Logistics,21
2026-04-15,Senior Picker Packer,Mysore,Warehousing,14
2026-04-15,Warehouse Executive,Mysore District,Logistics,7
2026-04-15,Wearhouse Associate,Mysuru,Warehousing,5
2026-05-15,Warehouse Associate,Mysore,Warehousing,21
2026-05-15,Picker Packer,Mysore District,Logistics,14
2026-05-15,Warehouse Executive,Mysuru,Warehousing,7
2026-05-15,Wearhouse Associate,Mysore,Logistics,5
2026-06-15,Warehouse Associate,Mysooru,Logistics,21
2026-06-15,Senior Picker Packer,Mysooru,Warehousing,14
2026-06-15,Warehouse Executive,Mysooru,Logistics,7
2026-06-15,Wearhouse Associate,Mysooru,Warehousing,5
2026-07-15,Warehouse Associate,Mysooru,Warehousing,21
2026-07-15,Picker Packer,Mysooru,Logistics,14
2026-07-15,Warehouse Executive,Mysooru,Warehousing,7
2026-07-15,Wearhouse Associate,Mysooru,Logistics,5
2026-08-15,Warehouse Associate,Mysore,Logistics,22
2026-08-15,Senior Picker Packer,Mysore District,Warehousing,14
2026-08-15,Warehouse Executive,Mysuru,Logistics,7
2026-08-15,Wearhouse Associate,Mysore,Warehousing,5
2026-09-15,Warehouse Associate,Mysore District,Warehousing,22
2026-09-15,Picker Packer,Mysuru,Logistics,15
2026-09-15,Warehouse Executive,Mysore,Warehousing,7
2026-09-15,Wearhouse Associate,Mysore District,Logistics,5
2024-10-15,Logistics Coordinator,Mysuru,Logistics,7
2024-10-15,Senior Dispatch Coordinator,Mysore,Warehousing,5
2024-10-15,Transport Coordinator,Mysore District,Logistics,2
2024-10-15,Logistics Co-ordinator,Mysuru,Warehousing,2
2024-11-15,Logistics Coordinator,Mysore,Warehousing,7
2024-11-15,Dispatch Coordinator,Mysore District,Logistics,5
2024-11-15,Transport Coordinator,Mysuru,Warehousing,2
2024-11-15,Logistics Co-ordinator,Mysore,Logistics,2
2024-12-15,Logistics Coordinator,Mysore District,Logistics,8
2024-12-15,Senior Dispatch Coordinator,Mysuru,Warehousing,5
2024-12-15,Transport Coordinator,Mysore,Logistics,2
2024-12-15,Logistics Co-ordinator,Mysore District,Warehousing,2
2025-01-15,Logistics Coordinator,Mysooru,Warehousing,7
2025-01-15,Dispatch Coordinator,Mysooru,Logistics,5
2025-01-15,Transport Coordinator,Mysooru,Warehousing,2
2025-01-15,Logistics Co-ordinator,Mysooru,Logistics,2
2025-02-15,Logistics Coordinator,Mysore,Logistics,7
2025-02-15,Senior Dispatch Coordinator,Mysore District,Warehousing,5
2025-02-15,Transport Coordinator,Mysuru,Logistics,2
2025-02-15,Logistics Co-ordinator,Mysore,Warehousing,2
2025-03-15,Logistics Coordinator,Mysore District,Warehousing,7
2025-03-15,Dispatch Coordinator,Mysuru,Logistics,5
2025-03-15,Transport Coordinator,Mysore,Warehousing,2
2025-03-15,Logistics Co-ordinator,Mysore District,Logistics,2
2025-04-15,Logistics Coordinator,Mysuru,Logistics,7
2025-04-15,Senior Dispatch Coordinator,Mysore,Warehousing,5
2025-04-15,Transport Coordinator,Mysore District,Logistics,2
2025-04-15,Logistics Co-ordinator,Mysuru,Warehousing,2
2025-05-15,Logistics Coordinator,Mysore,Warehousing,7
2025-05-15,Dispatch Coordinator,Mysore District,Logistics,5
2025-05-15,Transport Coordinator,Mysuru,Warehousing,2
2025-05-15,Logistics Co-ordinator,Mysore,Logistics,2
2025-06-15,Logistics Coordinator,Mysore District,Logistics,7
2025-06-15,Senior Dispatch Coordinator,Mysuru,Warehousing,5
2025-06-15,Transport Coordinator,Mysore,Logistics,2
2025-06-15,Logistics Co-ordinator,Mysore District,Warehousing,2
2025-07-15,Logistics Coordinator,Mysuru,Warehousing,7
2025-07-15,Dispatch Coordinator,Mysore,Logistics,5
2025-07-15,Transport Coordinator,Mysore District,Warehousing,2
2025-07-15,Logistics Co-ordinator,Mysuru,Logistics,2
2025-08-15,Logistics Coordinator,Mysore,Logistics,7
2025-08-15,Senior Dispatch Coordinator,Mysore District,Warehousing,5
2025-08-15,Transport Coordinator,Mysuru,Logistics,2
2025-08-15,Logistics Co-ordinator,Mysore,Warehousing,2
2025-09-15,Logistics Coordinator,Mysore District,Warehousing,8
2025-09-15,Dispatch Coordinator,Mysuru,Logistics,5
2025-09-15,Transport Coordinator,Mysore,Warehousing,2
2025-09-15,Logistics Co-ordinator,Mysore District,Logistics,2
2025-10-15,Logistics Coordinator,Mysuru,Logistics,7
2025-10-15,Senior Dispatch Coordinator,Mysore,Warehousing,5
2025-10-15,Transport Coordinator,Mysore District,Logistics,2
2025-10-15,Logistics Co-ordinator,Mysuru,Warehousing,1
2025-11-15,Logistics Coordinator,Mysore,Warehousing,7
2025-11-15,Dispatch Coordinator,Mysore District,Logistics,5
2025-11-15,Transport Coordinator,Mysuru,Warehousing,2
2025-11-15,Logistics Co-ordinator,Mysore,Logistics,1
2025-12-15,Logistics Coordinator,Mysore District,Logistics,7
2025-12-15,Senior Dispatch Coordinator,Mysuru,Warehousing,5
2025-12-15,Transport Coordinator,Mysore,Logistics,2
2025-12-15,Logistics Co-ordinator,Mysore District,Warehousing,1
2026-01-15,Logistics Coordinator,Mysuru,Warehousing,7
2026-01-15,Dispatch Coordinator,Mysore,Logistics,5
2026-01-15,Transport Coordinator,Mysore District,Warehousing,2
2026-01-15,Logistics Co-ordinator,Mysuru,Logistics,2
2026-02-15,Logistics Coordinator,Mysooru,Logistics,7
2026-02-15,Senior Dispatch Coordinator,Mysooru,Warehousing,5
2026-02-15,Transport Coordinator,Mysooru,Logistics,2
2026-02-15,Logistics Co-ordinator,Mysooru,Warehousing,2
2026-03-15,Logistics Coordinator,Mysooru,Warehousing,7
2026-03-15,Dispatch Coordinator,Mysuru,Logistics,5
2026-03-15,Transport Coordinator,Mysore,Warehousing,2
2026-03-15,Logistics Co-ordinator,Mysore District,Logistics,2
2026-04-15,Logistics Coordinator,Mysuru,Logistics,7
2026-04-15,Senior Dispatch Coordinator,Mysore,Warehousing,5
2026-04-15,Transport Coordinator,Mysore District,Logistics,2
2026-04-15,Logistics Co-ordinator,Mysuru,Warehousing,2
2026-05-15,Logistics Coordinator,Mysore,Warehousing,7
2026-05-15,Dispatch Coordinator,Mysore District,Logistics,5
2026-05-15,Transport Coordinator,Mysuru,Warehousing,2
2026-05-15,Logistics Co-ordinator,Mysore,Logistics,2
2026-06-15,Logistics Coordinator,Mysore District,Logistics,7
2026-06-15,Senior Dispatch Coordinator,Mysuru,Warehousing,5
2026-06-15,Transport Coordinator,Mysore,Logistics,2
2026-06-15,Logistics Co-ordinator,Mysore District,Warehousing,2
2026-07-15,Logistics Coordinator,Mysuru,Warehousing,7
2026-07-15,Dispatch Coordinator,Mysore,Logistics,5
2026-07-15,Transport Coordinator,Mysore District,Warehousing,2
2026-07-15,Logistics Co-ordinator,Mysuru,Logistics,2
2026-08-15,Logistics Coordinator,Mysore,Logistics,8
2026-08-15,Senior Dispatch Coordinator,Mysore District,Warehousing,5
2026-08-15,Transport Coordinator,Mysuru,Logistics,2
2026-08-15,Logistics Co-ordinator,Mysore,Warehousing,2
2026-09-15,Logistics Coordinator,Mysore District,Warehousing,8
2026-09-15,Dispatch Coordinator,Mysuru,Logistics,5
2026-09-15,Transport Coordinator,Mysooru,Warehousing,2
2026-09-15,Logistics Co-ordinator,Mysore District,Logistics,2
2024-10-15,Electrician,Mysuru,Construction,17
2024-10-15,Senior Wireman,Mysore,Real Estate,11
2024-10-15,Electrical Technician,Mysore District,Construction,5
2024-10-15,Electrician cum Wireman,Mysuru,Real Estate,4
2024-11-15,Electrician,Mysore,Real Estate,17
2024-11-15,Wireman,Mysore District,Construction,11
2024-11-15,Electrical Technician,Mysuru,Real Estate,5
2024-11-15,Electrician cum Wireman,Mysore,Construction,4
2024-12-15,Electrician,Mysore District,Construction,17
2024-12-15,Senior Wireman,Mysuru,Real Estate,11
2024-12-15,Electrical Technician,Mysore,Construction,5
2024-12-15,Electrician cum Wireman,Mysore District,Real Estate,4
2025-01-15,Electrician,Mysuru,Real Estate,16
2025-01-15,Wireman,Mysore,Construction,11
2025-01-15,Electrical Technician,Mysore District,Real Estate,5
2025-01-15,Electrician cum Wireman,Mysuru,Construction,3
2025-02-15,Electrician,Mysore,Construction,16
2025-02-15,Senior Wireman,Mysore District,Real Estate,11
2025-02-15,Electrical Technician,Mysuru,Construction,5
2025-02-15,Electrician cum Wireman,Mysore,Real Estate,3
2025-03-15,Electrician,Mysore District,Real Estate,15
2025-03-15,Wireman,Mysuru,Construction,10
2025-03-15,Electrical Technician,Mysore,Real Estate,5
2025-03-15,Electrician cum Wireman,Mysore District,Construction,4
2025-04-15,Electrician,Mysuru,Construction,15
2025-04-15,Senior Wireman,Mysore,Real Estate,10
2025-04-15,Electrical Technician,Mysore District,Construction,5
2025-04-15,Electrician cum Wireman,Mysuru,Real Estate,4
2025-05-15,Electrician,Mysore,Real Estate,15
2025-05-15,Wireman,Mysore District,Construction,10
2025-05-15,Electrical Technician,Mysuru,Real Estate,5
2025-05-15,Electrician cum Wireman,Mysore,Construction,4
2025-06-15,Electrician,Mysore District,Construction,16
2025-06-15,Senior Wireman,Mysuru,Real Estate,11
2025-06-15,Electrical Technician,Mysore,Construction,5
2025-06-15,Electrician cum Wireman,Mysore District,Real Estate,3
2025-07-15,Electrician,Mysooru,Real Estate,16
2025-07-15,Wireman,Mysooru,Construction,11
2025-07-15,Electrical Technician,Mysooru,Real Estate,5
2025-07-15,Electrician cum Wireman,Mysooru,Construction,4
2025-08-15,Electrician,Mysore,Construction,17
2025-08-15,Senior Wireman,Mysore District,Real Estate,11
2025-08-15,Electrical Technician,Mysuru,Construction,5
2025-08-15,Electrician cum Wireman,Mysore,Real Estate,4
2025-09-15,Electrician,Mysore District,Real Estate,17
2025-09-15,Wireman,Mysuru,Construction,11
2025-09-15,Electrical Technician,Mysore,Real Estate,6
2025-09-15,Electrician cum Wireman,Mysore District,Construction,4
2025-10-15,Electrician,Mysuru,Construction,16
2025-10-15,Senior Wireman,Mysore,Real Estate,11
2025-10-15,Electrical Technician,Mysore District,Construction,5
2025-10-15,Electrician cum Wireman,Mysuru,Real Estate,3
2025-11-15,Electrician,Mysore,Real Estate,16
2025-11-15,Wireman,Mysore District,Construction,11
2025-11-15,Electrical Technician,Mysuru,Real Estate,5
2025-11-15,Electrician cum Wireman,Mysore,Construction,4
2025-12-15,Electrician,Mysore District,Construction,16
2025-12-15,Senior Wireman,Mysuru,Real Estate,11
2025-12-15,Electrical Technician,Mysore,Construction,5
2025-12-15,Electrician cum Wireman,Mysore District,Real Estate,4
2026-01-15,Electrician,Mysooru,Real Estate,17
2026-01-15,Wireman,Mysooru,Construction,12
2026-01-15,Electrical Technician,Mysooru,Real Estate,6
2026-01-15,Electrician cum Wireman,Mysooru,Construction,4
2026-02-15,Electrician,Mysore,Construction,17
2026-02-15,Senior Wireman,Mysore District,Real Estate,11
2026-02-15,Electrical Technician,Mysuru,Construction,6
2026-02-15,Electrician cum Wireman,Mysore,Real Estate,4
2026-03-15,Electrician,Mysore District,Real Estate,17
2026-03-15,Wireman,Mysuru,Construction,11
2026-03-15,Electrical Technician,Mysore,Real Estate,6
2026-03-15,Electrician cum Wireman,Mysore District,Construction,4
2026-04-15,Electrician,Mysuru,Construction,17
2026-04-15,Senior Wireman,Mysore,Real Estate,11
2026-04-15,Electrical Technician,Mysore District,Construction,6
2026-04-15,Electrician cum Wireman,Mysuru,Real Estate,4
2026-05-15,Electrician,Mysore,Real Estate,17
2026-05-15,Wireman,Mysore District,Construction,11
2026-05-15,Electrical Technician,Mysuru,Real Estate,6
2026-05-15,Electrician cum Wireman,Mysore,Construction,4
2026-06-15,Electrician,Mysooru,Construction,17
2026-06-15,Senior Wireman,Mysooru,Real Estate,11
2026-06-15,Electrical Technician,Mysore,Construction,6
2026-06-15,Electrician cum Wireman,Mysore District,Real Estate,4
2026-07-15,Electrician,Mysooru,Real Estate,18
2026-07-15,Wireman,Mysooru,Construction,12
2026-07-15,Electrical Technician,Mysooru,Real Estate,6
2026-07-15,Electrician cum Wireman,Mysooru,Construction,4
2026-08-15,Electrician,Mysore,Construction,19
2026-08-15,Senior Wireman,Mysore District,Real Estate,12
2026-08-15,Electrical Technician,Mysuru,Construction,6
2026-08-15,Electrician cum Wireman,Mysore,Real Estate,4
2026-09-15,Electrician,Mysore District,Real Estate,19
2026-09-15,Wireman,Mysuru,Construction,13
2026-09-15,Electrical Technician,Mysore,Real Estate,6
2026-09-15,Electrician cum Wireman,Mysore District,Construction,4
2024-10-15,Mason,Mysuru,Construction,10
2024-10-15,Senior Bricklayer,Mysore,Real Estate,7
2024-10-15,Tile Mason,Mysore District,Construction,4
2024-10-15,Shuttering Carpenter,Mysuru,Real Estate,2
2024-11-15,Mason,Mysore,Real Estate,10
2024-11-15,Bricklayer,Mysooru,Construction,7
2024-11-15,Tile Mason,Mysuru,Real Estate,4
2024-11-15,Shuttering Carpenter,Mysore,Construction,2
2024-12-15,Mason,Mysore District,Construction,10
2024-12-15,Senior Bricklayer,Mysuru,Real Estate,7
2024-12-15,Tile Mason,Mysore,Construction,3
2024-12-15,Shuttering Carpenter,Mysore District,Real Estate,2
2025-01-15,Mason,Mysuru,Real Estate,10
2025-01-15,Bricklayer,Mysore,Construction,7
2025-01-15,Tile Mason,Mysore District,Real Estate,4
2025-01-15,Shuttering Carpenter,Mysuru,Construction,2
2025-02-15,Mason,Mysore,Construction,10
2025-02-15,Senior Bricklayer,Mysore District,Real Estate,7
2025-02-15,Tile Mason,Mysuru,Construction,4
2025-02-15,Shuttering Carpenter,Mysore,Real Estate,2
2025-03-15,Mason,Mysore District,Real Estate,11
2025-03-15,Bricklayer,Mysuru,Construction,7
2025-03-15,Tile Mason,Mysore,Real Estate,4
2025-03-15,Shuttering Carpenter,Mysore District,Construction,2
2025-04-15,Mason,Mysooru,Construction,11
2025-04-15,Senior Bricklayer,Mysooru,Real Estate,7
2025-04-15,Tile Mason,Mysooru,Construction,4
2025-04-15,Shuttering Carpenter,Mysooru,Real Estate,2
2025-05-15,Mason,Mysore,Real Estate,11
2025-05-15,Bricklayer,Mysore District,Construction,7
2025-05-15,Tile Mason,Mysuru,Real Estate,4
2025-05-15,Shuttering Carpenter,Mysore,Construction,2
2025-06-15,Mason,Mysore District,Construction,11
2025-06-15,Senior Bricklayer,Mysuru,Real Estate,8
2025-06-15,Tile Mason,Mysore,Construction,4
2025-06-15,Shuttering Carpenter,Mysore District,Real Estate,2
2025-07-15,Mason,Mysuru,Real Estate,11
2025-07-15,Bricklayer,Mysore,Construction,8
2025-07-15,Tile Mason,Mysore District,Real Estate,4
2025-07-15,Shuttering Carpenter,Mysuru,Construction,2
2025-08-15,Mason,Mysore,Construction,11
2025-08-15,Senior Bricklayer,Mysore District,Real Estate,8
2025-08-15,Tile Mason,Mysuru,Construction,4
2025-08-15,Shuttering Carpenter,Mysore,Real Estate,2
2025-09-15,Mason,Mysore District,Real Estate,11
2025-09-15,Bricklayer,Mysuru,Construction,8
2025-09-15,Tile Mason,Mysore,Real Estate,4
2025-09-15,Shuttering Carpenter,Mysore District,Construction,2
2025-10-15,Mason,Mysuru,Construction,11
2025-10-15,Senior Bricklayer,Mysore,Real Estate,7
2025-10-15,Tile Mason,Mysore District,Construction,4
2025-10-15,Shuttering Carpenter,Mysuru,Real Estate,2
2025-11-15,Mason,Mysore,Real Estate,11
2025-11-15,Bricklayer,Mysore District,Construction,7
2025-11-15,Tile Mason,Mysuru,Real Estate,4
2025-11-15,Shuttering Carpenter,Mysore,Construction,2
2025-12-15,Mason,Mysore District,Construction,10
2025-12-15,Senior Bricklayer,Mysuru,Real Estate,7
2025-12-15,Tile Mason,Mysore,Construction,4
2025-12-15,Shuttering Carpenter,Mysore District,Real Estate,2
2026-01-15,Mason,Mysuru,Real Estate,10
2026-01-15,Bricklayer,Mysore,Construction,7
2026-01-15,Tile Mason,Mysore District,Real Estate,4
2026-01-15,Shuttering Carpenter,Mysuru,Construction,2
2026-02-15,Mason,Mysore,Construction,10
2026-02-15,Senior Bricklayer,Mysore District,Real Estate,7
2026-02-15,Tile Mason,Mysuru,Construction,4
2026-02-15,Shuttering Carpenter,Mysore,Real Estate,2
2026-03-15,Mason,Mysore District,Real Estate,10
2026-03-15,Bricklayer,Mysuru,Construction,7
2026-03-15,Tile Mason,Mysore,Real Estate,4
2026-03-15,Shuttering Carpenter,Mysore District,Construction,2
2026-04-15,Mason,Mysuru,Construction,11
2026-04-15,Senior Bricklayer,Mysore,Real Estate,7
2026-04-15,Tile Mason,Mysore District,Construction,4
2026-04-15,Shuttering Carpenter,Mysuru,Real Estate,2
2026-05-15,Mason,Mysore,Real Estate,11
2026-05-15,Bricklayer,Mysore District,Construction,7
2026-05-15,Tile Mason,Mysuru,Real Estate,4
2026-05-15,Shuttering Carpenter,Mysore,Construction,2
2026-06-15,Mason,Mysore District,Construction,11
2026-06-15,Senior Bricklayer,Mysuru,Real Estate,7
2026-06-15,Tile Mason,Mysore,Construction,4
2026-06-15,Shuttering Carpenter,Mysore District,Real Estate,2
2026-07-15,Mason,Mysuru,Real Estate,11
2026-07-15,Bricklayer,Mysore,Construction,8
2026-07-15,Tile Mason,Mysore District,Real Estate,4
2026-07-15,Shuttering Carpenter,Mysuru,Construction,2
2026-08-15,Mason,Mysooru,Construction,11
2026-08-15,Senior Bricklayer,Mysooru,Real Estate,8
2026-08-15,Tile Mason,Mysooru,Construction,4
2026-08-15,Shuttering Carpenter,Mysooru,Real Estate,2
2026-09-15,Mason,Mysooru,Real Estate,11
2026-09-15,Bricklayer,Mysuru,Construction,7
2026-09-15,Tile Mason,Mysore,Real Estate,4
2026-09-15,Shuttering Carpenter,Mysore District,Construction,2
2024-10-15,Retail Sales Associate,Mysuru,Retail,28
2024-10-15,Senior Store Associate,Mysore,Organised Retail,19
2024-10-15,Counter Sales Executive,Mysore District,Retail,9
2024-10-15,Retail Sales Assosiate,Mysuru,Organised Retail,6
2024-11-15,Retail Sales Associate,Mysore,Organised Retail,28
2024-11-15,Store Associate,Mysore District,Retail,19
2024-11-15,Counter Sales Executive,Mysuru,Organised Retail,9
2024-11-15,Retail Sales Assosiate,Mysore,Retail,6
2024-12-15,Retail Sales Associate,Mysooru,Retail,27
2024-12-15,Senior Store Associate,Mysooru,Organised Retail,18
2024-12-15,Counter Sales Executive,Mysooru,Retail,9
2024-12-15,Retail Sales Assosiate,Mysooru,Organised Retail,6
2025-01-15,Retail Sales Associate,Mysuru,Organised Retail,26
2025-01-15,Store Associate,Mysore,Retail,17
2025-01-15,Counter Sales Executive,Mysore District,Organised Retail,8
2025-01-15,Retail Sales Assosiate,Mysuru,Retail,6
2025-02-15,Retail Sales Associate,Mysore,Retail,26
2025-02-15,Senior Store Associate,Mysore District,Organised Retail,17
2025-02-15,Counter Sales Executive,Mysuru,Retail,8
2025-02-15,Retail Sales Assosiate,Mysore,Organised Retail,6
2025-03-15,Retail Sales Associate,Mysore District,Organised Retail,26
2025-03-15,Store Associate,Mysuru,Retail,17
2025-03-15,Counter Sales Executive,Mysore,Organised Retail,8
2025-03-15,Retail Sales Assosiate,Mysore District,Retail,6
2025-04-15,Retail Sales Associate,Mysuru,Retail,26
2025-04-15,Senior Store Associate,Mysore,Organised Retail,17
2025-04-15,Counter Sales Executive,Mysore District,Retail,8
2025-04-15,Retail Sales Assosiate,Mysuru,Organised Retail,6
2025-05-15,Retail Sales Associate,Mysore,Organised Retail,26
2025-05-15,Store Associate,Mysore District,Retail,17
2025-05-15,Counter Sales Executive,Mysuru,Organised Retail,9
2025-05-15,Retail Sales Assosiate,Mysore,Retail,6
2025-06-15,Retail Sales Associate,Mysooru,Retail,26
2025-06-15,Senior Store Associate,Mysooru,Organised Retail,18
2025-06-15,Counter Sales Executive,Mysooru,Retail,9
2025-06-15,Retail Sales Assosiate,Mysooru,Organised Retail,6
2025-07-15,Retail Sales Associate,Mysooru,Organised Retail,28
2025-07-15,Store Associate,Mysooru,Retail,18
2025-07-15,Counter Sales Executive,Mysooru,Organised Retail,9
2025-07-15,Retail Sales Assosiate,Mysooru,Retail,6
2025-08-15,Retail Sales Associate,Mysore,Retail,28
2025-08-15,Senior Store Associate,Mysore District,Organised Retail,18
2025-08-15,Counter Sales Executive,Mysuru,Retail,9
2025-08-15,Retail Sales Assosiate,Mysore,Organised Retail,6
2025-09-15,Retail Sales Associate,Mysore District,Organised Retail,28
2025-09-15,Store Associate,Mysuru,Retail,18
2025-09-15,Counter Sales Executive,Mysore,Organised Retail,9
2025-09-15,Retail Sales Assosiate,Mysore District,Retail,6
2025-10-15,Retail Sales Associate,Mysuru,Retail,28
2025-10-15,Senior Store Associate,Mysore,Organised Retail,18
2025-10-15,Counter Sales Executive,Mysore District,Retail,9
2025-10-15,Retail Sales Assosiate,Mysuru,Organised Retail,6
2025-11-15,Retail Sales Associate,Mysore,Organised Retail,27
2025-11-15,Store Associate,Mysore District,Retail,18
2025-11-15,Counter Sales Executive,Mysuru,Organised Retail,9
2025-11-15,Retail Sales Assosiate,Mysore,Retail,6
2025-12-15,Retail Sales Associate,Mysore District,Retail,26
2025-12-15,Senior Store Associate,Mysuru,Organised Retail,18
2025-12-15,Counter Sales Executive,Mysore,Retail,9
2025-12-15,Retail Sales Assosiate,Mysore District,Organised Retail,6
2026-01-15,Retail Sales Associate,Mysuru,Organised Retail,29
2026-01-15,Store Associate,Mysore,Retail,20
2026-01-15,Counter Sales Executive,Mysore District,Organised Retail,10
2026-01-15,Retail Sales Assosiate,Mysuru,Retail,6
2026-02-15,Retail Sales Associate,Mysore,Retail,29
2026-02-15,Senior Store Associate,Mysore District,Organised Retail,19
2026-02-15,Counter Sales Executive,Mysuru,Retail,10
2026-02-15,Retail Sales Assosiate,Mysore,Organised Retail,6
2026-03-15,Retail Sales Associate,Mysore District,Organised Retail,29
2026-03-15,Store Associate,Mysuru,Retail,19
2026-03-15,Counter Sales Executive,Mysore,Organised Retail,10
2026-03-15,Retail Sales Assosiate,Mysore District,Retail,6
2026-04-15,Retail Sales Associate,Mysuru,Retail,29
2026-04-15,Senior Store Associate,Mysore,Organised Retail,20
2026-04-15,Counter Sales Executive,Mysore District,Retail,10
2026-04-15,Retail Sales Assosiate,Mysuru,Organised Retail,6
2026-05-15,Retail Sales Associate,Mysooru,Organised Retail,30
2026-05-15,Store Associate,Mysooru,Retail,20
2026-05-15,Counter Sales Executive,Mysooru,Organised Retail,10
2026-05-15,Retail Sales Assosiate,Mysooru,Retail,6
2026-06-15,Retail Sales Associate,Mysore District,Retail,30
2026-06-15,Senior Store Associate,Mysuru,Organised Retail,20
2026-06-15,Counter Sales Executive,Mysore,Retail,10
2026-06-15,Retail Sales Assosiate,Mysore District,Organised Retail,7
2026-07-15,Retail Sales Associate,Mysuru,Organised Retail,31
2026-07-15,Store Associate,Mysore,Retail,21
2026-07-15,Counter Sales Executive,Mysore District,Organised Retail,10
2026-07-15,Retail Sales Assosiate,Mysuru,Retail,7
2026-08-15,Retail Sales Associate,Mysooru,Retail,31
2026-08-15,Senior Store Associate,Mysooru,Organised Retail,21
2026-08-15,Counter Sales Executive,Mysooru,Retail,10
2026-08-15,Retail Sales Assosiate,Mysooru,Organised Retail,7
2026-09-15,Retail Sales Associate,Mysooru,Organised Retail,31
2026-09-15,Store Associate,Mysooru,Retail,21
2026-09-15,Counter Sales Executive,Mysooru,Organised Retail,10
2026-09-15,Retail Sales Assosiate,Mysooru,Retail,7
2024-10-15,Solar Technician,Mysuru,Renewable Energy,8
2024-10-15,Senior Solar PV Installer,Mysore,Green Jobs,5
2024-10-15,Rooftop Solar Installer,Mysore District,Power,3
2024-10-15,Solar Technician - Rooftop,Mysuru,Renewable Energy,2
2024-11-15,Solar Technician,Mysore,Green Jobs,8
2024-11-15,Solar PV Installer,Mysore District,Power,6
2024-11-15,Rooftop Solar Installer,Mysuru,Renewable Energy,3
2024-11-15,Solar Technician - Rooftop,Mysore,Green Jobs,2
2024-12-15,Solar Technician,Mysore District,Power,8
2024-12-15,Senior Solar PV Installer,Mysuru,Renewable Energy,6
2024-12-15,Rooftop Solar Installer,Mysore,Green Jobs,3
2024-12-15,Solar Technician - Rooftop,Mysore District,Power,2
2025-01-15,Solar Technician,Mysuru,Renewable Energy,8
2025-01-15,Solar PV Installer,Mysore,Green Jobs,6
2025-01-15,Rooftop Solar Installer,Mysore District,Power,3
2025-01-15,Solar Technician - Rooftop,Mysuru,Renewable Energy,2
2025-02-15,Solar Technician,Mysore,Green Jobs,8
2025-02-15,Senior Solar PV Installer,Mysore District,Power,6
2025-02-15,Rooftop Solar Installer,Mysuru,Renewable Energy,3
2025-02-15,Solar Technician - Rooftop,Mysore,Green Jobs,2
2025-03-15,Solar Technician,Mysore District,Power,9
2025-03-15,Solar PV Installer,Mysuru,Renewable Energy,6
2025-03-15,Rooftop Solar Installer,Mysore,Green Jobs,3
2025-03-15,Solar Technician - Rooftop,Mysore District,Power,2
2025-04-15,Solar Technician,Mysuru,Renewable Energy,9
2025-04-15,Senior Solar PV Installer,Mysore,Green Jobs,6
2025-04-15,Rooftop Solar Installer,Mysore District,Power,3
2025-04-15,Solar Technician - Rooftop,Mysuru,Renewable Energy,2
2025-05-15,Solar Technician,Mysore,Green Jobs,9
2025-05-15,Solar PV Installer,Mysore District,Power,6
2025-05-15,Rooftop Solar Installer,Mysuru,Renewable Energy,3
2025-05-15,Solar Technician - Rooftop,Mysore,Green Jobs,2
2025-06-15,Solar Technician,Mysore District,Power,9
2025-06-15,Senior Solar PV Installer,Mysuru,Renewable Energy,6
2025-06-15,Rooftop Solar Installer,Mysore,Green Jobs,3
2025-06-15,Solar Technician - Rooftop,Mysore District,Power,2
2025-07-15,Solar Technician,Mysuru,Renewable Energy,9
2025-07-15,Solar PV Installer,Mysore,Green Jobs,6
2025-07-15,Rooftop Solar Installer,Mysore District,Power,3
2025-07-15,Solar Technician - Rooftop,Mysuru,Renewable Energy,2
2025-08-15,Solar Technician,Mysore,Green Jobs,10
2025-08-15,Senior Solar PV Installer,Mysore District,Power,6
2025-08-15,Rooftop Solar Installer,Mysuru,Renewable Energy,3
2025-08-15,Solar Technician - Rooftop,Mysore,Green Jobs,2
2025-09-15,Solar Technician,Mysore District,Power,10
2025-09-15,Solar PV Installer,Mysuru,Renewable Energy,6
2025-09-15,Rooftop Solar Installer,Mysore,Green Jobs,3
2025-09-15,Solar Technician - Rooftop,Mysore District,Power,2
2025-10-15,Solar Technician,Mysuru,Renewable Energy,10
2025-10-15,Senior Solar PV Installer,Mysore,Green Jobs,7
2025-10-15,Rooftop Solar Installer,Mysore District,Power,4
2025-10-15,Solar Technician - Rooftop,Mysuru,Renewable Energy,2
2025-11-15,Solar Technician,Mysore,Green Jobs,11
2025-11-15,Solar PV Installer,Mysore District,Power,7
2025-11-15,Rooftop Solar Installer,Mysuru,Renewable Energy,4
2025-11-15,Solar Technician - Rooftop,Mysore,Green Jobs,2
2025-12-15,Solar Technician,Mysore District,Power,11
2025-12-15,Senior Solar PV Installer,Mysuru,Renewable Energy,8
2025-12-15,Rooftop Solar Installer,Mysore,Green Jobs,4
2025-12-15,Solar Technician - Rooftop,Mysore District,Power,2
2026-01-15,Solar Technician,Mysuru,Renewable Energy,10
2026-01-15,Solar PV Installer,Mysore,Green Jobs,7
2026-01-15,Rooftop Solar Installer,Mysore District,Power,4
2026-01-15,Solar Technician - Rooftop,Mysuru,Renewable Energy,2
2026-02-15,Solar Technician,Mysore,Green Jobs,11
2026-02-15,Senior Solar PV Installer,Mysore District,Power,7
2026-02-15,Rooftop Solar Installer,Mysuru,Renewable Energy,4
2026-02-15,Solar Technician - Rooftop,Mysore,Green Jobs,2
2026-03-15,Solar Technician,Mysore District,Power,11
2026-03-15,Solar PV Installer,Mysuru,Renewable Energy,7
2026-03-15,Rooftop Solar Installer,Mysore,Green Jobs,4
2026-03-15,Solar Technician - Rooftop,Mysore District,Power,2
2026-04-15,Solar Technician,Mysuru,Renewable Energy,11
2026-04-15,Senior Solar PV Installer,Mysore,Green Jobs,8
2026-04-15,Rooftop Solar Installer,Mysore District,Power,4
2026-04-15,Solar Technician - Rooftop,Mysuru,Renewable Energy,2
2026-05-15,Solar Technician,Mysore,Green Jobs,11
2026-05-15,Solar PV Installer,Mysore District,Power,8
2026-05-15,Rooftop Solar Installer,Mysuru,Renewable Energy,4
2026-05-15,Solar Technician - Rooftop,Mysore,Green Jobs,2
2026-06-15,Solar Technician,Mysore District,Power,11
2026-06-15,Senior Solar PV Installer,Mysuru,Renewable Energy,8
2026-06-15,Rooftop Solar Installer,Mysore,Green Jobs,4
2026-06-15,Solar Technician - Rooftop,Mysore District,Power,2
2026-07-15,Solar Technician,Mysuru,Renewable Energy,11
2026-07-15,Solar PV Installer,Mysore,Green Jobs,8
2026-07-15,Rooftop Solar Installer,Mysore District,Power,4
2026-07-15,Solar Technician - Rooftop,Mysuru,Renewable Energy,2
2026-08-15,Solar Technician,Mysore,Green Jobs,11
2026-08-15,Senior Solar PV Installer,Mysore District,Power,8
2026-08-15,Rooftop Solar Installer,Mysuru,Renewable Energy,4
2026-08-15,Solar Technician - Rooftop,Mysore,Green Jobs,2
2026-09-15,Solar Technician,Mysore District,Power,11
2026-09-15,Solar PV Installer,Mysuru,Renewable Energy,8
2026-09-15,Rooftop Solar Installer,Mysore,Green Jobs,4
2026-09-15,Solar Technician - Rooftop,Mysore District,Power,2
2024-10-15,Wind Turbine Technician,Mysuru,Renewable Energy,4
2024-10-15,Senior Wind Technician,Mysore,Green Jobs,2
2024-10-15,WTG Technician,Mysore District,Power,1
2024-10-15,Wind Turbine Technician (O&M),Mysuru,Renewable Energy,1
2024-11-15,Wind Turbine Technician,Mysore,Green Jobs,4
2024-11-15,Wind Technician,Mysore District,Power,2
2024-11-15,WTG Technician,Mysuru,Renewable Energy,1
2024-11-15,Wind Turbine Technician (O&M),Mysore,Green Jobs,1
2024-12-15,Wind Turbine Technician,Mysore District,Power,4
2024-12-15,Senior Wind Technician,Mysuru,Renewable Energy,2
2024-12-15,WTG Technician,Mysore,Green Jobs,1
2024-12-15,Wind Turbine Technician (O&M),Mysore District,Power,1
2025-01-15,Wind Turbine Technician,Mysuru,Renewable Energy,4
2025-01-15,Wind Technician,Mysore,Green Jobs,3
2025-01-15,WTG Technician,Mysore District,Power,1
2025-01-15,Wind Turbine Technician (O&M),Mysuru,Renewable Energy,1
2025-02-15,Wind Turbine Technician,Mysore,Green Jobs,4
2025-02-15,Senior Wind Technician,Mysore District,Power,3
2025-02-15,WTG Technician,Mysuru,Renewable Energy,1
2025-02-15,Wind Turbine Technician (O&M),Mysore,Green Jobs,1
2025-03-15,Wind Turbine Technician,Mysore District,Power,4
2025-03-15,Wind Technician,Mysuru,Renewable Energy,3
2025-03-15,WTG Technician,Mysore,Green Jobs,1
2025-03-15,Wind Turbine Technician (O&M),Mysore District,Power,1
2025-04-15,Wind Turbine Technician,Mysooru,Renewable Energy,4
2025-04-15,Senior Wind Technician,Mysooru,Green Jobs,2
2025-04-15,WTG Technician,Mysooru,Power,1
2025-04-15,Wind Turbine Technician (O&M),Mysooru,Renewable Energy,1
2025-05-15,Wind Turbine Technician,Mysore,Green Jobs,4
2025-05-15,Wind Technician,Mysore District,Power,2
2025-05-15,WTG Technician,Mysuru,Renewable Energy,1
2025-05-15,Wind Turbine Technician (O&M),Mysore,Green Jobs,1
2025-06-15,Wind Turbine Technician,Mysore District,Power,4
2025-06-15,Senior Wind Technician,Mysuru,Renewable Energy,2
2025-06-15,WTG Technician,Mysore,Green Jobs,1
2025-06-15,Wind Turbine Technician (O&M),Mysore District,Power,1
2025-07-15,Wind Turbine Technician,Mysuru,Renewable Energy,4
2025-07-15,Wind Technician,Mysore,Green Jobs,2
2025-07-15,WTG Technician,Mysore District,Power,1
2025-07-15,Wind Turbine Technician (O&M),Mysuru,Renewable Energy,1
2025-08-15,Wind Turbine Technician,Mysooru,Green Jobs,4
2025-08-15,Senior Wind Technician,Mysooru,Power,3
2025-08-15,WTG Technician,Mysooru,Renewable Energy,1
2025-08-15,Wind Turbine Technician (O&M),Mysore,Green Jobs,1
2025-09-15,Wind Turbine Technician,Mysooru,Power,4
2025-09-15,Wind Technician,Mysooru,Renewable Energy,3
2025-09-15,WTG Technician,Mysooru,Green Jobs,1
2025-09-15,Wind Turbine Technician (O&M),Mysooru,Power,1
2025-10-15,Wind Turbine Technician,Mysuru,Renewable Energy,5
2025-10-15,Senior Wind Technician,Mysore,Green Jobs,3
2025-10-15,WTG Technician,Mysore District,Power,1
2025-10-15,Wind Turbine Technician (O&M),Mysuru,Renewable Energy,1
2025-11-15,Wind Turbine Technician,Mysore,Green Jobs,5
2025-11-15,Wind Technician,Mysore District,Power,3
2025-11-15,WTG Technician,Mysuru,Renewable Energy,2
2025-11-15,Wind Turbine Technician (O&M),Mysore,Green Jobs,1
2025-12-15,Wind Turbine Technician,Mysore District,Power,5
2025-12-15,Senior Wind Technician,Mysuru,Renewable Energy,3
2025-12-15,WTG Technician,Mysore,Green Jobs,2
2025-12-15,Wind Turbine Technician (O&M),Mysore District,Power,1
2026-01-15,Wind Turbine Technician,Mysuru,Renewable Energy,5
2026-01-15,Wind Technician,Mysore,Green Jobs,4
2026-01-15,WTG Technician,Mysore District,Power,2
2026-01-15,Wind Turbine Technician (O&M),Mysuru,Renewable Energy,1
2026-02-15,Wind Turbine Technician,Mysore,Green Jobs,5
2026-02-15,Senior Wind Technician,Mysore District,Power,4
2026-02-15,WTG Technician,Mysuru,Renewable Energy,2
2026-02-15,Wind Turbine Technician (O&M),Mysore,Green Jobs,1
2026-03-15,Wind Turbine Technician,Mysore District,Power,5
2026-03-15,Wind Technician,Mysuru,Renewable Energy,4
2026-03-15,WTG Technician,Mysore,Green Jobs,2
2026-03-15,Wind Turbine Technician (O&M),Mysore District,Power,1
2026-04-15,Wind Turbine Technician,Mysuru,Renewable Energy,5
2026-04-15,Senior Wind Technician,Mysore,Green Jobs,4
2026-04-15,WTG Technician,Mysore District,Power,2
2026-04-15,Wind Turbine Technician (O&M),Mysuru,Renewable Energy,1
2026-05-15,Wind Turbine Technician,Mysore,Green Jobs,5
2026-05-15,Wind Technician,Mysore District,Power,3
2026-05-15,WTG Technician,Mysuru,Renewable Energy,2
2026-05-15,Wind Turbine Technician (O&M),Mysore,Green Jobs,1
2026-06-15,Wind Turbine Technician,Mysore District,Power,5
2026-06-15,Senior Wind Technician,Mysuru,Renewable Energy,3
2026-06-15,WTG Technician,Mysore,Green Jobs,2
2026-06-15,Wind Turbine Technician (O&M),Mysore District,Power,1
2026-07-15,Wind Turbine Technician,Mysuru,Renewable Energy,5
2026-07-15,Wind Technician,Mysore,Green Jobs,3
2026-07-15,WTG Technician,Mysore District,Power,2
2026-07-15,Wind Turbine Technician (O&M),Mysuru,Renewable Energy,1
2026-08-15,Wind Turbine Technician,Mysore,Green Jobs,5
2026-08-15,Senior Wind Technician,Mysore District,Power,4
2026-08-15,WTG Technician,Mysuru,Renewable Energy,2
2026-08-15,Wind Turbine Technician (O&M),Mysore,Green Jobs,1
2026-09-15,Wind Turbine Technician,Mysore District,Power,5
2026-09-15,Wind Technician,Mysuru,Renewable Energy,4
2026-09-15,WTG Technician,Mysore,Green Jobs,2
2026-09-15,Wind Turbine Technician (O&M),Mysore District,Power,1
2024-10-15,Software Developer,Pune,IT & Digital,280
2024-10-15,Senior Software Engineer,Poona,IT/ITES,187
2024-10-15,Full Stack Developer,Pimpri Chinchwad,Information Technology,93
2024-10-15,Java Developer,Pune,IT & Digital,62
2024-11-15,Software Developer,Poona,IT/ITES,278
2024-11-15,Software Engineer,Pimpri Chinchwad,Information Technology,185
2024-11-15,Full Stack Developer,Pune,IT & Digital,93
2024-11-15,Java Developer,Poona,IT/ITES,62
2024-12-15,Software Developer,Pimpri Chinchwad,Information Technology,275
2024-12-15,Senior Software Engineer,Pune,IT & Digital,184
2024-12-15,Full Stack Developer,Poona,IT/ITES,92
2024-12-15,Java Developer,Pimpri Chinchwad,Information Technology,61
2025-01-15,Software Developer,Pune,IT & Digital,261
2025-01-15,Software Engineer,Poona,IT/ITES,174
2025-01-15,Full Stack Developer,Pimpri Chinchwad,Information Technology,87
2025-01-15,Java Developer,Pune,IT & Digital,58
2025-02-15,Software Developer,Poona,IT/ITES,260
2025-02-15,Senior Software Engineer,Pimpri Chinchwad,Information Technology,173
2025-02-15,Full Stack Developer,Pune,IT & Digital,86
2025-02-15,Java Developer,Poona,IT/ITES,58
2025-03-15,Software Developer,Pimpri Chinchwad,Information Technology,260
2025-03-15,Software Engineer,Pune,IT & Digital,174
2025-03-15,Full Stack Developer,Poona,IT/ITES,87
2025-03-15,Java Developer,Pimpri Chinchwad,Information Technology,58
2025-04-15,Software Developer,Pune,IT & Digital,264
2025-04-15,Senior Software Engineer,Poona,IT/ITES,176
2025-04-15,Full Stack Developer,Pimpri Chinchwad,Information Technology,88
2025-04-15,Java Developer,Pune,IT & Digital,58
2025-05-15,Software Developer,Poona,IT/ITES,270
2025-05-15,Software Engineer,Pimpri Chinchwad,Information Technology,180
2025-05-15,Full Stack Developer,Pune,IT & Digital,90
2025-05-15,Java Developer,Poona,IT/ITES,60
2025-06-15,Software Developer,Pimpri Chinchwad,Information Technology,278
2025-06-15,Senior Software Engineer,Pune,IT & Digital,186
2025-06-15,Full Stack Developer,Poona,IT/ITES,93
2025-06-15,Java Developer,Pimpri Chinchwad,Information Technology,62
2025-07-15,Software Developer,Pune,IT & Digital,286
2025-07-15,Software Engineer,Poona,IT/ITES,191
2025-07-15,Full Stack Developer,Pimpri Chinchwad,Information Technology,95
2025-07-15,Java Developer,Pune,IT & Digital,64
2025-08-15,Software Developer,Poona,IT/ITES,292
2025-08-15,Senior Software Engineer,Pimpri Chinchwad,Information Technology,195
2025-08-15,Full Stack Developer,Pune,IT & Digital,97
2025-08-15,Java Developer,Poona,IT/ITES,65
2025-09-15,Software Developer,Pune City,Information Technology,296
2025-09-15,Software Engineer,Pune City,IT & Digital,197
2025-09-15,Full Stack Developer,Pune City,IT/ITES,98
2025-09-15,Java Developer,Pune City,Information Technology,66
2025-10-15,Software Developer,Pune,IT & Digital,298
2025-10-15,Senior Software Engineer,Poona,IT/ITES,198
2025-10-15,Full Stack Developer,Pimpri Chinchwad,Information Technology,99
2025-10-15,Java Developer,Pune,IT & Digital,66
2025-11-15,Software Developer,Poona,IT/ITES,295
2025-11-15,Software Engineer,Pimpri Chinchwad,Information Technology,197
2025-11-15,Full Stack Developer,Pune,IT & Digital,98
2025-11-15,Java Developer,Poona,IT/ITES,66
2025-12-15,Software Developer,Pimpri Chinchwad,Information Technology,292
2025-12-15,Senior Software Engineer,Pune,IT & Digital,195
2025-12-15,Full Stack Developer,Poona,IT/ITES,97
2025-12-15,Java Developer,Pimpri Chinchwad,Information Technology,65
2026-01-15,Software Developer,Pune,IT & Digital,277
2026-01-15,Software Engineer,Poona,IT/ITES,185
2026-01-15,Full Stack Developer,Pimpri Chinchwad,Information Technology,92
2026-01-15,Java Developer,Pune,IT & Digital,62
2026-02-15,Software Developer,Poona,IT/ITES,275
2026-02-15,Senior Software Engineer,Pimpri Chinchwad,Information Technology,184
2026-02-15,Full Stack Developer,Pune,IT & Digital,92
2026-02-15,Java Developer,Poona,IT/ITES,61
2026-03-15,Software Developer,Pimpri Chinchwad,Information Technology,277
2026-03-15,Software Engineer,Pune,IT & Digital,185
2026-03-15,Full Stack Developer,Poona,IT/ITES,92
2026-03-15,Java Developer,Pimpri Chinchwad,Information Technology,61
2026-04-15,Software Developer,Pune,IT & Digital,280
2026-04-15,Senior Software Engineer,Poona,IT/ITES,187
2026-04-15,Full Stack Developer,Pimpri Chinchwad,Information Technology,93
2026-04-15,Java Developer,Pune,IT & Digital,62
2026-05-15,Software Developer,Poona,IT/ITES,287
2026-05-15,Software Engineer,Pimpri Chinchwad,Information Technology,191
2026-05-15,Full Stack Developer,Pune,IT & Digital,95
2026-05-15,Java Developer,Poona,IT/ITES,64
2026-06-15,Software Developer,Pimpri Chinchwad,Information Technology,295
2026-06-15,Senior Software Engineer,Pune,IT & Digital,197
2026-06-15,Full Stack Developer,Poona,IT/ITES,98
2026-06-15,Java Developer,Pimpri Chinchwad,Information Technology,66
2026-07-15,Software Developer,Pune City,IT & Digital,304
2026-07-15,Software Engineer,Pune City,IT/ITES,203
2026-07-15,Full Stack Developer,Pune City,Information Technology,101
2026-07-15,Java Developer,Pune City,IT & Digital,68
2026-08-15,Software Developer,Pune City,IT/ITES,348
2026-08-15,Senior Software Engineer,Pune City,Information Technology,232
2026-08-15,Full Stack Developer,Pune City,IT & Digital,116
2026-08-15,Java Developer,Pune City,IT/ITES,77
2026-09-15,Software Developer,Pimpri Chinchwad,Information Technology,352
2026-09-15,Software Engineer,Pune,IT & Digital,235
2026-09-15,Full Stack Developer,Poona,IT/ITES,118
2026-09-15,Java Developer,Pimpri Chinchwad,Information Technology,78
2024-10-15,Data Entry Operator,Pune,IT & Digital,91
2024-10-15,Senior Back Office Executive,Poona,IT/ITES,61
2024-10-15,Computer Operator,Pimpri Chinchwad,Information Technology,31
2024-10-15,Data Entry Opertor,Pune,IT & Digital,20
2024-11-15,Data Entry Operator,Poona,IT/ITES,92
2024-11-15,Back Office Executive,Pimpri Chinchwad,Information Technology,61
2024-11-15,Computer Operator,Pune,IT & Digital,31
2024-11-15,Data Entry Opertor,Poona,IT/ITES,20
2024-12-15,Data Entry Operator,Pimpri Chinchwad,Information Technology,93
2024-12-15,Senior Back Office Executive,Pune,IT & Digital,62
2024-12-15,Computer Operator,Poona,IT/ITES,31
2024-12-15,Data Entry Opertor,Pimpri Chinchwad,Information Technology,20
2025-01-15,Data Entry Operator,Pune,IT & Digital,85
2025-01-15,Back Office Executive,Poona,IT/ITES,56
2025-01-15,Computer Operator,Pimpri Chinchwad,Information Technology,28
2025-01-15,Data Entry Opertor,Pune,IT & Digital,19
2025-02-15,Data Entry Operator,Poona,IT/ITES,85
2025-02-15,Senior Back Office Executive,Pimpri Chinchwad,Information Technology,56
2025-02-15,Computer Operator,Pune,IT & Digital,28
2025-02-15,Data Entry Opertor,Poona,IT/ITES,19
2025-03-15,Data Entry Operator,Pimpri Chinchwad,Information Technology,83
2025-03-15,Back Office Executive,Pune,IT & Digital,56
2025-03-15,Computer Operator,Poona,IT/ITES,28
2025-03-15,Data Entry Opertor,Pimpri Chinchwad,Information Technology,18
2025-04-15,Data Entry Operator,Pune,IT & Digital,82
2025-04-15,Senior Back Office Executive,Poona,IT/ITES,55
2025-04-15,Computer Operator,Pimpri Chinchwad,Information Technology,27
2025-04-15,Data Entry Opertor,Pune,IT & Digital,18
2025-05-15,Data Entry Operator,Poona,IT/ITES,79
2025-05-15,Back Office Executive,Pimpri Chinchwad,Information Technology,53
2025-05-15,Computer Operator,Pune,IT & Digital,26
2025-05-15,Data Entry Opertor,Poona,IT/ITES,18
2025-06-15,Data Entry Operator,Pimpri Chinchwad,Information Technology,77
2025-06-15,Senior Back Office Executive,Pune,IT & Digital,51
2025-06-15,Computer Operator,Poona,IT/ITES,26
2025-06-15,Data Entry Opertor,Pimpri Chinchwad,Information Technology,17
2025-07-15,Data Entry Operator,Pune,IT & Digital,75
2025-07-15,Back Office Executive,Poona,IT/ITES,50
2025-07-15,Computer Operator,Pimpri Chinchwad,Information Technology,25
2025-07-15,Data Entry Opertor,Pune,IT & Digital,16
2025-08-15,Data Entry Operator,Poona,IT/ITES,73
2025-08-15,Senior Back Office Executive,Pimpri Chinchwad,Information Technology,49
2025-08-15,Computer Operator,Pune,IT & Digital,24
2025-08-15,Data Entry Opertor,Poona,IT/ITES,16
2025-09-15,Data Entry Operator,Pimpri Chinchwad,Information Technology,72
2025-09-15,Back Office Executive,Pune,IT & Digital,48
2025-09-15,Computer Operator,Poona,IT/ITES,24
2025-09-15,Data Entry Opertor,Pimpri Chinchwad,Information Technology,16
2025-10-15,Data Entry Operator,Pune,IT & Digital,73
2025-10-15,Senior Back Office Executive,Poona,IT/ITES,49
2025-10-15,Computer Operator,Pimpri Chinchwad,Information Technology,24
2025-10-15,Data Entry Opertor,Pune,IT & Digital,16
2025-11-15,Data Entry Operator,Poona,IT/ITES,74
2025-11-15,Back Office Executive,Pimpri Chinchwad,Information Technology,49
2025-11-15,Computer Operator,Pune,IT & Digital,25
2025-11-15,Data Entry Opertor,Poona,IT/ITES,16
2025-12-15,Data Entry Operator,Pimpri Chinchwad,Information Technology,74
2025-12-15,Senior Back Office Executive,Pune,IT & Digital,49
2025-12-15,Computer Operator,Poona,IT/ITES,25
2025-12-15,Data Entry Opertor,Pimpri Chinchwad,Information Technology,16
2026-01-15,Data Entry Operator,Pune,IT & Digital,79
2026-01-15,Back Office Executive,Poona,IT/ITES,53
2026-01-15,Computer Operator,Pimpri Chinchwad,Information Technology,26
2026-01-15,Data Entry Opertor,Pune,IT & Digital,18
2026-02-15,Data Entry Operator,Poona,IT/ITES,79
2026-02-15,Senior Back Office Executive,Pimpri Chinchwad,Information Technology,53
2026-02-15,Computer Operator,Pune,IT & Digital,26
2026-02-15,Data Entry Opertor,Poona,IT/ITES,18
2026-03-15,Data Entry Operator,Pimpri Chinchwad,Information Technology,78
2026-03-15,Back Office Executive,Pune,IT & Digital,52
2026-03-15,Computer Operator,Poona,IT/ITES,26
2026-03-15,Data Entry Opertor,Pimpri Chinchwad,Information Technology,18
2026-04-15,Data Entry Operator,Pune City,IT & Digital,77
2026-04-15,Senior Back Office Executive,Pune City,IT/ITES,51
2026-04-15,Computer Operator,Pune City,Information Technology,25
2026-04-15,Data Entry Opertor,Pune City,IT & Digital,17
2026-05-15,Data Entry Operator,Poona,IT/ITES,74
2026-05-15,Back Office Executive,Pimpri Chinchwad,Information Technology,50
2026-05-15,Computer Operator,Pune,IT & Digital,25
2026-05-15,Data Entry Opertor,Poona,IT/ITES,16
2026-06-15,Data Entry Operator,Pimpri Chinchwad,Information Technology,72
2026-06-15,Senior Back Office Executive,Pune,IT & Digital,48
2026-06-15,Computer Operator,Poona,IT/ITES,24
2026-06-15,Data Entry Opertor,Pimpri Chinchwad,Information Technology,16
2026-07-15,Data Entry Operator,Pune,IT & Digital,70
2026-07-15,Back Office Executive,Poona,IT/ITES,47
2026-07-15,Computer Operator,Pimpri Chinchwad,Information Technology,23
2026-07-15,Data Entry Opertor,Pune,IT & Digital,15
2026-08-15,Data Entry Operator,Poona,IT/ITES,69
2026-08-15,Senior Back Office Executive,Pimpri Chinchwad,Information Technology,46
2026-08-15,Computer Operator,Pune,IT & Digital,23
2026-08-15,Data Entry Opertor,Poona,IT/ITES,15
2026-09-15,Data Entry Operator,Pimpri Chinchwad,Information Technology,68
2026-09-15,Back Office Executive,Pune,IT & Digital,45
2026-09-15,Computer Operator,Poona,IT/ITES,22
2026-09-15,Data Entry Opertor,Pimpri Chinchwad,Information Technology,15
2024-10-15,Digital Marketing Executive,Pune,IT & Digital,41
2024-10-15,Senior SEO Executive,Poona,IT/ITES,28
2024-10-15,Social Media Executive,Pimpri Chinchwad,Information Technology,14
2024-10-15,Performance Marketing Associate,Pune,IT & Digital,9
2024-11-15,Digital Marketing Executive,Poona,IT/ITES,42
2024-11-15,SEO Executive,Pimpri Chinchwad,Information Technology,28
2024-11-15,Social Media Executive,Pune,IT & Digital,14
2024-11-15,Performance Marketing Associate,Poona,IT/ITES,9
2024-12-15,Digital Marketing Executive,Pimpri Chinchwad,Information Technology,42
2024-12-15,Senior SEO Executive,Pune,IT & Digital,28
2024-12-15,Social Media Executive,Poona,IT/ITES,14
2024-12-15,Performance Marketing Associate,Pimpri Chinchwad,Information Technology,10
2025-01-15,Digital Marketing Executive,Pune,IT & Digital,44
2025-01-15,SEO Executive,Poona,IT/ITES,29
2025-01-15,Social Media Executive,Pimpri Chinchwad,Information Technology,14
2025-01-15,Performance Marketing Associate,Pune,IT & Digital,10
2025-02-15,Digital Marketing Executive,Poona,IT/ITES,43
2025-02-15,Senior SEO Executive,Pimpri Chinchwad,Information Technology,29
2025-02-15,Social Media Executive,Pune,IT & Digital,14
2025-02-15,Performance Marketing Associate,Poona,IT/ITES,10
2025-03-15,Digital Marketing Executive,Pimpri Chinchwad,Information Technology,43
2025-03-15,SEO Executive,Pune,IT & Digital,29
2025-03-15,Social Media Executive,Poona,IT/ITES,14
2025-03-15,Performance Marketing Associate,Pimpri Chinchwad,Information Technology,10
2025-04-15,Digital Marketing Executive,Pune,IT & Digital,44
2025-04-15,Senior SEO Executive,Poona,IT/ITES,29
2025-04-15,Social Media Executive,Pimpri Chinchwad,Information Technology,14
2025-04-15,Performance Marketing Associate,Pune,IT & Digital,10
2025-05-15,Digital Marketing Executive,Pune City,IT/ITES,44
2025-05-15,SEO Executive,Pune City,Information Technology,29
2025-05-15,Social Media Executive,Pune City,IT & Digital,15
2025-05-15,Performance Marketing Associate,Pune City,IT/ITES,10
2025-06-15,Digital Marketing Executive,Pimpri Chinchwad,Information Technology,45
2025-06-15,Senior SEO Executive,Pune,IT & Digital,30
2025-06-15,Social Media Executive,Poona,IT/ITES,15
2025-06-15,Performance Marketing Associate,Pimpri Chinchwad,Information Technology,10
2025-07-15,Digital Marketing Executive,Pune,IT & Digital,47
2025-07-15,SEO Executive,Poona,IT/ITES,31
2025-07-15,Social Media Executive,Pimpri Chinchwad,Information Technology,16
2025-07-15,Performance Marketing Associate,Pune,IT & Digital,10
2025-08-15,Digital Marketing Executive,Poona,IT/ITES,48
2025-08-15,Senior SEO Executive,Pimpri Chinchwad,Information Technology,32
2025-08-15,Social Media Executive,Pune,IT & Digital,16
2025-08-15,Performance Marketing Associate,Poona,IT/ITES,11
2025-09-15,Digital Marketing Executive,Pimpri Chinchwad,Information Technology,50
2025-09-15,SEO Executive,Pune,IT & Digital,33
2025-09-15,Social Media Executive,Poona,IT/ITES,16
2025-09-15,Performance Marketing Associate,Pimpri Chinchwad,Information Technology,11
2025-10-15,Digital Marketing Executive,Pune,IT & Digital,51
2025-10-15,Senior SEO Executive,Poona,IT/ITES,34
2025-10-15,Social Media Executive,Pimpri Chinchwad,Information Technology,17
2025-10-15,Performance Marketing Associate,Pune,IT & Digital,12
2025-11-15,Digital Marketing Executive,Poona,IT/ITES,52
2025-11-15,SEO Executive,Pimpri Chinchwad,Information Technology,35
2025-11-15,Social Media Executive,Pune,IT & Digital,17
2025-11-15,Performance Marketing Associate,Poona,IT/ITES,12
2025-12-15,Digital Marketing Executive,Pune City,Information Technology,53
2025-12-15,Senior SEO Executive,Pune City,IT & Digital,35
2025-12-15,Social Media Executive,Pune City,IT/ITES,17
2025-12-15,Performance Marketing Associate,Pune City,Information Technology,12
2026-01-15,Digital Marketing Executive,Pune,IT & Digital,55
2026-01-15,SEO Executive,Poona,IT/ITES,37
2026-01-15,Social Media Executive,Pimpri Chinchwad,Information Technology,19
2026-01-15,Performance Marketing Associate,Pune,IT & Digital,12
2026-02-15,Digital Marketing Executive,Poona,IT/ITES,55
2026-02-15,Senior SEO Executive,Pimpri Chinchwad,Information Technology,37
2026-02-15,Social Media Executive,Pune,IT & Digital,18
2026-02-15,Performance Marketing Associate,Poona,IT/ITES,12
2026-03-15,Digital Marketing Executive,Pimpri Chinchwad,Information Technology,55
2026-03-15,SEO Executive,Pune,IT & Digital,37
2026-03-15,Social Media Executive,Poona,IT/ITES,18
2026-03-15,Performance Marketing Associate,Pimpri Chinchwad,Information Technology,12
2026-04-15,Digital Marketing Executive,Pune City,IT & Digital,55
2026-04-15,Senior SEO Executive,Pune City,IT/ITES,37
2026-04-15,Social Media Executive,Pune City,Information Technology,18
2026-04-15,Performance Marketing Associate,Pune City,IT & Digital,12
2026-05-15,Digital Marketing Executive,Poona,IT/ITES,56
2026-05-15,SEO Executive,Pimpri Chinchwad,Information Technology,37
2026-05-15,Social Media Executive,Pune,IT & Digital,19
2026-05-15,Performance Marketing Associate,Poona,IT/ITES,12
2026-06-15,Digital Marketing Executive,Pimpri Chinchwad,Information Technology,57
2026-06-15,Senior SEO Executive,Pune,IT & Digital,38
2026-06-15,Social Media Executive,Poona,IT/ITES,19
2026-06-15,Performance Marketing Associate,Pimpri Chinchwad,Information Technology,13
2026-07-15,Digital Marketing Executive,Pune,IT & Digital,59
2026-07-15,SEO Executive,Poona,IT/ITES,40
2026-07-15,Social Media Executive,Pimpri Chinchwad,Information Technology,20
2026-07-15,Performance Marketing Associate,Pune,IT & Digital,13
2026-08-15,Digital Marketing Executive,Poona,IT/ITES,62
2026-08-15,Senior SEO Executive,Pimpri Chinchwad,Information Technology,41
2026-08-15,Social Media Executive,Pune,IT & Digital,21
2026-08-15,Performance Marketing Associate,Poona,IT/ITES,14
2026-09-15,Digital Marketing Executive,Pimpri Chinchwad,Information Technology,64
2026-09-15,SEO Executive,Pune,IT & Digital,43
2026-09-15,Social Media Executive,Poona,IT/ITES,21
2026-09-15,Performance Marketing Associate,Pimpri Chinchwad,Information Technology,14
2024-10-15,General Duty Assistant,Pune,Healthcare,70
2024-10-15,Senior Patient Care Assistant,Poona,Hospitals,47
2024-10-15,Nursing Assistant,Pimpri Chinchwad,Healthcare,23
2024-10-15,Hospital Attendant,Pune,Hospitals,15
2024-11-15,General Duty Assistant,Poona,Hospitals,70
2024-11-15,Patient Care Assistant,Pimpri Chinchwad,Healthcare,47
2024-11-15,Nursing Assistant,Pune,Hospitals,23
2024-11-15,Hospital Attendant,Poona,Healthcare,15
2024-12-15,General Duty Assistant,Pimpri Chinchwad,Healthcare,69
2024-12-15,Senior Patient Care Assistant,Pune,Hospitals,46
2024-12-15,Nursing Assistant,Poona,Healthcare,23
2024-12-15,Hospital Attendant,Pimpri Chinchwad,Hospitals,15
2025-01-15,General Duty Assistant,Pune,Hospitals,71
2025-01-15,Patient Care Assistant,Poona,Healthcare,47
2025-01-15,Nursing Assistant,Pimpri Chinchwad,Hospitals,23
2025-01-15,Hospital Attendant,Pune,Healthcare,16
2025-02-15,General Duty Assistant,Poona,Healthcare,70
2025-02-15,Senior Patient Care Assistant,Pimpri Chinchwad,Hospitals,47
2025-02-15,Nursing Assistant,Pune,Healthcare,23
2025-02-15,Hospital Attendant,Poona,Hospitals,15
2025-03-15,General Duty Assistant,Pimpri Chinchwad,Hospitals,69
2025-03-15,Patient Care Assistant,Pune,Healthcare,46
2025-03-15,Nursing Assistant,Poona,Hospitals,23
2025-03-15,Hospital Attendant,Pimpri Chinchwad,Healthcare,15
2025-04-15,General Duty Assistant,Pune,Healthcare,68
2025-04-15,Senior Patient Care Assistant,Poona,Hospitals,46
2025-04-15,Nursing Assistant,Pimpri Chinchwad,Healthcare,23
2025-04-15,Hospital Attendant,Pune,Hospitals,15
2025-05-15,General Duty Assistant,Poona,Hospitals,69
2025-05-15,Patient Care Assistant,Pimpri Chinchwad,Healthcare,46
2025-05-15,Nursing Assistant,Pune,Hospitals,23
2025-05-15,Hospital Attendant,Poona,Healthcare,15
2025-06-15,General Duty Assistant,Pimpri Chinchwad,Healthcare,70
2025-06-15,Senior Patient Care Assistant,Pune,Hospitals,47
2025-06-15,Nursing Assistant,Poona,Healthcare,23
2025-06-15,Hospital Attendant,Pimpri Chinchwad,Hospitals,16
2025-07-15,General Duty Assistant,Pune City,Hospitals,72
2025-07-15,Patient Care Assistant,Pune City,Healthcare,48
2025-07-15,Nursing Assistant,Pune City,Hospitals,24
2025-07-15,Hospital Attendant,Pune City,Healthcare,16
2025-08-15,General Duty Assistant,Poona,Healthcare,74
2025-08-15,Senior Patient Care Assistant,Pimpri Chinchwad,Hospitals,49
2025-08-15,Nursing Assistant,Pune,Healthcare,25
2025-08-15,Hospital Attendant,Poona,Hospitals,16
2025-09-15,General Duty Assistant,Pimpri Chinchwad,Hospitals,75
2025-09-15,Patient Care Assistant,Pune,Healthcare,50
2025-09-15,Nursing Assistant,Poona,Hospitals,25
2025-09-15,Hospital Attendant,Pimpri Chinchwad,Healthcare,17
2025-10-15,General Duty Assistant,Pune,Healthcare,66
2025-10-15,Senior Patient Care Assistant,Poona,Hospitals,44
2025-10-15,Nursing Assistant,Pimpri Chinchwad,Healthcare,22
2025-10-15,Hospital Attendant,Pune,Hospitals,14
2025-11-15,General Duty Assistant,Poona,Hospitals,66
2025-11-15,Patient Care Assistant,Pimpri Chinchwad,Healthcare,44
2025-11-15,Nursing Assistant,Pune,Hospitals,22
2025-11-15,Hospital Attendant,Poona,Healthcare,14
2025-12-15,General Duty Assistant,Pimpri Chinchwad,Healthcare,76
2025-12-15,Senior Patient Care Assistant,Pune,Hospitals,50
2025-12-15,Nursing Assistant,Poona,Healthcare,25
2025-12-15,Hospital Attendant,Pimpri Chinchwad,Hospitals,17
2026-01-15,General Duty Assistant,Pune,Hospitals,69
2026-01-15,Patient Care Assistant,Poona,Healthcare,46
2026-01-15,Nursing Assistant,Pimpri Chinchwad,Hospitals,23
2026-01-15,Hospital Attendant,Pune,Healthcare,15
2026-02-15,General Duty Assistant,Pune City,Healthcare,68
2026-02-15,Senior Patient Care Assistant,Pune City,Hospitals,45
2026-02-15,Nursing Assistant,Pune City,Healthcare,22
2026-02-15,Hospital Attendant,Pune City,Hospitals,15
2026-03-15,General Duty Assistant,Pimpri Chinchwad,Hospitals,67
2026-03-15,Patient Care Assistant,Pune,Healthcare,44
2026-03-15,Nursing Assistant,Poona,Hospitals,22
2026-03-15,Hospital Attendant,Pimpri Chinchwad,Healthcare,15
2026-04-15,General Duty Assistant,Pune,Healthcare,67
2026-04-15,Senior Patient Care Assistant,Poona,Hospitals,44
2026-04-15,Nursing Assistant,Pimpri Chinchwad,Healthcare,22
2026-04-15,Hospital Attendant,Pune,Hospitals,15
2026-05-15,General Duty Assistant,Poona,Hospitals,67
2026-05-15,Patient Care Assistant,Pimpri Chinchwad,Healthcare,44
2026-05-15,Nursing Assistant,Pune,Hospitals,22
2026-05-15,Hospital Attendant,Poona,Healthcare,15
2026-06-15,General Duty Assistant,Pimpri Chinchwad,Healthcare,68
2026-06-15,Senior Patient Care Assistant,Pune,Hospitals,45
2026-06-15,Nursing Assistant,Poona,Healthcare,23
2026-06-15,Hospital Attendant,Pimpri Chinchwad,Hospitals,15
2026-07-15,General Duty Assistant,Pune,Hospitals,70
2026-07-15,Patient Care Assistant,Poona,Healthcare,47
2026-07-15,Nursing Assistant,Pimpri Chinchwad,Hospitals,23
2026-07-15,Hospital Attendant,Pune,Healthcare,15
2026-08-15,General Duty Assistant,Pune City,Healthcare,71
2026-08-15,Senior Patient Care Assistant,Pune City,Hospitals,48
2026-08-15,Nursing Assistant,Pune City,Healthcare,24
2026-08-15,Hospital Attendant,Pune City,Hospitals,16
2026-09-15,General Duty Assistant,Pune City,Hospitals,73
2026-09-15,Patient Care Assistant,Pune City,Healthcare,49
2026-09-15,Nursing Assistant,Pune City,Hospitals,24
2026-09-15,Hospital Attendant,Pune City,Healthcare,16
2024-10-15,Phlebotomist,Pune,Healthcare,19
2024-10-15,Senior Phlebotomy Technician,Poona,Hospitals,13
2024-10-15,Lab Collection Technician,Pimpri Chinchwad,Healthcare,6
2024-10-15,Phlebotomist (Home Collection),Pune,Hospitals,4
2024-11-15,Phlebotomist,Poona,Hospitals,20
2024-11-15,Phlebotomy Technician,Pimpri Chinchwad,Healthcare,13
2024-11-15,Lab Collection Technician,Pune,Hospitals,7
2024-11-15,Phlebotomist (Home Collection),Poona,Healthcare,4
2024-12-15,Phlebotomist,Pimpri Chinchwad,Healthcare,20
2024-12-15,Senior Phlebotomy Technician,Pune,Hospitals,14
2024-12-15,Lab Collection Technician,Poona,Healthcare,7
2024-12-15,Phlebotomist (Home Collection),Pimpri Chinchwad,Hospitals,4
2025-01-15,Phlebotomist,Pune,Hospitals,22
2025-01-15,Phlebotomy Technician,Poona,Healthcare,14
2025-01-15,Lab Collection Technician,Pimpri Chinchwad,Hospitals,7
2025-01-15,Phlebotomist (Home Collection),Pune,Healthcare,5
2025-02-15,Phlebotomist,Poona,Healthcare,22
2025-02-15,Senior Phlebotomy Technician,Pimpri Chinchwad,Hospitals,14
2025-02-15,Lab Collection Technician,Pune,Healthcare,7
2025-02-15,Phlebotomist (Home Collection),Poona,Hospitals,5
2025-03-15,Phlebotomist,Pimpri Chinchwad,Hospitals,22
2025-03-15,Phlebotomy Technician,Pune,Healthcare,15
2025-03-15,Lab Collection Technician,Poona,Hospitals,7
2025-03-15,Phlebotomist (Home Collection),Pimpri Chinchwad,Healthcare,5
2025-04-15,Phlebotomist,Pune,Healthcare,22
2025-04-15,Senior Phlebotomy Technician,Poona,Hospitals,15
2025-04-15,Lab Collection Technician,Pimpri Chinchwad,Healthcare,7
2025-04-15,Phlebotomist (Home Collection),Pune,Hospitals,5
2025-05-15,Phlebotomist,Poona,Hospitals,22
2025-05-15,Phlebotomy Technician,Pimpri Chinchwad,Healthcare,14
2025-05-15,Lab Collection Technician,Pune,Hospitals,7
2025-05-15,Phlebotomist (Home Collection),Poona,Healthcare,5
2025-06-15,Phlebotomist,Pimpri Chinchwad,Healthcare,22
2025-06-15,Senior Phlebotomy Technician,Pune,Hospitals,14
2025-06-15,Lab Collection Technician,Poona,Healthcare,7
2025-06-15,Phlebotomist (Home Collection),Pimpri Chinchwad,Hospitals,5
2025-07-15,Phlebotomist,Pune City,Hospitals,21
2025-07-15,Phlebotomy Technician,Pune City,Healthcare,14
2025-07-15,Lab Collection Technician,Pune City,Hospitals,7
2025-07-15,Phlebotomist (Home Collection),Pune City,Healthcare,5
2025-08-15,Phlebotomist,Poona,Healthcare,21
2025-08-15,Senior Phlebotomy Technician,Pimpri Chinchwad,Hospitals,14
2025-08-15,Lab Collection Technician,Pune,Healthcare,7
2025-08-15,Phlebotomist (Home Collection),Poona,Hospitals,5
2025-09-15,Phlebotomist,Pimpri Chinchwad,Hospitals,21
2025-09-15,Phlebotomy Technician,Pune,Healthcare,14
2025-09-15,Lab Collection Technician,Poona,Hospitals,7
2025-09-15,Phlebotomist (Home Collection),Pimpri Chinchwad,Healthcare,5
2025-10-15,Phlebotomist,Pune,Healthcare,21
2025-10-15,Senior Phlebotomy Technician,Poona,Hospitals,14
2025-10-15,Lab Collection Technician,Pimpri Chinchwad,Healthcare,7
2025-10-15,Phlebotomist (Home Collection),Pune,Hospitals,5
2025-11-15,Phlebotomist,Poona,Hospitals,22
2025-11-15,Phlebotomy Technician,Pimpri Chinchwad,Healthcare,14
2025-11-15,Lab Collection Technician,Pune,Hospitals,7
2025-11-15,Phlebotomist (Home Collection),Poona,Healthcare,5
2025-12-15,Phlebotomist,Pune City,Healthcare,22
2025-12-15,Senior Phlebotomy Technician,Pune City,Hospitals,15
2025-12-15,Lab Collection Technician,Pune City,Healthcare,7
2025-12-15,Phlebotomist (Home Collection),Pune City,Hospitals,5
2026-01-15,Phlebotomist,Pune,Hospitals,19
2026-01-15,Phlebotomy Technician,Poona,Healthcare,13
2026-01-15,Lab Collection Technician,Pimpri Chinchwad,Hospitals,7
2026-01-15,Phlebotomist (Home Collection),Pune,Healthcare,4
2026-02-15,Phlebotomist,Poona,Healthcare,20
2026-02-15,Senior Phlebotomy Technician,Pimpri Chinchwad,Hospitals,14
2026-02-15,Lab Collection Technician,Pune,Healthcare,7
2026-02-15,Phlebotomist (Home Collection),Poona,Hospitals,4
2026-03-15,Phlebotomist,Pimpri Chinchwad,Hospitals,20
2026-03-15,Phlebotomy Technician,Pune,Healthcare,14
2026-03-15,Lab Collection Technician,Poona,Hospitals,7
2026-03-15,Phlebotomist (Home Collection),Pimpri Chinchwad,Healthcare,4
2026-04-15,Phlebotomist,Pune,Healthcare,20
2026-04-15,Senior Phlebotomy Technician,Poona,Hospitals,14
2026-04-15,Lab Collection Technician,Pimpri Chinchwad,Healthcare,7
2026-04-15,Phlebotomist (Home Collection),Pune,Hospitals,4
2026-05-15,Phlebotomist,Poona,Hospitals,20
2026-05-15,Phlebotomy Technician,Pimpri Chinchwad,Healthcare,13
2026-05-15,Lab Collection Technician,Pune,Hospitals,7
2026-05-15,Phlebotomist (Home Collection),Poona,Healthcare,4
2026-06-15,Phlebotomist,Pimpri Chinchwad,Healthcare,20
2026-06-15,Senior Phlebotomy Technician,Pune,Hospitals,13
2026-06-15,Lab Collection Technician,Poona,Healthcare,7
2026-06-15,Phlebotomist (Home Collection),Pimpri Chinchwad,Hospitals,4
2026-07-15,Phlebotomist,Pune,Hospitals,19
2026-07-15,Phlebotomy Technician,Poona,Healthcare,13
2026-07-15,Lab Collection Technician,Pimpri Chinchwad,Hospitals,7
2026-07-15,Phlebotomist (Home Collection),Pune,Healthcare,4
2026-08-15,Phlebotomist,Poona,Healthcare,19
2026-08-15,Senior Phlebotomy Technician,Pimpri Chinchwad,Hospitals,13
2026-08-15,Lab Collection Technician,Pune,Healthcare,7
2026-08-15,Phlebotomist (Home Collection),Poona,Hospitals,4
2026-09-15,Phlebotomist,Pimpri Chinchwad,Hospitals,19
2026-09-15,Phlebotomy Technician,Pune,Healthcare,13
2026-09-15,Lab Collection Technician,Poona,Hospitals,7
2026-09-15,Phlebotomist (Home Collection),Pimpri Chinchwad,Healthcare,4
2024-10-15,CNC Operator,Pune,Manufacturing,46
2024-10-15,Senior CNC Machinist,Poona,Engineering,31
2024-10-15,VMC Operator,Pimpri Chinchwad,Manufacturing,16
2024-10-15,CNC Operator - Night Shift,Pune,Engineering,10
2024-11-15,CNC Operator,Poona,Engineering,47
2024-11-15,CNC Machinist,Pimpri Chinchwad,Manufacturing,31
2024-11-15,VMC Operator,Pune,Engineering,16
2024-11-15,CNC Operator - Night Shift,Poona,Manufacturing,10
2024-12-15,CNC Operator,Pimpri Chinchwad,Manufacturing,47
2024-12-15,Senior CNC Machinist,Pune,Engineering,32
2024-12-15,VMC Operator,Poona,Manufacturing,16
2024-12-15,CNC Operator - Night Shift,Pimpri Chinchwad,Engineering,10
2025-01-15,CNC Operator,Pune,Engineering,45
2025-01-15,CNC Machinist,Poona,Manufacturing,30
2025-01-15,VMC Operator,Pimpri Chinchwad,Engineering,15
2025-01-15,CNC Operator - Night Shift,Pune,Manufacturing,10
2025-02-15,CNC Operator,Poona,Manufacturing,46
2025-02-15,Senior CNC Machinist,Pimpri Chinchwad,Engineering,31
2025-02-15,VMC Operator,Pune,Manufacturing,16
2025-02-15,CNC Operator - Night Shift,Poona,Engineering,10
2025-03-15,CNC Operator,Pune City,Engineering,47
2025-03-15,CNC Machinist,Pune,Manufacturing,32
2025-03-15,VMC Operator,Poona,Engineering,16
2025-03-15,CNC Operator - Night Shift,Pimpri Chinchwad,Manufacturing,10
2025-04-15,CNC Operator,Pune,Manufacturing,48
2025-04-15,Senior CNC Machinist,Poona,Engineering,32
2025-04-15,VMC Operator,Pimpri Chinchwad,Manufacturing,16
2025-04-15,CNC Operator - Night Shift,Pune,Engineering,11
2025-05-15,CNC Operator,Poona,Engineering,49
2025-05-15,CNC Machinist,Pimpri Chinchwad,Manufacturing,32
2025-05-15,VMC Operator,Pune,Engineering,16
2025-05-15,CNC Operator - Night Shift,Poona,Manufacturing,11
2025-06-15,CNC Operator,Pimpri Chinchwad,Manufacturing,49
2025-06-15,Senior CNC Machinist,Pune,Engineering,32
2025-06-15,VMC Operator,Poona,Manufacturing,16
2025-06-15,CNC Operator - Night Shift,Pimpri Chinchwad,Engineering,11
2025-07-15,CNC Operator,Pune,Engineering,48
2025-07-15,CNC Machinist,Poona,Manufacturing,32
2025-07-15,VMC Operator,Pimpri Chinchwad,Engineering,16
2025-07-15,CNC Operator - Night Shift,Pune,Manufacturing,11
2025-08-15,CNC Operator,Poona,Manufacturing,48
2025-08-15,Senior CNC Machinist,Pimpri Chinchwad,Engineering,32
2025-08-15,VMC Operator,Pune,Manufacturing,16
2025-08-15,CNC Operator - Night Shift,Poona,Engineering,10
2025-09-15,CNC Operator,Pimpri Chinchwad,Engineering,47
2025-09-15,CNC Machinist,Pune,Manufacturing,32
2025-09-15,VMC Operator,Poona,Engineering,16
2025-09-15,CNC Operator - Night Shift,Pimpri Chinchwad,Manufacturing,10
2025-10-15,CNC Operator,Pune,Manufacturing,47
2025-10-15,Senior CNC Machinist,Poona,Engineering,31
2025-10-15,VMC Operator,Pimpri Chinchwad,Manufacturing,16
2025-10-15,CNC Operator - Night Shift,Pune,Engineering,10
2025-11-15,CNC Operator,Poona,Engineering,47
2025-11-15,CNC Machinist,Pimpri Chinchwad,Manufacturing,31
2025-11-15,VMC Operator,Pune,Engineering,16
2025-11-15,CNC Operator - Night Shift,Poona,Manufacturing,10
2025-12-15,CNC Operator,Pimpri Chinchwad,Manufacturing,48
2025-12-15,Senior CNC Machinist,Pune,Engineering,32
2025-12-15,VMC Operator,Poona,Manufacturing,16
2025-12-15,CNC Operator - Night Shift,Pimpri Chinchwad,Engineering,10
2026-01-15,CNC Operator,Pune,Engineering,50
2026-01-15,CNC Machinist,Poona,Manufacturing,34
2026-01-15,VMC Operator,Pimpri Chinchwad,Engineering,17
2026-01-15,CNC Operator - Night Shift,Pune,Manufacturing,11
2026-02-15,CNC Operator,Poona,Manufacturing,52
2026-02-15,Senior CNC Machinist,Pimpri Chinchwad,Engineering,35
2026-02-15,VMC Operator,Pune,Manufacturing,17
2026-02-15,CNC Operator - Night Shift,Poona,Engineering,12
2026-03-15,CNC Operator,Pune City,Engineering,53
2026-03-15,CNC Machinist,Pune,Manufacturing,35
2026-03-15,VMC Operator,Pune City,Engineering,18
2026-03-15,CNC Operator - Night Shift,Pune City,Manufacturing,12
2026-04-15,CNC Operator,Pune,Manufacturing,54
2026-04-15,Senior CNC Machinist,Poona,Engineering,36
2026-04-15,VMC Operator,Pimpri Chinchwad,Manufacturing,18
2026-04-15,CNC Operator - Night Shift,Pune,Engineering,12
2026-05-15,CNC Operator,Poona,Engineering,55
2026-05-15,CNC Machinist,Pimpri Chinchwad,Manufacturing,37
2026-05-15,VMC Operator,Pune,Engineering,18
2026-05-15,CNC Operator - Night Shift,Poona,Manufacturing,12
2026-06-15,CNC Operator,Pimpri Chinchwad,Manufacturing,55
2026-06-15,Senior CNC Machinist,Pune,Engineering,37
2026-06-15,VMC Operator,Poona,Manufacturing,18
2026-06-15,CNC Operator - Night Shift,Pimpri Chinchwad,Engineering,12
2026-07-15,CNC Operator,Pune,Engineering,54
2026-07-15,CNC Machinist,Poona,Manufacturing,36
2026-07-15,VMC Operator,Pimpri Chinchwad,Engineering,18
2026-07-15,CNC Operator - Night Shift,Pune,Manufacturing,12
2026-08-15,CNC Operator,Poona,Manufacturing,54
2026-08-15,Senior CNC Machinist,Pimpri Chinchwad,Engineering,36
2026-08-15,VMC Operator,Pune,Manufacturing,18
2026-08-15,CNC Operator - Night Shift,Poona,Engineering,12
2026-09-15,CNC Operator,Pimpri Chinchwad,Engineering,53
2026-09-15,CNC Machinist,Pune,Manufacturing,35
2026-09-15,VMC Operator,Poona,Engineering,18
2026-09-15,CNC Operator - Night Shift,Pimpri Chinchwad,Manufacturing,12
2024-10-15,Welder,Pune City,Manufacturing,35
2024-10-15,Senior MIG Welder,Pune City,Engineering,24
2024-10-15,Arc Welder,Pimpri Chinchwad,Manufacturing,12
2024-10-15,Fabricator cum Welder,Pune City,Engineering,8
2024-11-15,Welder,Poona,Engineering,36
2024-11-15,MIG Welder,Pimpri Chinchwad,Manufacturing,24
2024-11-15,Arc Welder,Pune,Engineering,12
2024-11-15,Fabricator cum Welder,Poona,Manufacturing,8
2024-12-15,Welder,Pimpri Chinchwad,Manufacturing,37
2024-12-15,Senior MIG Welder,Pune,Engineering,25
2024-12-15,Arc Welder,Poona,Manufacturing,12
2024-12-15,Fabricator cum Welder,Pimpri Chinchwad,Engineering,8
2025-01-15,Welder,Pune,Engineering,37
2025-01-15,MIG Welder,Poona,Manufacturing,25
2025-01-15,Arc Welder,Pimpri Chinchwad,Engineering,12
2025-01-15,Fabricator cum Welder,Pune,Manufacturing,8
2025-02-15,Welder,Poona,Manufacturing,38
2025-02-15,Senior MIG Welder,Pimpri Chinchwad,Engineering,25
2025-02-15,Arc Welder,Pune,Manufacturing,13
2025-02-15,Fabricator cum Welder,Poona,Engineering,8
2025-03-15,Welder,Pune City,Engineering,39
2025-03-15,MIG Welder,Pune City,Manufacturing,26
2025-03-15,Arc Welder,Pune City,Engineering,13
2025-03-15,Fabricator cum Welder,Pune City,Manufacturing,8
2025-04-15,Welder,Pune City,Manufacturing,39
2025-04-15,Senior MIG Welder,Poona,Engineering,26
2025-04-15,Arc Welder,Pune City,Manufacturing,13
2025-04-15,Fabricator cum Welder,Pune City,Engineering,8
2025-05-15,Welder,Pune City,Engineering,39
2025-05-15,MIG Welder,Pune City,Manufacturing,26
2025-05-15,Arc Welder,Pune City,Engineering,13
2025-05-15,Fabricator cum Welder,Pune City,Manufacturing,8
2025-06-15,Welder,Pimpri Chinchwad,Manufacturing,38
2025-06-15,Senior MIG Welder,Pune,Engineering,26
2025-06-15,Arc Welder,Poona,Manufacturing,13
2025-06-15,Fabricator cum Welder,Pimpri Chinchwad,Engineering,8
2025-07-15,Welder,Pune,Engineering,38
2025-07-15,MIG Welder,Poona,Manufacturing,26
2025-07-15,Arc Welder,Pimpri Chinchwad,Engineering,13
2025-07-15,Fabricator cum Welder,Pune,Manufacturing,8
2025-08-15,Welder,Poona,Manufacturing,38
2025-08-15,Senior MIG Welder,Pimpri Chinchwad,Engineering,25
2025-08-15,Arc Welder,Pune,Manufacturing,13
2025-08-15,Fabricator cum Welder,Poona,Engineering,8
2025-09-15,Welder,Pimpri Chinchwad,Engineering,37
2025-09-15,MIG Welder,Pune,Manufacturing,25
2025-09-15,Arc Welder,Poona,Engineering,13
2025-09-15,Fabricator cum Welder,Pimpri Chinchwad,Manufacturing,8
2025-10-15,Welder,Pune,Manufacturing,35
2025-10-15,Senior MIG Welder,Poona,Engineering,23
2025-10-15,Arc Welder,Pimpri Chinchwad,Manufacturing,11
2025-10-15,Fabricator cum Welder,Pune,Engineering,8
2025-11-15,Welder,Pune City,Engineering,35
2025-11-15,MIG Welder,Pune City,Manufacturing,23
2025-11-15,Arc Welder,Pune City,Engineering,12
2025-11-15,Fabricator cum Welder,Pune City,Manufacturing,8
2025-12-15,Welder,Pimpri Chinchwad,Manufacturing,36
2025-12-15,Senior MIG Welder,Pune,Engineering,24
2025-12-15,Arc Welder,Poona,Manufacturing,12
2025-12-15,Fabricator cum Welder,Pimpri Chinchwad,Engineering,8
2026-01-15,Welder,Pune City,Engineering,40
2026-01-15,MIG Welder,Pune City,Manufacturing,27
2026-01-15,Arc Welder,Pune City,Engineering,13
2026-01-15,Fabricator cum Welder,Pune City,Manufacturing,9
2026-02-15,Welder,Poona,Manufacturing,41
2026-02-15,Senior MIG Welder,Pimpri Chinchwad,Engineering,27
2026-02-15,Arc Welder,Pune,Manufacturing,14
2026-02-15,Fabricator cum Welder,Poona,Engineering,9
2026-03-15,Welder,Pimpri Chinchwad,Engineering,41
2026-03-15,MIG Welder,Pune,Manufacturing,28
2026-03-15,Arc Welder,Poona,Engineering,14
2026-03-15,Fabricator cum Welder,Pimpri Chinchwad,Manufacturing,9
2026-04-15,Welder,Pune,Manufacturing,42
2026-04-15,Senior MIG Welder,Poona,Engineering,28
2026-04-15,Arc Welder,Pimpri Chinchwad,Manufacturing,14
2026-04-15,Fabricator cum Welder,Pune,Engineering,10
2026-05-15,Welder,Poona,Engineering,42
2026-05-15,MIG Welder,Pimpri Chinchwad,Manufacturing,28
2026-05-15,Arc Welder,Pune,Engineering,14
2026-05-15,Fabricator cum Welder,Poona,Manufacturing,10
2026-06-15,Welder,Pimpri Chinchwad,Manufacturing,42
2026-06-15,Senior MIG Welder,Pune,Engineering,28
2026-06-15,Arc Welder,Poona,Manufacturing,14
2026-06-15,Fabricator cum Welder,Pimpri Chinchwad,Engineering,9
2026-07-15,Welder,Pune,Engineering,41
2026-07-15,MIG Welder,Poona,Manufacturing,28
2026-07-15,Arc Welder,Pimpri Chinchwad,Engineering,14
2026-07-15,Fabricator cum Welder,Pune,Manufacturing,9
2026-08-15,Welder,Poona,Manufacturing,41
2026-08-15,Senior MIG Welder,Pimpri Chinchwad,Engineering,27
2026-08-15,Arc Welder,Pune,Manufacturing,13
2026-08-15,Fabricator cum Welder,Poona,Engineering,9
2026-09-15,Welder,Pimpri Chinchwad,Engineering,40
2026-09-15,MIG Welder,Pune,Manufacturing,27
2026-09-15,Arc Welder,Poona,Engineering,13
2026-09-15,Fabricator cum Welder,Pimpri Chinchwad,Manufacturing,9
2024-10-15,Warehouse Associate,Pune,Logistics,62
2024-10-15,Senior Picker Packer,Poona,Warehousing,41
2024-10-15,Warehouse Executive,Pimpri Chinchwad,Logistics,21
2024-10-15,Wearhouse Associate,Pune,Warehousing,14
2024-11-15,Warehouse Associate,Pune City,Warehousing,62
2024-11-15,Picker Packer,Pune City,Logistics,41
2024-11-15,Warehouse Executive,Pune City,Warehousing,21
2024-11-15,Wearhouse Associate,Pune City,Logistics,14
2024-12-15,Warehouse Associate,Pimpri Chinchwad,Logistics,62
2024-12-15,Senior Picker Packer,Pune,Warehousing,41
2024-12-15,Warehouse Executive,Poona,Logistics,21
2024-12-15,Wearhouse Associate,Pimpri Chinchwad,Warehousing,14
2025-01-15,Warehouse Associate,Pune,Warehousing,70
2025-01-15,Picker Packer,Poona,Logistics,47
2025-01-15,Warehouse Executive,Pimpri Chinchwad,Warehousing,23
2025-01-15,Wearhouse Associate,Pune,Logistics,16
2025-02-15,Warehouse Associate,Poona,Logistics,70
2025-02-15,Senior Picker Packer,Pimpri Chinchwad,Warehousing,47
2025-02-15,Warehouse Executive,Pune,Logistics,23
2025-02-15,Wearhouse Associate,Poona,Warehousing,15
2025-03-15,Warehouse Associate,Pune City,Warehousing,69
2025-03-15,Picker Packer,Pune City,Logistics,46
2025-03-15,Warehouse Executive,Pune City,Warehousing,23
2025-03-15,Wearhouse Associate,Pune City,Logistics,15
2025-04-15,Warehouse Associate,Pune,Logistics,68
2025-04-15,Senior Picker Packer,Poona,Warehousing,46
2025-04-15,Warehouse Executive,Pimpri Chinchwad,Logistics,23
2025-04-15,Wearhouse Associate,Pune,Warehousing,15
2025-05-15,Warehouse Associate,Poona,Warehousing,69
2025-05-15,Picker Packer,Pimpri Chinchwad,Logistics,46
2025-05-15,Warehouse Executive,Pune,Warehousing,23
2025-05-15,Wearhouse Associate,Poona,Logistics,15
2025-06-15,Warehouse Associate,Pimpri Chinchwad,Logistics,71
2025-06-15,Senior Picker Packer,Pune,Warehousing,47
2025-06-15,Warehouse Executive,Poona,Logistics,23
2025-06-15,Wearhouse Associate,Pimpri Chinchwad,Warehousing,16
2025-07-15,Warehouse Associate,Pune,Warehousing,73
2025-07-15,Picker Packer,Poona,Logistics,48
2025-07-15,Warehouse Executive,Pimpri Chinchwad,Warehousing,24
2025-07-15,Wearhouse Associate,Pune,Logistics,16
2025-08-15,Warehouse Associate,Poona,Logistics,75
2025-08-15,Senior Picker Packer,Pimpri Chinchwad,Warehousing,50
2025-08-15,Warehouse Executive,Pune,Logistics,25
2025-08-15,Wearhouse Associate,Poona,Warehousing,16
2025-09-15,Warehouse Associate,Pimpri Chinchwad,Warehousing,77
2025-09-15,Picker Packer,Pune,Logistics,51
2025-09-15,Warehouse Executive,Poona,Warehousing,26
2025-09-15,Wearhouse Associate,Pimpri Chinchwad,Logistics,17
2025-10-15,Warehouse Associate,Pune,Logistics,78
2025-10-15,Senior Picker Packer,Poona,Warehousing,52
2025-10-15,Warehouse Executive,Pimpri Chinchwad,Logistics,26
2025-10-15,Wearhouse Associate,Pune,Warehousing,17
2025-11-15,Warehouse Associate,Pune City,Warehousing,78
2025-11-15,Picker Packer,Pune City,Logistics,52
2025-11-15,Warehouse Executive,Pune City,Warehousing,26
2025-11-15,Wearhouse Associate,Pune City,Logistics,18
2025-12-15,Warehouse Associate,Pimpri Chinchwad,Logistics,78
2025-12-15,Senior Picker Packer,Pune,Warehousing,52
2025-12-15,Warehouse Executive,Poona,Logistics,26
2025-12-15,Wearhouse Associate,Pimpri Chinchwad,Warehousing,18
2026-01-15,Warehouse Associate,Pune,Warehousing,78
2026-01-15,Picker Packer,Poona,Logistics,52
2026-01-15,Warehouse Executive,Pimpri Chinchwad,Warehousing,26
2026-01-15,Wearhouse Associate,Pune,Logistics,17
2026-02-15,Warehouse Associate,Poona,Logistics,77
2026-02-15,Senior Picker Packer,Pimpri Chinchwad,Warehousing,51
2026-02-15,Warehouse Executive,Pune,Logistics,26
2026-02-15,Wearhouse Associate,Poona,Warehousing,17
2026-03-15,Warehouse Associate,Pimpri Chinchwad,Warehousing,77
2026-03-15,Picker Packer,Pune,Logistics,51
2026-03-15,Warehouse Executive,Poona,Warehousing,25
2026-03-15,Wearhouse Associate,Pimpri Chinchwad,Logistics,17
2026-04-15,Warehouse Associate,Pune,Logistics,76
2026-04-15,Senior Picker Packer,Poona,Warehousing,50
2026-04-15,Warehouse Executive,Pimpri Chinchwad,Logistics,25
2026-04-15,Wearhouse Associate,Pune,Warehousing,17
2026-05-15,Warehouse Associate,Poona,Warehousing,77
2026-05-15,Picker Packer,Pimpri Chinchwad,Logistics,51
2026-05-15,Warehouse Executive,Pune,Warehousing,25
2026-05-15,Wearhouse Associate,Poona,Logistics,17
2026-06-15,Warehouse Associate,Pimpri Chinchwad,Logistics,78
2026-06-15,Senior Picker Packer,Pune,Warehousing,52
2026-06-15,Warehouse Executive,Poona,Logistics,26
2026-06-15,Wearhouse Associate,Pimpri Chinchwad,Warehousing,18
2026-07-15,Warehouse Associate,Pune,Warehousing,80
2026-07-15,Picker Packer,Poona,Logistics,53
2026-07-15,Warehouse Executive,Pimpri Chinchwad,Warehousing,27
2026-07-15,Wearhouse Associate,Pune,Logistics,18
2026-08-15,Warehouse Associate,Poona,Logistics,72
2026-08-15,Senior Picker Packer,Pimpri Chinchwad,Warehousing,48
2026-08-15,Warehouse Executive,Pune,Logistics,24
2026-08-15,Wearhouse Associate,Poona,Warehousing,16
2026-09-15,Warehouse Associate,Pimpri Chinchwad,Warehousing,74
2026-09-15,Picker Packer,Pune,Logistics,49
2026-09-15,Warehouse Executive,Poona,Warehousing,25
2026-09-15,Wearhouse Associate,Pimpri Chinchwad,Logistics,16
2024-10-15,Logistics Coordinator,Pune,Logistics,23
2024-10-15,Senior Dispatch Coordinator,Poona,Warehousing,15
2024-10-15,Transport Coordinator,Pimpri Chinchwad,Logistics,7
2024-10-15,Logistics Co-ordinator,Pune,Warehousing,5
2024-11-15,Logistics Coordinator,Poona,Warehousing,23
2024-11-15,Dispatch Coordinator,Pimpri Chinchwad,Logistics,15
2024-11-15,Transport Coordinator,Pune,Warehousing,7
2024-11-15,Logistics Co-ordinator,Poona,Logistics,5
2024-12-15,Logistics Coordinator,Pimpri Chinchwad,Logistics,23
2024-12-15,Senior Dispatch Coordinator,Pune,Warehousing,15
2024-12-15,Transport Coordinator,Poona,Logistics,8
2024-12-15,Logistics Co-ordinator,Pimpri Chinchwad,Warehousing,5
2025-01-15,Logistics Coordinator,Pune,Warehousing,23
2025-01-15,Dispatch Coordinator,Poona,Logistics,16
2025-01-15,Transport Coordinator,Pimpri Chinchwad,Warehousing,8
2025-01-15,Logistics Co-ordinator,Pune,Logistics,5
2025-02-15,Logistics Coordinator,Poona,Logistics,23
2025-02-15,Senior Dispatch Coordinator,Pimpri Chinchwad,Warehousing,16
2025-02-15,Transport Coordinator,Pune,Logistics,8
2025-02-15,Logistics Co-ordinator,Poona,Warehousing,5
2025-03-15,Logistics Coordinator,Pimpri Chinchwad,Warehousing,23
2025-03-15,Dispatch Coordinator,Pune,Logistics,16
2025-03-15,Transport Coordinator,Poona,Warehousing,8
2025-03-15,Logistics Co-ordinator,Pimpri Chinchwad,Logistics,5
2025-04-15,Logistics Coordinator,Pune,Logistics,23
2025-04-15,Senior Dispatch Coordinator,Poona,Warehousing,16
2025-04-15,Transport Coordinator,Pimpri Chinchwad,Logistics,8
2025-04-15,Logistics Co-ordinator,Pune,Warehousing,5
2025-05-15,Logistics Coordinator,Poona,Warehousing,23
2025-05-15,Dispatch Coordinator,Pimpri Chinchwad,Logistics,16
2025-05-15,Transport Coordinator,Pune,Warehousing,8
2025-05-15,Logistics Co-ordinator,Poona,Logistics,5
2025-06-15,Logistics Coordinator,Pimpri Chinchwad,Logistics,23
2025-06-15,Senior Dispatch Coordinator,Pune,Warehousing,16
2025-06-15,Transport Coordinator,Poona,Logistics,8
2025-06-15,Logistics Co-ordinator,Pimpri Chinchwad,Warehousing,5
2025-07-15,Logistics Coordinator,Pune,Warehousing,24
2025-07-15,Dispatch Coordinator,Poona,Logistics,16
2025-07-15,Transport Coordinator,Pimpri Chinchwad,Warehousing,8
2025-07-15,Logistics Co-ordinator,Pune,Logistics,5
2025-08-15,Logistics Coordinator,Poona,Logistics,25
2025-08-15,Senior Dispatch Coordinator,Pimpri Chinchwad,Warehousing,17
2025-08-15,Transport Coordinator,Pune,Logistics,8
2025-08-15,Logistics Co-ordinator,Poona,Warehousing,5
2025-09-15,Logistics Coordinator,Pune City,Warehousing,25
2025-09-15,Dispatch Coordinator,Pune City,Logistics,17
2025-09-15,Transport Coordinator,Pune City,Warehousing,8
2025-09-15,Logistics Co-ordinator,Pune City,Logistics,6
2025-10-15,Logistics Coordinator,Pune,Logistics,26
2025-10-15,Senior Dispatch Coordinator,Poona,Warehousing,17
2025-10-15,Transport Coordinator,Pimpri Chinchwad,Logistics,9
2025-10-15,Logistics Co-ordinator,Pune,Warehousing,6
2025-11-15,Logistics Coordinator,Poona,Warehousing,26
2025-11-15,Dispatch Coordinator,Pimpri Chinchwad,Logistics,18
2025-11-15,Transport Coordinator,Pune,Warehousing,9
2025-11-15,Logistics Co-ordinator,Poona,Logistics,6
2025-12-15,Logistics Coordinator,Pimpri Chinchwad,Logistics,26
2025-12-15,Senior Dispatch Coordinator,Pune,Warehousing,18
2025-12-15,Transport Coordinator,Poona,Logistics,9
2025-12-15,Logistics Co-ordinator,Pimpri Chinchwad,Warehousing,6
2026-01-15,Logistics Coordinator,Pune,Warehousing,28
2026-01-15,Dispatch Coordinator,Poona,Logistics,19
2026-01-15,Transport Coordinator,Pimpri Chinchwad,Warehousing,9
2026-01-15,Logistics Co-ordinator,Pune,Logistics,6
2026-02-15,Logistics Coordinator,Poona,Logistics,28
2026-02-15,Senior Dispatch Coordinator,Pimpri Chinchwad,Warehousing,18
2026-02-15,Transport Coordinator,Pune,Logistics,9
2026-02-15,Logistics Co-ordinator,Poona,Warehousing,6
2026-03-15,Logistics Coordinator,Pimpri Chinchwad,Warehousing,27
2026-03-15,Dispatch Coordinator,Pune,Logistics,18
2026-03-15,Transport Coordinator,Poona,Warehousing,9
2026-03-15,Logistics Co-ordinator,Pimpri Chinchwad,Logistics,6
2026-04-15,Logistics Coordinator,Pune City,Logistics,26
2026-04-15,Senior Dispatch Coordinator,Pune City,Warehousing,18
2026-04-15,Transport Coordinator,Pune City,Logistics,9
2026-04-15,Logistics Co-ordinator,Pune City,Warehousing,6
2026-05-15,Logistics Coordinator,Poona,Warehousing,27
2026-05-15,Dispatch Coordinator,Pimpri Chinchwad,Logistics,18
2026-05-15,Transport Coordinator,Pune,Warehousing,9
2026-05-15,Logistics Co-ordinator,Poona,Logistics,6
2026-06-15,Logistics Coordinator,Pimpri Chinchwad,Logistics,27
2026-06-15,Senior Dispatch Coordinator,Pune,Warehousing,18
2026-06-15,Transport Coordinator,Poona,Logistics,9
2026-06-15,Logistics Co-ordinator,Pimpri Chinchwad,Warehousing,6
2026-07-15,Logistics Coordinator,Pune,Warehousing,28
2026-07-15,Dispatch Coordinator,Poona,Logistics,19
2026-07-15,Transport Coordinator,Pimpri Chinchwad,Warehousing,9
2026-07-15,Logistics Co-ordinator,Pune,Logistics,6
2026-08-15,Logistics Coordinator,Poona,Logistics,28
2026-08-15,Senior Dispatch Coordinator,Pimpri Chinchwad,Warehousing,19
2026-08-15,Transport Coordinator,Pune,Logistics,10
2026-08-15,Logistics Co-ordinator,Poona,Warehousing,6
2026-09-15,Logistics Coordinator,Pimpri Chinchwad,Warehousing,29
2026-09-15,Dispatch Coordinator,Pune,Logistics,20
2026-09-15,Transport Coordinator,Poona,Warehousing,10
2026-09-15,Logistics Co-ordinator,Pimpri Chinchwad,Logistics,6
2024-10-15,Electrician,Pune,Construction,48
2024-10-15,Senior Wireman,Poona,Real Estate,32
2024-10-15,Electrical Technician,Pimpri Chinchwad,Construction,16
2024-10-15,Electrician cum Wireman,Pune,Real Estate,11
2024-11-15,Electrician,Poona,Real Estate,48
2024-11-15,Wireman,Pimpri Chinchwad,Construction,32
2024-11-15,Electrical Technician,Pune,Real Estate,16
2024-11-15,Electrician cum Wireman,Poona,Construction,11
2024-12-15,Electrician,Pimpri Chinchwad,Construction,48
2024-12-15,Senior Wireman,Pune,Real Estate,32
2024-12-15,Electrical Technician,Poona,Construction,16
2024-12-15,Electrician cum Wireman,Pimpri Chinchwad,Real Estate,10
2025-01-15,Electrician,Pune,Real Estate,51
2025-01-15,Wireman,Poona,Construction,34
2025-01-15,Electrical Technician,Pimpri Chinchwad,Real Estate,17
2025-01-15,Electrician cum Wireman,Pune,Construction,12
2025-02-15,Electrician,Pune City,Construction,50
2025-02-15,Senior Wireman,Pune City,Real Estate,34
2025-02-15,Electrical Technician,Pune City,Construction,17
2025-02-15,Electrician cum Wireman,Pune City,Real Estate,11
2025-03-15,Electrician,Pune City,Real Estate,50
2025-03-15,Wireman,Pune City,Construction,33
2025-03-15,Electrical Technician,Pune City,Real Estate,16
2025-03-15,Electrician cum Wireman,Pune City,Construction,11
2025-04-15,Electrician,Pune,Construction,50
2025-04-15,Senior Wireman,Poona,Real Estate,33
2025-04-15,Electrical Technician,Pimpri Chinchwad,Construction,16
2025-04-15,Electrician cum Wireman,Pune,Real Estate,11
2025-05-15,Electrician,Poona,Real Estate,50
2025-05-15,Wireman,Pimpri Chinchwad,Construction,33
2025-05-15,Electrical Technician,Pune,Real Estate,16
2025-05-15,Electrician cum Wireman,Poona,Construction,11
2025-06-15,Electrician,Pimpri Chinchwad,Construction,50
2025-06-15,Senior Wireman,Pune,Real Estate,34
2025-06-15,Electrical Technician,Poona,Construction,17
2025-06-15,Electrician cum Wireman,Pimpri Chinchwad,Real Estate,11
2025-07-15,Electrician,Pune,Real Estate,52
2025-07-15,Wireman,Poona,Construction,35
2025-07-15,Electrical Technician,Pimpri Chinchwad,Real Estate,17
2025-07-15,Electrician cum Wireman,Pune,Construction,11
2025-08-15,Electrician,Poona,Construction,52
2025-08-15,Senior Wireman,Pimpri Chinchwad,Real Estate,35
2025-08-15,Electrical Technician,Pune,Construction,17
2025-08-15,Electrician cum Wireman,Poona,Real Estate,12
2025-09-15,Electrician,Pimpri Chinchwad,Real Estate,53
2025-09-15,Wireman,Pune,Construction,35
2025-09-15,Electrical Technician,Poona,Real Estate,18
2025-09-15,Electrician cum Wireman,Pimpri Chinchwad,Construction,12
2025-10-15,Electrician,Pune,Construction,55
2025-10-15,Senior Wireman,Poona,Real Estate,36
2025-10-15,Electrical Technician,Pimpri Chinchwad,Construction,18
2025-10-15,Electrician cum Wireman,Pune,Real Estate,12
2025-11-15,Electrician,Poona,Real Estate,55
2025-11-15,Wireman,Pimpri Chinchwad,Construction,36
2025-11-15,Electrical Technician,Pune,Real Estate,18
2025-11-15,Electrician cum Wireman,Poona,Construction,12
2025-12-15,Electrician,Pimpri Chinchwad,Construction,53
2025-12-15,Senior Wireman,Pune,Real Estate,36
2025-12-15,Electrical Technician,Poona,Construction,18
2025-12-15,Electrician cum Wireman,Pimpri Chinchwad,Real Estate,12
2026-01-15,Electrician,Pune,Real Estate,50
2026-01-15,Wireman,Poona,Construction,34
2026-01-15,Electrical Technician,Pimpri Chinchwad,Real Estate,17
2026-01-15,Electrician cum Wireman,Pune,Construction,11
2026-02-15,Electrician,Poona,Construction,50
2026-02-15,Senior Wireman,Pimpri Chinchwad,Real Estate,33
2026-02-15,Electrical Technician,Pune,Construction,16
2026-02-15,Electrician cum Wireman,Poona,Real Estate,11
2026-03-15,Electrician,Pimpri Chinchwad,Real Estate,49
2026-03-15,Wireman,Pune,Construction,32
2026-03-15,Electrical Technician,Poona,Real Estate,16
2026-03-15,Electrician cum Wireman,Pimpri Chinchwad,Construction,11
2026-04-15,Electrician,Pune,Construction,48
2026-04-15,Senior Wireman,Poona,Real Estate,32
2026-04-15,Electrical Technician,Pimpri Chinchwad,Construction,16
2026-04-15,Electrician cum Wireman,Pune,Real Estate,11
2026-05-15,Electrician,Poona,Real Estate,49
2026-05-15,Wireman,Pimpri Chinchwad,Construction,32
2026-05-15,Electrical Technician,Pune,Real Estate,16
2026-05-15,Electrician cum Wireman,Poona,Construction,11
2026-06-15,Electrician,Pune City,Construction,50
2026-06-15,Senior Wireman,Pune City,Real Estate,33
2026-06-15,Electrical Technician,Poona,Construction,16
2026-06-15,Electrician cum Wireman,Pune City,Real Estate,11
2026-07-15,Electrician,Pune,Real Estate,50
2026-07-15,Wireman,Poona,Construction,34
2026-07-15,Electrical Technician,Pimpri Chinchwad,Real Estate,17
2026-07-15,Electrician cum Wireman,Pune,Construction,11
2026-08-15,Electrician,Poona,Construction,52
2026-08-15,Senior Wireman,Pimpri Chinchwad,Real Estate,35
2026-08-15,Electrical Technician,Pune,Construction,17
2026-08-15,Electrician cum Wireman,Poona,Real Estate,11
2026-09-15,Electrician,Pimpri Chinchwad,Real Estate,52
2026-09-15,Wireman,Pune,Construction,35
2026-09-15,Electrical Technician,Poona,Real Estate,17
2026-09-15,Electrician cum Wireman,Pimpri Chinchwad,Construction,12
2024-10-15,Mason,Pune,Construction,34
2024-10-15,Senior Bricklayer,Poona,Real Estate,23
2024-10-15,Tile Mason,Pimpri Chinchwad,Construction,11
2024-10-15,Shuttering Carpenter,Pune,Real Estate,7
2024-11-15,Mason,Pune City,Real Estate,34
2024-11-15,Bricklayer,Pune City,Construction,23
2024-11-15,Tile Mason,Pune City,Real Estate,11
2024-11-15,Shuttering Carpenter,Pune City,Construction,7
2024-12-15,Mason,Pimpri Chinchwad,Construction,34
2024-12-15,Senior Bricklayer,Pune,Real Estate,23
2024-12-15,Tile Mason,Poona,Construction,11
2024-12-15,Shuttering Carpenter,Pimpri Chinchwad,Real Estate,8
2025-01-15,Mason,Pune,Real Estate,39
2025-01-15,Bricklayer,Poona,Construction,26
2025-01-15,Tile Mason,Pimpri Chinchwad,Real Estate,13
2025-01-15,Shuttering Carpenter,Pune,Construction,9
2025-02-15,Mason,Poona,Construction,40
2025-02-15,Senior Bricklayer,Pimpri Chinchwad,Real Estate,26
2025-02-15,Tile Mason,Pune,Construction,13
2025-02-15,Shuttering Carpenter,Poona,Real Estate,9
2025-03-15,Mason,Pimpri Chinchwad,Real Estate,39
2025-03-15,Bricklayer,Pune,Construction,26
2025-03-15,Tile Mason,Poona,Real Estate,13
2025-03-15,Shuttering Carpenter,Pimpri Chinchwad,Construction,9
2025-04-15,Mason,Pune,Construction,38
2025-04-15,Senior Bricklayer,Poona,Real Estate,26
2025-04-15,Tile Mason,Pimpri Chinchwad,Construction,13
2025-04-15,Shuttering Carpenter,Pune,Real Estate,8
2025-05-15,Mason,Poona,Real Estate,37
2025-05-15,Bricklayer,Pimpri Chinchwad,Construction,25
2025-05-15,Tile Mason,Pune,Real Estate,13
2025-05-15,Shuttering Carpenter,Poona,Construction,8
2025-06-15,Mason,Pimpri Chinchwad,Construction,37
2025-06-15,Senior Bricklayer,Pune,Real Estate,24
2025-06-15,Tile Mason,Poona,Construction,12
2025-06-15,Shuttering Carpenter,Pimpri Chinchwad,Real Estate,8
2025-07-15,Mason,Pune,Real Estate,35
2025-07-15,Bricklayer,Poona,Construction,24
2025-07-15,Tile Mason,Pimpri Chinchwad,Real Estate,12
2025-07-15,Shuttering Carpenter,Pune,Construction,8
2025-08-15,Mason,Poona,Construction,35
2025-08-15,Senior Bricklayer,Pimpri Chinchwad,Real Estate,23
2025-08-15,Tile Mason,Pune,Construction,12
2025-08-15,Shuttering Carpenter,Poona,Real Estate,8
2025-09-15,Mason,Pimpri Chinchwad,Real Estate,35
2025-09-15,Bricklayer,Pune,Construction,23
2025-09-15,Tile Mason,Poona,Real Estate,12
2025-09-15,Shuttering Carpenter,Pimpri Chinchwad,Construction,8
2025-10-15,Mason,Pune,Construction,32
2025-10-15,Senior Bricklayer,Poona,Real Estate,21
2025-10-15,Tile Mason,Pimpri Chinchwad,Construction,11
2025-10-15,Shuttering Carpenter,Pune,Real Estate,7
2025-11-15,Mason,Poona,Real Estate,32
2025-11-15,Bricklayer,Pimpri Chinchwad,Construction,22
2025-11-15,Tile Mason,Pune,Real Estate,11
2025-11-15,Shuttering Carpenter,Poona,Construction,7
2025-12-15,Mason,Pimpri Chinchwad,Construction,33
2025-12-15,Senior Bricklayer,Pune,Real Estate,22
2025-12-15,Tile Mason,Poona,Construction,11
2025-12-15,Shuttering Carpenter,Pimpri Chinchwad,Real Estate,7
2026-01-15,Mason,Pune,Real Estate,33
2026-01-15,Bricklayer,Poona,Construction,22
2026-01-15,Tile Mason,Pimpri Chinchwad,Real Estate,11
2026-01-15,Shuttering Carpenter,Pune,Construction,7
2026-02-15,Mason,Pune City,Construction,33
2026-02-15,Senior Bricklayer,Pune City,Real Estate,22
2026-02-15,Tile Mason,Pune City,Construction,11
2026-02-15,Shuttering Carpenter,Pune City,Real Estate,7
2026-03-15,Mason,Pune City,Real Estate,33
2026-03-15,Bricklayer,Pune City,Construction,22
2026-03-15,Tile Mason,Pune City,Real Estate,11
2026-03-15,Shuttering Carpenter,Pune City,Construction,7
2026-04-15,Mason,Pune,Construction,32
2026-04-15,Senior Bricklayer,Poona,Real Estate,21
2026-04-15,Tile Mason,Pimpri Chinchwad,Construction,11
2026-04-15,Shuttering Carpenter,Pune,Real Estate,7
2026-05-15,Mason,Poona,Real Estate,31
2026-05-15,Bricklayer,Pimpri Chinchwad,Construction,21
2026-05-15,Tile Mason,Pune,Real Estate,10
2026-05-15,Shuttering Carpenter,Poona,Construction,7
2026-06-15,Mason,Pimpri Chinchwad,Construction,31
2026-06-15,Senior Bricklayer,Pune,Real Estate,20
2026-06-15,Tile Mason,Poona,Construction,10
2026-06-15,Shuttering Carpenter,Pimpri Chinchwad,Real Estate,7
2026-07-15,Mason,Pune,Real Estate,30
2026-07-15,Bricklayer,Poona,Construction,20
2026-07-15,Tile Mason,Pimpri Chinchwad,Real Estate,10
2026-07-15,Shuttering Carpenter,Pune,Construction,6
2026-08-15,Mason,Poona,Construction,29
2026-08-15,Senior Bricklayer,Pimpri Chinchwad,Real Estate,20
2026-08-15,Tile Mason,Pune,Construction,10
2026-08-15,Shuttering Carpenter,Poona,Real Estate,6
2026-09-15,Mason,Pimpri Chinchwad,Real Estate,29
2026-09-15,Bricklayer,Pune,Construction,19
2026-09-15,Tile Mason,Poona,Real Estate,10
2026-09-15,Shuttering Carpenter,Pimpri Chinchwad,Construction,6
2024-10-15,Retail Sales Associate,Pune,Retail,105
2024-10-15,Senior Store Associate,Poona,Organised Retail,70
2024-10-15,Counter Sales Executive,Pimpri Chinchwad,Retail,35
2024-10-15,Retail Sales Assosiate,Pune,Organised Retail,23
2024-11-15,Retail Sales Associate,Poona,Organised Retail,105
2024-11-15,Store Associate,Pimpri Chinchwad,Retail,70
2024-11-15,Counter Sales Executive,Pune,Organised Retail,35
2024-11-15,Retail Sales Assosiate,Poona,Retail,24
2024-12-15,Retail Sales Associate,Pimpri Chinchwad,Retail,107
2024-12-15,Senior Store Associate,Pune,Organised Retail,71
2024-12-15,Counter Sales Executive,Poona,Retail,35
2024-12-15,Retail Sales Assosiate,Pimpri Chinchwad,Organised Retail,24
2025-01-15,Retail Sales Associate,Pune,Organised Retail,100
2025-01-15,Store Associate,Poona,Retail,67
2025-01-15,Counter Sales Executive,Pimpri Chinchwad,Organised Retail,34
2025-01-15,Retail Sales Assosiate,Pune,Retail,22
2025-02-15,Retail Sales Associate,Pune City,Retail,101
2025-02-15,Senior Store Associate,Pune City,Organised Retail,67
2025-02-15,Counter Sales Executive,Pune City,Retail,34
2025-02-15,Retail Sales Assosiate,Pune City,Organised Retail,22
2025-03-15,Retail Sales Associate,Pimpri Chinchwad,Organised Retail,100
2025-03-15,Store Associate,Pune,Retail,67
2025-03-15,Counter Sales Executive,Poona,Organised Retail,34
2025-03-15,Retail Sales Assosiate,Pimpri Chinchwad,Retail,22
2025-04-15,Retail Sales Associate,Pune,Retail,98
2025-04-15,Senior Store Associate,Poona,Organised Retail,65
2025-04-15,Counter Sales Executive,Pimpri Chinchwad,Retail,33
2025-04-15,Retail Sales Assosiate,Pune,Organised Retail,22
2025-05-15,Retail Sales Associate,Pune City,Organised Retail,96
2025-05-15,Store Associate,Pune City,Retail,64
2025-05-15,Counter Sales Executive,Pune City,Organised Retail,32
2025-05-15,Retail Sales Assosiate,Pune City,Retail,21
2025-06-15,Retail Sales Associate,Pimpri Chinchwad,Retail,93
2025-06-15,Senior Store Associate,Pune,Organised Retail,62
2025-06-15,Counter Sales Executive,Poona,Retail,31
2025-06-15,Retail Sales Assosiate,Pimpri Chinchwad,Organised Retail,21
2025-07-15,Retail Sales Associate,Pune,Organised Retail,91
2025-07-15,Store Associate,Poona,Retail,60
2025-07-15,Counter Sales Executive,Pimpri Chinchwad,Organised Retail,30
2025-07-15,Retail Sales Assosiate,Pune,Retail,20
2025-08-15,Retail Sales Associate,Poona,Retail,100
2025-08-15,Senior Store Associate,Pimpri Chinchwad,Organised Retail,67
2025-08-15,Counter Sales Executive,Pune,Retail,34
2025-08-15,Retail Sales Assosiate,Poona,Organised Retail,22
2025-09-15,Retail Sales Associate,Pimpri Chinchwad,Organised Retail,99
2025-09-15,Store Associate,Pune,Retail,66
2025-09-15,Counter Sales Executive,Poona,Organised Retail,33
2025-09-15,Retail Sales Assosiate,Pimpri Chinchwad,Retail,22
2025-10-15,Retail Sales Associate,Pune,Retail,86
2025-10-15,Senior Store Associate,Poona,Organised Retail,58
2025-10-15,Counter Sales Executive,Pimpri Chinchwad,Retail,29
2025-10-15,Retail Sales Assosiate,Pune,Organised Retail,19
2025-11-15,Retail Sales Associate,Poona,Organised Retail,87
2025-11-15,Store Associate,Pimpri Chinchwad,Retail,58
2025-11-15,Counter Sales Executive,Pune,Organised Retail,29
2025-11-15,Retail Sales Assosiate,Poona,Retail,19
2025-12-15,Retail Sales Associate,Pimpri Chinchwad,Retail,88
2025-12-15,Senior Store Associate,Pune,Organised Retail,59
2025-12-15,Counter Sales Executive,Poona,Retail,29
2025-12-15,Retail Sales Assosiate,Pimpri Chinchwad,Organised Retail,19
2026-01-15,Retail Sales Associate,Pune,Organised Retail,100
2026-01-15,Store Associate,Poona,Retail,66
2026-01-15,Counter Sales Executive,Pimpri Chinchwad,Organised Retail,33
2026-01-15,Retail Sales Assosiate,Pune,Retail,22
2026-02-15,Retail Sales Associate,Poona,Retail,100
2026-02-15,Senior Store Associate,Pimpri Chinchwad,Organised Retail,67
2026-02-15,Counter Sales Executive,Pune,Retail,34
2026-02-15,Retail Sales Assosiate,Poona,Organised Retail,22
2026-03-15,Retail Sales Associate,Pimpri Chinchwad,Organised Retail,99
2026-03-15,Store Associate,Pune,Retail,66
2026-03-15,Counter Sales Executive,Poona,Organised Retail,33
2026-03-15,Retail Sales Assosiate,Pimpri Chinchwad,Retail,22
2026-04-15,Retail Sales Associate,Pune,Retail,98
2026-04-15,Senior Store Associate,Poona,Organised Retail,65
2026-04-15,Counter Sales Executive,Pimpri Chinchwad,Retail,33
2026-04-15,Retail Sales Assosiate,Pune,Organised Retail,22
2026-05-15,Retail Sales Associate,Poona,Organised Retail,95
2026-05-15,Store Associate,Pimpri Chinchwad,Retail,64
2026-05-15,Counter Sales Executive,Pune,Organised Retail,32
2026-05-15,Retail Sales Assosiate,Poona,Retail,21
2026-06-15,Retail Sales Associate,Pimpri Chinchwad,Retail,93
2026-06-15,Senior Store Associate,Pune,Organised Retail,62
2026-06-15,Counter Sales Executive,Poona,Retail,31
2026-06-15,Retail Sales Assosiate,Pimpri Chinchwad,Organised Retail,20
2026-07-15,Retail Sales Associate,Pune,Organised Retail,89
2026-07-15,Store Associate,Poona,Retail,60
2026-07-15,Counter Sales Executive,Pimpri Chinchwad,Organised Retail,30
2026-07-15,Retail Sales Assosiate,Pune,Retail,20
2026-08-15,Retail Sales Associate,Poona,Retail,87
2026-08-15,Senior Store Associate,Pimpri Chinchwad,Organised Retail,58
2026-08-15,Counter Sales Executive,Pune,Retail,29
2026-08-15,Retail Sales Assosiate,Poona,Organised Retail,19
2026-09-15,Retail Sales Associate,Pimpri Chinchwad,Organised Retail,86
2026-09-15,Store Associate,Pune,Retail,57
2026-09-15,Counter Sales Executive,Poona,Organised Retail,28
2026-09-15,Retail Sales Assosiate,Pimpri Chinchwad,Retail,19
2024-10-15,Solar Technician,Pune,Renewable Energy,21
2024-10-15,Senior Solar PV Installer,Poona,Green Jobs,14
2024-10-15,Rooftop Solar Installer,Pimpri Chinchwad,Power,7
2024-10-15,Solar Technician - Rooftop,Pune,Renewable Energy,5
2024-11-15,Solar Technician,Poona,Green Jobs,22
2024-11-15,Solar PV Installer,Pimpri Chinchwad,Power,15
2024-11-15,Rooftop Solar Installer,Pune,Renewable Energy,7
2024-11-15,Solar Technician - Rooftop,Poona,Green Jobs,5
2024-12-15,Solar Technician,Pimpri Chinchwad,Power,22
2024-12-15,Senior Solar PV Installer,Pune,Renewable Energy,15
2024-12-15,Rooftop Solar Installer,Poona,Green Jobs,7
2024-12-15,Solar Technician - Rooftop,Pimpri Chinchwad,Power,5
2025-01-15,Solar Technician,Pune,Renewable Energy,22
2025-01-15,Solar PV Installer,Poona,Green Jobs,14
2025-01-15,Rooftop Solar Installer,Pimpri Chinchwad,Power,7
2025-01-15,Solar Technician - Rooftop,Pune,Renewable Energy,5
2025-02-15,Solar Technician,Poona,Green Jobs,22
2025-02-15,Senior Solar PV Installer,Pimpri Chinchwad,Power,14
2025-02-15,Rooftop Solar Installer,Pune,Renewable Energy,7
2025-02-15,Solar Technician - Rooftop,Poona,Green Jobs,5
2025-03-15,Solar Technician,Pimpri Chinchwad,Power,22
2025-03-15,Solar PV Installer,Pune,Renewable Energy,14
2025-03-15,Rooftop Solar Installer,Poona,Green Jobs,7
2025-03-15,Solar Technician - Rooftop,Pimpri Chinchwad,Power,5
2025-04-15,Solar Technician,Pune,Renewable Energy,22
2025-04-15,Senior Solar PV Installer,Poona,Green Jobs,15
2025-04-15,Rooftop Solar Installer,Pimpri Chinchwad,Power,7
2025-04-15,Solar Technician - Rooftop,Pune,Renewable Energy,5
2025-05-15,Solar Technician,Poona,Green Jobs,23
2025-05-15,Solar PV Installer,Pimpri Chinchwad,Power,15
2025-05-15,Rooftop Solar Installer,Pune,Renewable Energy,7
2025-05-15,Solar Technician - Rooftop,Poona,Green Jobs,5
2025-06-15,Solar Technician,Pimpri Chinchwad,Power,23
2025-06-15,Senior Solar PV Installer,Pune,Renewable Energy,15
2025-06-15,Rooftop Solar Installer,Poona,Green Jobs,8
2025-06-15,Solar Technician - Rooftop,Pimpri Chinchwad,Power,5
2025-07-15,Solar Technician,Pune,Renewable Energy,24
2025-07-15,Solar PV Installer,Poona,Green Jobs,16
2025-07-15,Rooftop Solar Installer,Pimpri Chinchwad,Power,8
2025-07-15,Solar Technician - Rooftop,Pune,Renewable Energy,5
2025-08-15,Solar Technician,Pune City,Green Jobs,25
2025-08-15,Senior Solar PV Installer,Pune City,Power,17
2025-08-15,Rooftop Solar Installer,Pune City,Renewable Energy,8
2025-08-15,Solar Technician - Rooftop,Pune City,Green Jobs,5
2025-09-15,Solar Technician,Pune City,Power,26
2025-09-15,Solar PV Installer,Pune City,Renewable Energy,17
2025-09-15,Rooftop Solar Installer,Pune City,Green Jobs,8
2025-09-15,Solar Technician - Rooftop,Pune City,Power,6
2025-10-15,Solar Technician,Pune,Renewable Energy,26
2025-10-15,Senior Solar PV Installer,Poona,Green Jobs,18
2025-10-15,Rooftop Solar Installer,Pimpri Chinchwad,Power,9
2025-10-15,Solar Technician - Rooftop,Pune,Renewable Energy,6
2025-11-15,Solar Technician,Pune City,Green Jobs,27
2025-11-15,Solar PV Installer,Pune City,Power,18
2025-11-15,Rooftop Solar Installer,Pune City,Renewable Energy,9
2025-11-15,Solar Technician - Rooftop,Pune City,Green Jobs,6
2025-12-15,Solar Technician,Pimpri Chinchwad,Power,27
2025-12-15,Senior Solar PV Installer,Pune,Renewable Energy,18
2025-12-15,Rooftop Solar Installer,Poona,Green Jobs,9
2025-12-15,Solar Technician - Rooftop,Pimpri Chinchwad,Power,6
2026-01-15,Solar Technician,Pune,Renewable Energy,26
2026-01-15,Solar PV Installer,Poona,Green Jobs,17
2026-01-15,Rooftop Solar Installer,Pimpri Chinchwad,Power,8
2026-01-15,Solar Technician - Rooftop,Pune,Renewable Energy,6
2026-02-15,Solar Technician,Poona,Green Jobs,26
2026-02-15,Senior Solar PV Installer,Pimpri Chinchwad,Power,17
2026-02-15,Rooftop Solar Installer,Pune,Renewable Energy,8
2026-02-15,Solar Technician - Rooftop,Poona,Green Jobs,6
2026-03-15,Solar Technician,Pimpri Chinchwad,Power,26
2026-03-15,Solar PV Installer,Pune,Renewable Energy,17
2026-03-15,Rooftop Solar Installer,Poona,Green Jobs,8
2026-03-15,Solar Technician - Rooftop,Pimpri Chinchwad,Power,6
2026-04-15,Solar Technician,Pune City,Renewable Energy,26
2026-04-15,Senior Solar PV Installer,Pune City,Green Jobs,17
2026-04-15,Rooftop Solar Installer,Pune City,Power,8
2026-04-15,Solar Technician - Rooftop,Pune City,Renewable Energy,6
2026-05-15,Solar Technician,Pune City,Green Jobs,26
2026-05-15,Solar PV Installer,Pune City,Power,18
2026-05-15,Rooftop Solar Installer,Pune City,Renewable Energy,9
2026-05-15,Solar Technician - Rooftop,Pune City,Green Jobs,6
2026-06-15,Solar Technician,Pimpri Chinchwad,Power,28
2026-06-15,Senior Solar PV Installer,Pune,Renewable Energy,18
2026-06-15,Rooftop Solar Installer,Poona,Green Jobs,9
2026-06-15,Solar Technician - Rooftop,Pimpri Chinchwad,Power,6
2026-07-15,Solar Technician,Pune,Renewable Energy,29
2026-07-15,Solar PV Installer,Poona,Green Jobs,19
2026-07-15,Rooftop Solar Installer,Pimpri Chinchwad,Power,10
2026-07-15,Solar Technician - Rooftop,Pune,Renewable Energy,6
2026-08-15,Solar Technician,Poona,Green Jobs,30
2026-08-15,Senior Solar PV Installer,Pimpri Chinchwad,Power,20
2026-08-15,Rooftop Solar Installer,Pune,Renewable Energy,10
2026-08-15,Solar Technician - Rooftop,Poona,Green Jobs,6
2026-09-15,Solar Technician,Pimpri Chinchwad,Power,31
2026-09-15,Solar PV Installer,Pune,Renewable Energy,20
2026-09-15,Rooftop Solar Installer,Poona,Green Jobs,10
2026-09-15,Solar Technician - Rooftop,Pimpri Chinchwad,Power,7
2024-10-15,Wind Turbine Technician,Pune,Renewable Energy,8
2024-10-15,Senior Wind Technician,Poona,Green Jobs,5
2024-10-15,WTG Technician,Pimpri Chinchwad,Power,3
2024-10-15,Wind Turbine Technician (O&M),Pune,Renewable Energy,2
2024-11-15,Wind Turbine Technician,Poona,Green Jobs,8
2024-11-15,Wind Technician,Pimpri Chinchwad,Power,5
2024-11-15,WTG Technician,Pune,Renewable Energy,3
2024-11-15,Wind Turbine Technician (O&M),Poona,Green Jobs,2
2024-12-15,Wind Turbine Technician,Pimpri Chinchwad,Power,8
2024-12-15,Senior Wind Technician,Pune,Renewable Energy,5
2024-12-15,WTG Technician,Poona,Green Jobs,2
2024-12-15,Wind Turbine Technician (O&M),Pimpri Chinchwad,Power,2
2025-01-15,Wind Turbine Technician,Pune,Renewable Energy,8
2025-01-15,Wind Technician,Poona,Green Jobs,5
2025-01-15,WTG Technician,Pimpri Chinchwad,Power,3
2025-01-15,Wind Turbine Technician (O&M),Pune,Renewable Energy,2
2025-02-15,Wind Turbine Technician,Poona,Green Jobs,8
2025-02-15,Senior Wind Technician,Pimpri Chinchwad,Power,5
2025-02-15,WTG Technician,Pune,Renewable Energy,3
2025-02-15,Wind Turbine Technician (O&M),Poona,Green Jobs,2
2025-03-15,Wind Turbine Technician,Pimpri Chinchwad,Power,8
2025-03-15,Wind Technician,Pune,Renewable Energy,6
2025-03-15,WTG Technician,Poona,Green Jobs,3
2025-03-15,Wind Turbine Technician (O&M),Pimpri Chinchwad,Power,2
2025-04-15,Wind Turbine Technician,Pune City,Renewable Energy,9
2025-04-15,Senior Wind Technician,Pune City,Green Jobs,6
2025-04-15,WTG Technician,Pune City,Power,3
2025-04-15,Wind Turbine Technician (O&M),Pune City,Renewable Energy,2
2025-05-15,Wind Turbine Technician,Poona,Green Jobs,9
2025-05-15,Wind Technician,Pimpri Chinchwad,Power,6
2025-05-15,WTG Technician,Pune,Renewable Energy,3
2025-05-15,Wind Turbine Technician (O&M),Poona,Green Jobs,2
2025-06-15,Wind Turbine Technician,Pimpri Chinchwad,Power,10
2025-06-15,Senior Wind Technician,Pune,Renewable Energy,6
2025-06-15,WTG Technician,Poona,Green Jobs,3
2025-06-15,Wind Turbine Technician (O&M),Pimpri Chinchwad,Power,2
2025-07-15,Wind Turbine Technician,Pune,Renewable Energy,10
2025-07-15,Wind Technician,Poona,Green Jobs,6
2025-07-15,WTG Technician,Pimpri Chinchwad,Power,3
2025-07-15,Wind Turbine Technician (O&M),Pune,Renewable Energy,2
2025-08-15,Wind Turbine Technician,Poona,Green Jobs,10
2025-08-15,Senior Wind Technician,Pimpri Chinchwad,Power,7
2025-08-15,WTG Technician,Pune,Renewable Energy,3
2025-08-15,Wind Turbine Technician (O&M),Poona,Green Jobs,2
2025-09-15,Wind Turbine Technician,Pimpri Chinchwad,Power,10
2025-09-15,Wind Technician,Pune,Renewable Energy,7
2025-09-15,WTG Technician,Poona,Green Jobs,3
2025-09-15,Wind Turbine Technician (O&M),Pimpri Chinchwad,Power,2
2025-10-15,Wind Turbine Technician,Pune,Renewable Energy,10
2025-10-15,Senior Wind Technician,Poona,Green Jobs,6
2025-10-15,WTG Technician,Pimpri Chinchwad,Power,3
2025-10-15,Wind Turbine Technician (O&M),Pune,Renewable Energy,2
2025-11-15,Wind Turbine Technician,Poona,Green Jobs,10
2025-11-15,Wind Technician,Pimpri Chinchwad,Power,6
2025-11-15,WTG Technician,Pune,Renewable Energy,3
2025-11-15,Wind Turbine Technician (O&M),Poona,Green Jobs,2
2025-12-15,Wind Turbine Technician,Pimpri Chinchwad,Power,10
2025-12-15,Senior Wind Technician,Pune,Renewable Energy,6
2025-12-15,WTG Technician,Poona,Green Jobs,3
2025-12-15,Wind Turbine Technician (O&M),Pimpri Chinchwad,Power,2
2026-01-15,Wind Turbine Technician,Pune,Renewable Energy,10
2026-01-15,Wind Technician,Poona,Green Jobs,7
2026-01-15,WTG Technician,Pimpri Chinchwad,Power,3
2026-01-15,Wind Turbine Technician (O&M),Pune,Renewable Energy,2
2026-02-15,Wind Turbine Technician,Poona,Green Jobs,10
2026-02-15,Senior Wind Technician,Pimpri Chinchwad,Power,7
2026-02-15,WTG Technician,Pune,Renewable Energy,3
2026-02-15,Wind Turbine Technician (O&M),Poona,Green Jobs,2
2026-03-15,Wind Turbine Technician,Pimpri Chinchwad,Power,10
2026-03-15,Wind Technician,Pune,Renewable Energy,7
2026-03-15,WTG Technician,Poona,Green Jobs,3
2026-03-15,Wind Turbine Technician (O&M),Pimpri Chinchwad,Power,2
2026-04-15,Wind Turbine Technician,Pune,Renewable Energy,10
2026-04-15,Senior Wind Technician,Poona,Green Jobs,7
2026-04-15,WTG Technician,Pimpri Chinchwad,Power,4
2026-04-15,Wind Turbine Technician (O&M),Pune,Renewable Energy,2
2026-05-15,Wind Turbine Technician,Poona,Green Jobs,11
2026-05-15,Wind Technician,Pimpri Chinchwad,Power,7
2026-05-15,WTG Technician,Pune,Renewable Energy,4
2026-05-15,Wind Turbine Technician (O&M),Poona,Green Jobs,2
2026-06-15,Wind Turbine Technician,Pimpri Chinchwad,Power,11
2026-06-15,Senior Wind Technician,Pune,Renewable Energy,7
2026-06-15,WTG Technician,Poona,Green Jobs,4
2026-06-15,Wind Turbine Technician (O&M),Pimpri Chinchwad,Power,2
2026-07-15,Wind Turbine Technician,Pune City,Renewable Energy,11
2026-07-15,Wind Technician,Pune City,Green Jobs,7
2026-07-15,WTG Technician,Pune City,Power,4
2026-07-15,Wind Turbine Technician (O&M),Pune City,Renewable Energy,2
2026-08-15,Wind Turbine Technician,Poona,Green Jobs,11
2026-08-15,Senior Wind Technician,Pimpri Chinchwad,Power,8
2026-08-15,WTG Technician,Pune,Renewable Energy,4
2026-08-15,Wind Turbine Technician (O&M),Poona,Green Jobs,2
2026-09-15,Wind Turbine Technician,Pimpri Chinchwad,Power,11
2026-09-15,Wind Technician,Pune,Renewable Energy,8
2026-09-15,WTG Technician,Poona,Green Jobs,4
2026-09-15,Wind Turbine Technician (O&M),Pimpri Chinchwad,Power,2
2024-10-15,Software Developer,Nagpur,IT & Digital,52
2024-10-15,Senior Software Engineer,Nagpur City,IT/ITES,35
2024-10-15,Full Stack Developer,"Nagpur, MH",Information Technology,17
2024-10-15,Java Developer,Nagpur,IT & Digital,11
2024-11-15,Software Developer,Nagpur City,IT/ITES,52
2024-11-15,Software Engineer,"Nagpur, MH",Information Technology,35
2024-11-15,Full Stack Developer,Nagpur,IT & Digital,17
2024-11-15,Java Developer,Nagpur City,IT/ITES,12
2024-12-15,Software Developer,"Nagpur, MH",Information Technology,53
2024-12-15,Senior Software Engineer,Nagpur,IT & Digital,35
2024-12-15,Full Stack Developer,Nagpur City,IT/ITES,18
2024-12-15,Java Developer,"Nagpur, MH",Information Technology,12
2025-01-15,Software Developer,Nagpur,IT & Digital,55
2025-01-15,Software Engineer,Nagpur City,IT/ITES,37
2025-01-15,Full Stack Developer,"Nagpur, MH",Information Technology,18
2025-01-15,Java Developer,Nagpur,IT & Digital,12
2025-02-15,Software Developer,Nagpur City,IT/ITES,57
2025-02-15,Senior Software Engineer,"Nagpur, MH",Information Technology,38
2025-02-15,Full Stack Developer,Nagpur,IT & Digital,19
2025-02-15,Java Developer,Nagpur City,IT/ITES,12
2025-03-15,Software Developer,Nagpur District,Information Technology,59
2025-03-15,Software Engineer,Nagpur District,IT & Digital,39
2025-03-15,Full Stack Developer,Nagpur District,IT/ITES,19
2025-03-15,Java Developer,Nagpur District,Information Technology,13
2025-04-15,Software Developer,Nagpur,IT & Digital,60
2025-04-15,Senior Software Engineer,Nagpur City,IT/ITES,40
2025-04-15,Full Stack Developer,"Nagpur, MH",Information Technology,20
2025-04-15,Java Developer,Nagpur,IT & Digital,13
2025-05-15,Software Developer,Nagpur City,IT/ITES,61
2025-05-15,Software Engineer,"Nagpur, MH",Information Technology,41
2025-05-15,Full Stack Developer,Nagpur,IT & Digital,20
2025-05-15,Java Developer,Nagpur City,IT/ITES,13
2025-06-15,Software Developer,"Nagpur, MH",Information Technology,61
2025-06-15,Senior Software Engineer,Nagpur,IT & Digital,41
2025-06-15,Full Stack Developer,Nagpur City,IT/ITES,20
2025-06-15,Java Developer,"Nagpur, MH",Information Technology,13
2025-07-15,Software Developer,Nagpur,IT & Digital,60
2025-07-15,Software Engineer,Nagpur City,IT/ITES,40
2025-07-15,Full Stack Developer,"Nagpur, MH",Information Technology,20
2025-07-15,Java Developer,Nagpur,IT & Digital,14
2025-08-15,Software Developer,Nagpur City,IT/ITES,60
2025-08-15,Senior Software Engineer,"Nagpur, MH",Information Technology,40
2025-08-15,Full Stack Developer,Nagpur,IT & Digital,20
2025-08-15,Java Developer,Nagpur City,IT/ITES,13
2025-09-15,Software Developer,"Nagpur, MH",Information Technology,59
2025-09-15,Software Engineer,Nagpur,IT & Digital,40
2025-09-15,Full Stack Developer,Nagpur City,IT/ITES,20
2025-09-15,Java Developer,"Nagpur, MH",Information Technology,13
2025-10-15,Software Developer,Nagpur,IT & Digital,59
2025-10-15,Senior Software Engineer,Nagpur City,IT/ITES,39
2025-10-15,Full Stack Developer,"Nagpur, MH",Information Technology,20
2025-10-15,Java Developer,Nagpur,IT & Digital,13
2025-11-15,Software Developer,Nagpur District,IT/ITES,59
2025-11-15,Software Engineer,Nagpur District,Information Technology,40
2025-11-15,Full Stack Developer,Nagpur District,IT & Digital,20
2025-11-15,Java Developer,Nagpur District,IT/ITES,13
2025-12-15,Software Developer,"Nagpur, MH",Information Technology,61
2025-12-15,Senior Software Engineer,Nagpur,IT & Digital,41
2025-12-15,Full Stack Developer,Nagpur City,IT/ITES,20
2025-12-15,Java Developer,"Nagpur, MH",Information Technology,13
2026-01-15,Software Developer,Nagpur,IT & Digital,63
2026-01-15,Software Engineer,Nagpur City,IT/ITES,42
2026-01-15,Full Stack Developer,"Nagpur, MH",Information Technology,21
2026-01-15,Java Developer,Nagpur,IT & Digital,14
2026-02-15,Software Developer,Nagpur City,IT/ITES,65
2026-02-15,Senior Software Engineer,"Nagpur, MH",Information Technology,43
2026-02-15,Full Stack Developer,Nagpur,IT & Digital,22
2026-02-15,Java Developer,Nagpur City,IT/ITES,14
2026-03-15,Software Developer,"Nagpur, MH",Information Technology,67
2026-03-15,Software Engineer,Nagpur,IT & Digital,45
2026-03-15,Full Stack Developer,Nagpur City,IT/ITES,22
2026-03-15,Java Developer,"Nagpur, MH",Information Technology,15
2026-04-15,Software Developer,Nagpur,IT & Digital,68
2026-04-15,Senior Software Engineer,Nagpur City,IT/ITES,45
2026-04-15,Full Stack Developer,"Nagpur, MH",Information Technology,23
2026-04-15,Java Developer,Nagpur,IT & Digital,15
2026-05-15,Software Developer,Nagpur City,IT/ITES,69
2026-05-15,Software Engineer,"Nagpur, MH",Information Technology,46
2026-05-15,Full Stack Developer,Nagpur,IT & Digital,23
2026-05-15,Java Developer,Nagpur City,IT/ITES,15
2026-06-15,Software Developer,"Nagpur, MH",Information Technology,69
2026-06-15,Senior Software Engineer,Nagpur,IT & Digital,46
2026-06-15,Full Stack Developer,Nagpur City,IT/ITES,23
2026-06-15,Java Developer,"Nagpur, MH",Information Technology,15
2026-07-15,Software Developer,Nagpur,IT & Digital,68
2026-07-15,Software Engineer,Nagpur City,IT/ITES,46
2026-07-15,Full Stack Developer,"Nagpur, MH",Information Technology,23
2026-07-15,Java Developer,Nagpur,IT & Digital,15
2026-08-15,Software Developer,Nagpur City,IT/ITES,68
2026-08-15,Senior Software Engineer,"Nagpur, MH",Information Technology,46
2026-08-15,Full Stack Developer,Nagpur,IT & Digital,23
2026-08-15,Java Developer,Nagpur City,IT/ITES,15
2026-09-15,Software Developer,"Nagpur, MH",Information Technology,68
2026-09-15,Software Engineer,Nagpur,IT & Digital,45
2026-09-15,Full Stack Developer,Nagpur City,IT/ITES,22
2026-09-15,Java Developer,"Nagpur, MH",Information Technology,15
2024-10-15,Data Entry Operator,Nagpur,IT & Digital,19
2024-10-15,Senior Back Office Executive,Nagpur City,IT/ITES,13
2024-10-15,Computer Operator,"Nagpur, MH",Information Technology,7
2024-10-15,Data Entry Opertor,Nagpur,IT & Digital,4
2024-11-15,Data Entry Operator,Nagpur City,IT/ITES,20
2024-11-15,Back Office Executive,"Nagpur, MH",Information Technology,13
2024-11-15,Computer Operator,Nagpur,IT & Digital,7
2024-11-15,Data Entry Opertor,Nagpur City,IT/ITES,4
2024-12-15,Data Entry Operator,"Nagpur, MH",Information Technology,20
2024-12-15,Senior Back Office Executive,Nagpur,IT & Digital,13
2024-12-15,Computer Operator,Nagpur City,IT/ITES,7
2024-12-15,Data Entry Opertor,"Nagpur, MH",Information Technology,4
2025-01-15,Data Entry Operator,Nagpur,IT & Digital,19
2025-01-15,Back Office Executive,Nagpur City,IT/ITES,13
2025-01-15,Computer Operator,"Nagpur, MH",Information Technology,6
2025-01-15,Data Entry Opertor,Nagpur,IT & Digital,4
2025-02-15,Data Entry Operator,Nagpur City,IT/ITES,19
2025-02-15,Senior Back Office Executive,"Nagpur, MH",Information Technology,12
2025-02-15,Computer Operator,Nagpur,IT & Digital,6
2025-02-15,Data Entry Opertor,Nagpur City,IT/ITES,4
2025-03-15,Data Entry Operator,"Nagpur, MH",Information Technology,18
2025-03-15,Back Office Executive,Nagpur,IT & Digital,12
2025-03-15,Computer Operator,Nagpur City,IT/ITES,6
2025-03-15,Data Entry Opertor,"Nagpur, MH",Information Technology,4
2025-04-15,Data Entry Operator,Nagpur,IT & Digital,17
2025-04-15,Senior Back Office Executive,Nagpur City,IT/ITES,11
2025-04-15,Computer Operator,"Nagpur, MH",Information Technology,6
2025-04-15,Data Entry Opertor,Nagpur,IT & Digital,4
2025-05-15,Data Entry Operator,Nagpur City,IT/ITES,17
2025-05-15,Back Office Executive,"Nagpur, MH",Information Technology,11
2025-05-15,Computer Operator,Nagpur,IT & Digital,6
2025-05-15,Data Entry Opertor,Nagpur City,IT/ITES,4
2025-06-15,Data Entry Operator,"Nagpur, MH",Information Technology,16
2025-06-15,Senior Back Office Executive,Nagpur,IT & Digital,11
2025-06-15,Computer Operator,Nagpur City,IT/ITES,5
2025-06-15,Data Entry Opertor,"Nagpur, MH",Information Technology,4
2025-07-15,Data Entry Operator,Nagpur,IT & Digital,16
2025-07-15,Back Office Executive,Nagpur City,IT/ITES,11
2025-07-15,Computer Operator,"Nagpur, MH",Information Technology,5
2025-07-15,Data Entry Opertor,Nagpur,IT & Digital,4
2025-08-15,Data Entry Operator,Nagpur City,IT/ITES,16
2025-08-15,Senior Back Office Executive,"Nagpur, MH",Information Technology,11
2025-08-15,Computer Operator,Nagpur,IT & Digital,5
2025-08-15,Data Entry Opertor,Nagpur City,IT/ITES,4
2025-09-15,Data Entry Operator,"Nagpur, MH",Information Technology,16
2025-09-15,Back Office Executive,Nagpur,IT & Digital,11
2025-09-15,Computer Operator,Nagpur City,IT/ITES,5
2025-09-15,Data Entry Opertor,"Nagpur, MH",Information Technology,4
2025-10-15,Data Entry Operator,Nagpur,IT & Digital,16
2025-10-15,Senior Back Office Executive,Nagpur City,IT/ITES,11
2025-10-15,Computer Operator,"Nagpur, MH",Information Technology,5
2025-10-15,Data Entry Opertor,Nagpur,IT & Digital,4
2025-11-15,Data Entry Operator,Nagpur City,IT/ITES,17
2025-11-15,Back Office Executive,"Nagpur, MH",Information Technology,11
2025-11-15,Computer Operator,Nagpur,IT & Digital,5
2025-11-15,Data Entry Opertor,Nagpur City,IT/ITES,4
2025-12-15,Data Entry Operator,"Nagpur, MH",Information Technology,17
2025-12-15,Senior Back Office Executive,Nagpur,IT & Digital,11
2025-12-15,Computer Operator,Nagpur City,IT/ITES,5
2025-12-15,Data Entry Opertor,"Nagpur, MH",Information Technology,4
2026-01-15,Data Entry Operator,Nagpur,IT & Digital,17
2026-01-15,Back Office Executive,Nagpur City,IT/ITES,12
2026-01-15,Computer Operator,"Nagpur, MH",Information Technology,6
2026-01-15,Data Entry Opertor,Nagpur,IT & Digital,4
2026-02-15,Data Entry Operator,Nagpur City,IT/ITES,17
2026-02-15,Senior Back Office Executive,"Nagpur, MH",Information Technology,11
2026-02-15,Computer Operator,Nagpur,IT & Digital,6
2026-02-15,Data Entry Opertor,Nagpur City,IT/ITES,4
2026-03-15,Data Entry Operator,"Nagpur, MH",Information Technology,17
2026-03-15,Back Office Executive,Nagpur,IT & Digital,11
2026-03-15,Computer Operator,Nagpur District,IT/ITES,6
2026-03-15,Data Entry Opertor,"Nagpur, MH",Information Technology,4
2026-04-15,Data Entry Operator,Nagpur,IT & Digital,16
2026-04-15,Senior Back Office Executive,Nagpur City,IT/ITES,11
2026-04-15,Computer Operator,"Nagpur, MH",Information Technology,5
2026-04-15,Data Entry Opertor,Nagpur,IT & Digital,4
2026-05-15,Data Entry Operator,Nagpur City,IT/ITES,16
2026-05-15,Back Office Executive,"Nagpur, MH",Information Technology,11
2026-05-15,Computer Operator,Nagpur,IT & Digital,5
2026-05-15,Data Entry Opertor,Nagpur City,IT/ITES,3
2026-06-15,Data Entry Operator,"Nagpur, MH",Information Technology,15
2026-06-15,Senior Back Office Executive,Nagpur,IT & Digital,10
2026-06-15,Computer Operator,Nagpur City,IT/ITES,5
2026-06-15,Data Entry Opertor,"Nagpur, MH",Information Technology,4
2026-07-15,Data Entry Operator,Nagpur,IT & Digital,15
2026-07-15,Back Office Executive,Nagpur City,IT/ITES,10
2026-07-15,Computer Operator,"Nagpur, MH",Information Technology,5
2026-07-15,Data Entry Opertor,Nagpur,IT & Digital,4
2026-08-15,Data Entry Operator,Nagpur District,IT/ITES,15
2026-08-15,Senior Back Office Executive,Nagpur District,Information Technology,10
2026-08-15,Computer Operator,Nagpur District,IT & Digital,5
2026-08-15,Data Entry Opertor,Nagpur District,IT/ITES,4
2026-09-15,Data Entry Operator,Nagpur District,Information Technology,15
2026-09-15,Back Office Executive,Nagpur,IT & Digital,10
2026-09-15,Computer Operator,Nagpur City,IT/ITES,5
2026-09-15,Data Entry Opertor,"Nagpur, MH",Information Technology,4
2024-10-15,Digital Marketing Executive,Nagpur District,IT & Digital,9
2024-10-15,Senior SEO Executive,Nagpur District,IT/ITES,6
2024-10-15,Social Media Executive,Nagpur District,Information Technology,3
2024-10-15,Performance Marketing Associate,Nagpur District,IT & Digital,2
2024-11-15,Digital Marketing Executive,Nagpur City,IT/ITES,9
2024-11-15,SEO Executive,"Nagpur, MH",Information Technology,6
2024-11-15,Social Media Executive,Nagpur,IT & Digital,3
2024-11-15,Performance Marketing Associate,Nagpur City,IT/ITES,2
2024-12-15,Digital Marketing Executive,"Nagpur, MH",Information Technology,9
2024-12-15,Senior SEO Executive,Nagpur,IT & Digital,6
2024-12-15,Social Media Executive,Nagpur City,IT/ITES,3
2024-12-15,Performance Marketing Associate,"Nagpur, MH",Information Technology,2
2025-01-15,Digital Marketing Executive,Nagpur,IT & Digital,10
2025-01-15,SEO Executive,Nagpur City,IT/ITES,7
2025-01-15,Social Media Executive,"Nagpur, MH",Information Technology,3
2025-01-15,Performance Marketing Associate,Nagpur,IT & Digital,2
2025-02-15,Digital Marketing Executive,Nagpur City,IT/ITES,10
2025-02-15,Senior SEO Executive,"Nagpur, MH",Information Technology,7
2025-02-15,Social Media Executive,Nagpur,IT & Digital,3
2025-02-15,Performance Marketing Associate,Nagpur City,IT/ITES,2
2025-03-15,Digital Marketing Executive,"Nagpur, MH",Information Technology,10
2025-03-15,SEO Executive,Nagpur,IT & Digital,7
2025-03-15,Social Media Executive,Nagpur City,IT/ITES,3
2025-03-15,Performance Marketing Associate,"Nagpur, MH",Information Technology,2
2025-04-15,Digital Marketing Executive,Nagpur,IT & Digital,10
2025-04-15,Senior SEO Executive,Nagpur City,IT/ITES,7
2025-04-15,Social Media Executive,"Nagpur, MH",Information Technology,4
2025-04-15,Performance Marketing Associate,Nagpur,IT & Digital,2
2025-05-15,Digital Marketing Executive,Nagpur City,IT/ITES,11
2025-05-15,SEO Executive,"Nagpur, MH",Information Technology,7
2025-05-15,Social Media Executive,Nagpur,IT & Digital,4
2025-05-15,Performance Marketing Associate,Nagpur City,IT/ITES,2
2025-06-15,Digital Marketing Executive,"Nagpur, MH",Information Technology,11
2025-06-15,Senior SEO Executive,Nagpur,IT & Digital,8
2025-06-15,Social Media Executive,Nagpur City,IT/ITES,4
2025-06-15,Performance Marketing Associate,"Nagpur, MH",Information Technology,2
2025-07-15,Digital Marketing Executive,Nagpur,IT & Digital,11
2025-07-15,SEO Executive,Nagpur City,IT/ITES,8
2025-07-15,Social Media Executive,"Nagpur, MH",Information Technology,4
2025-07-15,Performance Marketing Associate,Nagpur,IT & Digital,2
2025-08-15,Digital Marketing Executive,Nagpur City,IT/ITES,12
2025-08-15,Senior SEO Executive,"Nagpur, MH",Information Technology,8
2025-08-15,Social Media Executive,Nagpur,IT & Digital,4
2025-08-15,Performance Marketing Associate,Nagpur City,IT/ITES,2
2025-09-15,Digital Marketing Executive,"Nagpur, MH",Information Technology,12
2025-09-15,SEO Executive,Nagpur,IT & Digital,8
2025-09-15,Social Media Executive,Nagpur City,IT/ITES,4
2025-09-15,Performance Marketing Associate,"Nagpur, MH",Information Technology,2
2025-10-15,Digital Marketing Executive,Nagpur,IT & Digital,12
2025-10-15,Senior SEO Executive,Nagpur City,IT/ITES,8
2025-10-15,Social Media Executive,"Nagpur, MH",Information Technology,4
2025-10-15,Performance Marketing Associate,Nagpur,IT & Digital,3
2025-11-15,Digital Marketing Executive,Nagpur City,IT/ITES,12
2025-11-15,SEO Executive,"Nagpur, MH",Information Technology,8
2025-11-15,Social Media Executive,Nagpur,IT & Digital,4
2025-11-15,Performance Marketing Associate,Nagpur City,IT/ITES,3
2025-12-15,Digital Marketing Executive,Nagpur District,Information Technology,12
2025-12-15,Senior SEO Executive,Nagpur District,IT & Digital,8
2025-12-15,Social Media Executive,Nagpur District,IT/ITES,4
2025-12-15,Performance Marketing Associate,Nagpur District,Information Technology,2
2026-01-15,Digital Marketing Executive,Nagpur,IT & Digital,10
2026-01-15,SEO Executive,Nagpur City,IT/ITES,7
2026-01-15,Social Media Executive,"Nagpur, MH",Information Technology,4
2026-01-15,Performance Marketing Associate,Nagpur,IT & Digital,2
2026-02-15,Digital Marketing Executive,Nagpur City,IT/ITES,10
2026-02-15,Senior SEO Executive,"Nagpur, MH",Information Technology,7
2026-02-15,Social Media Executive,Nagpur,IT & Digital,4
2026-02-15,Performance Marketing Associate,Nagpur City,IT/ITES,2
2026-03-15,Digital Marketing Executive,"Nagpur, MH",Information Technology,10
2026-03-15,SEO Executive,Nagpur,IT & Digital,7
2026-03-15,Social Media Executive,Nagpur City,IT/ITES,4
2026-03-15,Performance Marketing Associate,"Nagpur, MH",Information Technology,2
2026-04-15,Digital Marketing Executive,Nagpur,IT & Digital,11
2026-04-15,Senior SEO Executive,Nagpur City,IT/ITES,7
2026-04-15,Social Media Executive,"Nagpur, MH",Information Technology,4
2026-04-15,Performance Marketing Associate,Nagpur,IT & Digital,2
2026-05-15,Digital Marketing Executive,Nagpur City,IT/ITES,11
2026-05-15,SEO Executive,"Nagpur, MH",Information Technology,8
2026-05-15,Social Media Executive,Nagpur,IT & Digital,4
2026-05-15,Performance Marketing Associate,Nagpur City,IT/ITES,2
2026-06-15,Digital Marketing Executive,"Nagpur, MH",Information Technology,11
2026-06-15,Senior SEO Executive,Nagpur,IT & Digital,8
2026-06-15,Social Media Executive,Nagpur City,IT/ITES,4
2026-06-15,Performance Marketing Associate,"Nagpur, MH",Information Technology,2
2026-07-15,Digital Marketing Executive,Nagpur,IT & Digital,12
2026-07-15,SEO Executive,Nagpur City,IT/ITES,8
2026-07-15,Social Media Executive,"Nagpur, MH",Information Technology,4
2026-07-15,Performance Marketing Associate,Nagpur,IT & Digital,2
2026-08-15,Digital Marketing Executive,Nagpur City,IT/ITES,12
2026-08-15,Senior SEO Executive,"Nagpur, MH",Information Technology,8
2026-08-15,Social Media Executive,Nagpur,IT & Digital,4
2026-08-15,Performance Marketing Associate,Nagpur City,IT/ITES,2
2026-09-15,Digital Marketing Executive,"Nagpur, MH",Information Technology,12
2026-09-15,SEO Executive,Nagpur,IT & Digital,8
2026-09-15,Social Media Executive,Nagpur City,IT/ITES,4
2026-09-15,Performance Marketing Associate,"Nagpur, MH",Information Technology,3
2024-10-15,General Duty Assistant,Nagpur,Healthcare,29
2024-10-15,Senior Patient Care Assistant,Nagpur City,Hospitals,19
2024-10-15,Nursing Assistant,"Nagpur, MH",Healthcare,10
2024-10-15,Hospital Attendant,Nagpur,Hospitals,6
2024-11-15,General Duty Assistant,Nagpur City,Hospitals,30
2024-11-15,Patient Care Assistant,"Nagpur, MH",Healthcare,20
2024-11-15,Nursing Assistant,Nagpur,Hospitals,10
2024-11-15,Hospital Attendant,Nagpur City,Healthcare,6
2024-12-15,General Duty Assistant,"Nagpur, MH",Healthcare,30
2024-12-15,Senior Patient Care Assistant,Nagpur,Hospitals,20
2024-12-15,Nursing Assistant,Nagpur City,Healthcare,10
2024-12-15,Hospital Attendant,"Nagpur, MH",Hospitals,7
2025-01-15,General Duty Assistant,Nagpur District,Hospitals,31
2025-01-15,Patient Care Assistant,Nagpur District,Healthcare,21
2025-01-15,Nursing Assistant,Nagpur District,Hospitals,10
2025-01-15,Hospital Attendant,Nagpur District,Healthcare,7
2025-02-15,General Duty Assistant,Nagpur City,Healthcare,31
2025-02-15,Senior Patient Care Assistant,"Nagpur, MH",Hospitals,21
2025-02-15,Nursing Assistant,Nagpur,Healthcare,10
2025-02-15,Hospital Attendant,Nagpur City,Hospitals,7
2025-03-15,General Duty Assistant,"Nagpur, MH",Hospitals,31
2025-03-15,Patient Care Assistant,Nagpur,Healthcare,21
2025-03-15,Nursing Assistant,Nagpur City,Hospitals,10
2025-03-15,Hospital Attendant,"Nagpur, MH",Healthcare,7
2025-04-15,General Duty Assistant,Nagpur,Healthcare,31
2025-04-15,Senior Patient Care Assistant,Nagpur City,Hospitals,21
2025-04-15,Nursing Assistant,"Nagpur, MH",Healthcare,10
2025-04-15,Hospital Attendant,Nagpur,Hospitals,7
2025-05-15,General Duty Assistant,Nagpur City,Hospitals,31
2025-05-15,Patient Care Assistant,"Nagpur, MH",Healthcare,20
2025-05-15,Nursing Assistant,Nagpur,Hospitals,10
2025-05-15,Hospital Attendant,Nagpur City,Healthcare,7
2025-06-15,General Duty Assistant,"Nagpur, MH",Healthcare,31
2025-06-15,Senior Patient Care Assistant,Nagpur,Hospitals,20
2025-06-15,Nursing Assistant,Nagpur City,Healthcare,10
2025-06-15,Hospital Attendant,"Nagpur, MH",Hospitals,7
2025-07-15,General Duty Assistant,Nagpur,Hospitals,31
2025-07-15,Patient Care Assistant,Nagpur City,Healthcare,20
2025-07-15,Nursing Assistant,"Nagpur, MH",Hospitals,10
2025-07-15,Hospital Attendant,Nagpur,Healthcare,7
2025-08-15,General Duty Assistant,Nagpur City,Healthcare,32
2025-08-15,Senior Patient Care Assistant,"Nagpur, MH",Hospitals,21
2025-08-15,Nursing Assistant,Nagpur,Healthcare,10
2025-08-15,Hospital Attendant,Nagpur City,Hospitals,7
2025-09-15,General Duty Assistant,"Nagpur, MH",Hospitals,32
2025-09-15,Patient Care Assistant,Nagpur,Healthcare,21
2025-09-15,Nursing Assistant,Nagpur City,Hospitals,11
2025-09-15,Hospital Attendant,"Nagpur, MH",Healthcare,7
2025-10-15,General Duty Assistant,Nagpur,Healthcare,33
2025-10-15,Senior Patient Care Assistant,Nagpur City,Hospitals,22
2025-10-15,Nursing Assistant,"Nagpur, MH",Healthcare,11
2025-10-15,Hospital Attendant,Nagpur,Hospitals,7
2025-11-15,General Duty Assistant,Nagpur City,Hospitals,34
2025-11-15,Patient Care Assistant,"Nagpur, MH",Healthcare,23
2025-11-15,Nursing Assistant,Nagpur,Hospitals,11
2025-11-15,Hospital Attendant,Nagpur City,Healthcare,8
2025-12-15,General Duty Assistant,"Nagpur, MH",Healthcare,35
2025-12-15,Senior Patient Care Assistant,Nagpur,Hospitals,23
2025-12-15,Nursing Assistant,Nagpur City,Healthcare,12
2025-12-15,Hospital Attendant,"Nagpur, MH",Hospitals,8
2026-01-15,General Duty Assistant,Nagpur,Hospitals,32
2026-01-15,Patient Care Assistant,Nagpur City,Healthcare,22
2026-01-15,Nursing Assistant,"Nagpur, MH",Hospitals,11
2026-01-15,Hospital Attendant,Nagpur,Healthcare,7
2026-02-15,General Duty Assistant,Nagpur City,Healthcare,32
2026-02-15,Senior Patient Care Assistant,"Nagpur, MH",Hospitals,22
2026-02-15,Nursing Assistant,Nagpur,Healthcare,11
2026-02-15,Hospital Attendant,Nagpur City,Hospitals,7
2026-03-15,General Duty Assistant,Nagpur District,Hospitals,32
2026-03-15,Patient Care Assistant,Nagpur District,Healthcare,21
2026-03-15,Nursing Assistant,Nagpur District,Hospitals,11
2026-03-15,Hospital Attendant,Nagpur District,Healthcare,7
2026-04-15,General Duty Assistant,Nagpur,Healthcare,32
2026-04-15,Senior Patient Care Assistant,Nagpur City,Hospitals,21
2026-04-15,Nursing Assistant,"Nagpur, MH",Healthcare,11
2026-04-15,Hospital Attendant,Nagpur,Hospitals,7
2026-05-15,General Duty Assistant,Nagpur City,Hospitals,32
2026-05-15,Patient Care Assistant,"Nagpur, MH",Healthcare,21
2026-05-15,Nursing Assistant,Nagpur,Hospitals,10
2026-05-15,Hospital Attendant,Nagpur City,Healthcare,7
2026-06-15,General Duty Assistant,"Nagpur, MH",Healthcare,32
2026-06-15,Senior Patient Care Assistant,Nagpur,Hospitals,21
2026-06-15,Nursing Assistant,Nagpur City,Healthcare,10
2026-06-15,Hospital Attendant,"Nagpur, MH",Hospitals,7
2026-07-15,General Duty Assistant,Nagpur,Hospitals,32
2026-07-15,Patient Care Assistant,Nagpur City,Healthcare,21
2026-07-15,Nursing Assistant,"Nagpur, MH",Hospitals,11
2026-07-15,Hospital Attendant,Nagpur,Healthcare,7
2026-08-15,General Duty Assistant,Nagpur City,Healthcare,33
2026-08-15,Senior Patient Care Assistant,"Nagpur, MH",Hospitals,22
2026-08-15,Nursing Assistant,Nagpur,Healthcare,11
2026-08-15,Hospital Attendant,Nagpur City,Hospitals,7
2026-09-15,General Duty Assistant,"Nagpur, MH",Hospitals,33
2026-09-15,Patient Care Assistant,Nagpur,Healthcare,22
2026-09-15,Nursing Assistant,Nagpur City,Hospitals,11
2026-09-15,Hospital Attendant,"Nagpur, MH",Healthcare,8
2024-10-15,Phlebotomist,Nagpur,Healthcare,11
2024-10-15,Senior Phlebotomy Technician,Nagpur City,Hospitals,7
2024-10-15,Lab Collection Technician,"Nagpur, MH",Healthcare,4
2024-10-15,Phlebotomist (Home Collection),Nagpur,Hospitals,2
2024-11-15,Phlebotomist,Nagpur City,Hospitals,11
2024-11-15,Phlebotomy Technician,"Nagpur, MH",Healthcare,7
2024-11-15,Lab Collection Technician,Nagpur,Hospitals,4
2024-11-15,Phlebotomist (Home Collection),Nagpur City,Healthcare,2
2024-12-15,Phlebotomist,"Nagpur, MH",Healthcare,11
2024-12-15,Senior Phlebotomy Technician,Nagpur,Hospitals,7
2024-12-15,Lab Collection Technician,Nagpur City,Healthcare,4
2024-12-15,Phlebotomist (Home Collection),"Nagpur, MH",Hospitals,2
2025-01-15,Phlebotomist,Nagpur,Hospitals,11
2025-01-15,Phlebotomy Technician,Nagpur City,Healthcare,7
2025-01-15,Lab Collection Technician,"Nagpur, MH",Hospitals,4
2025-01-15,Phlebotomist (Home Collection),Nagpur,Healthcare,2
2025-02-15,Phlebotomist,Nagpur City,Healthcare,11
2025-02-15,Senior Phlebotomy Technician,"Nagpur, MH",Hospitals,7
2025-02-15,Lab Collection Technician,Nagpur,Healthcare,4
2025-02-15,Phlebotomist (Home Collection),Nagpur City,Hospitals,2
2025-03-15,Phlebotomist,"Nagpur, MH",Hospitals,11
2025-03-15,Phlebotomy Technician,Nagpur,Healthcare,8
2025-03-15,Lab Collection Technician,Nagpur City,Hospitals,4
2025-03-15,Phlebotomist (Home Collection),"Nagpur, MH",Healthcare,2
2025-04-15,Phlebotomist,Nagpur,Healthcare,11
2025-04-15,Senior Phlebotomy Technician,Nagpur City,Hospitals,8
2025-04-15,Lab Collection Technician,"Nagpur, MH",Healthcare,4
2025-04-15,Phlebotomist (Home Collection),Nagpur,Hospitals,2
2025-05-15,Phlebotomist,Nagpur City,Hospitals,12
2025-05-15,Phlebotomy Technician,"Nagpur, MH",Healthcare,8
2025-05-15,Lab Collection Technician,Nagpur,Hospitals,4
2025-05-15,Phlebotomist (Home Collection),Nagpur City,Healthcare,2
2025-06-15,Phlebotomist,Nagpur District,Healthcare,12
2025-06-15,Senior Phlebotomy Technician,Nagpur District,Hospitals,8
2025-06-15,Lab Collection Technician,Nagpur District,Healthcare,4
2025-06-15,Phlebotomist (Home Collection),Nagpur District,Hospitals,2
2025-07-15,Phlebotomist,Nagpur,Hospitals,12
2025-07-15,Phlebotomy Technician,Nagpur City,Healthcare,8
2025-07-15,Lab Collection Technician,"Nagpur, MH",Hospitals,4
2025-07-15,Phlebotomist (Home Collection),Nagpur,Healthcare,2
2025-08-15,Phlebotomist,Nagpur City,Healthcare,11
2025-08-15,Senior Phlebotomy Technician,"Nagpur, MH",Hospitals,8
2025-08-15,Lab Collection Technician,Nagpur,Healthcare,4
2025-08-15,Phlebotomist (Home Collection),Nagpur City,Hospitals,2
2025-09-15,Phlebotomist,"Nagpur, MH",Hospitals,11
2025-09-15,Phlebotomy Technician,Nagpur,Healthcare,8
2025-09-15,Lab Collection Technician,Nagpur City,Hospitals,4
2025-09-15,Phlebotomist (Home Collection),"Nagpur, MH",Healthcare,2
2025-10-15,Phlebotomist,Nagpur,Healthcare,11
2025-10-15,Senior Phlebotomy Technician,Nagpur City,Hospitals,7
2025-10-15,Lab Collection Technician,"Nagpur, MH",Healthcare,4
2025-10-15,Phlebotomist (Home Collection),Nagpur,Hospitals,2
2025-11-15,Phlebotomist,Nagpur City,Hospitals,11
2025-11-15,Phlebotomy Technician,"Nagpur, MH",Healthcare,7
2025-11-15,Lab Collection Technician,Nagpur,Hospitals,4
2025-11-15,Phlebotomist (Home Collection),Nagpur City,Healthcare,2
2025-12-15,Phlebotomist,"Nagpur, MH",Healthcare,11
2025-12-15,Senior Phlebotomy Technician,Nagpur,Hospitals,7
2025-12-15,Lab Collection Technician,Nagpur City,Healthcare,4
2025-12-15,Phlebotomist (Home Collection),"Nagpur, MH",Hospitals,2
2026-01-15,Phlebotomist,Nagpur,Hospitals,9
2026-01-15,Phlebotomy Technician,Nagpur City,Healthcare,6
2026-01-15,Lab Collection Technician,"Nagpur, MH",Hospitals,3
2026-01-15,Phlebotomist (Home Collection),Nagpur,Healthcare,2
2026-02-15,Phlebotomist,Nagpur City,Healthcare,10
2026-02-15,Senior Phlebotomy Technician,"Nagpur, MH",Hospitals,6
2026-02-15,Lab Collection Technician,Nagpur,Healthcare,3
2026-02-15,Phlebotomist (Home Collection),Nagpur City,Hospitals,2
2026-03-15,Phlebotomist,"Nagpur, MH",Hospitals,10
2026-03-15,Phlebotomy Technician,Nagpur,Healthcare,7
2026-03-15,Lab Collection Technician,Nagpur City,Hospitals,3
2026-03-15,Phlebotomist (Home Collection),"Nagpur, MH",Healthcare,2
2026-04-15,Phlebotomist,Nagpur,Healthcare,10
2026-04-15,Senior Phlebotomy Technician,Nagpur City,Hospitals,7
2026-04-15,Lab Collection Technician,"Nagpur, MH",Healthcare,3
2026-04-15,Phlebotomist (Home Collection),Nagpur,Hospitals,2
2026-05-15,Phlebotomist,Nagpur City,Hospitals,10
2026-05-15,Phlebotomy Technician,"Nagpur, MH",Healthcare,7
2026-05-15,Lab Collection Technician,Nagpur,Hospitals,3
2026-05-15,Phlebotomist (Home Collection),Nagpur City,Healthcare,2
2026-06-15,Phlebotomist,"Nagpur, MH",Healthcare,10
2026-06-15,Senior Phlebotomy Technician,Nagpur,Hospitals,7
2026-06-15,Lab Collection Technician,Nagpur City,Healthcare,3
2026-06-15,Phlebotomist (Home Collection),"Nagpur, MH",Hospitals,2
2026-07-15,Phlebotomist,Nagpur District,Hospitals,10
2026-07-15,Phlebotomy Technician,Nagpur District,Healthcare,7
2026-07-15,Lab Collection Technician,Nagpur District,Hospitals,3
2026-07-15,Phlebotomist (Home Collection),Nagpur District,Healthcare,2
2026-08-15,Phlebotomist,Nagpur City,Healthcare,10
2026-08-15,Senior Phlebotomy Technician,"Nagpur, MH",Hospitals,7
2026-08-15,Lab Collection Technician,Nagpur,Healthcare,3
2026-08-15,Phlebotomist (Home Collection),Nagpur City,Hospitals,2
2026-09-15,Phlebotomist,"Nagpur, MH",Hospitals,10
2026-09-15,Phlebotomy Technician,Nagpur,Healthcare,7
2026-09-15,Lab Collection Technician,Nagpur City,Hospitals,3
2026-09-15,Phlebotomist (Home Collection),"Nagpur, MH",Healthcare,2
2024-10-15,CNC Operator,Nagpur,Manufacturing,12
2024-10-15,Senior CNC Machinist,Nagpur City,Engineering,8
2024-10-15,VMC Operator,"Nagpur, MH",Manufacturing,4
2024-10-15,CNC Operator - Night Shift,Nagpur,Engineering,2
2024-11-15,CNC Operator,Nagpur City,Engineering,12
2024-11-15,CNC Machinist,"Nagpur, MH",Manufacturing,8
2024-11-15,VMC Operator,Nagpur,Engineering,4
2024-11-15,CNC Operator - Night Shift,Nagpur City,Manufacturing,2
2024-12-15,CNC Operator,"Nagpur, MH",Manufacturing,11
2024-12-15,Senior CNC Machinist,Nagpur,Engineering,8
2024-12-15,VMC Operator,Nagpur City,Manufacturing,4
2024-12-15,CNC Operator - Night Shift,"Nagpur, MH",Engineering,2
2025-01-15,CNC Operator,Nagpur,Engineering,14
2025-01-15,CNC Machinist,Nagpur City,Manufacturing,9
2025-01-15,VMC Operator,"Nagpur, MH",Engineering,4
2025-01-15,CNC Operator - Night Shift,Nagpur,Manufacturing,3
2025-02-15,CNC Operator,Nagpur District,Manufacturing,14
2025-02-15,Senior CNC Machinist,Nagpur District,Engineering,9
2025-02-15,VMC Operator,Nagpur District,Manufacturing,5
2025-02-15,CNC Operator - Night Shift,Nagpur District,Engineering,3
2025-03-15,CNC Operator,"Nagpur, MH",Engineering,14
2025-03-15,CNC Machinist,Nagpur,Manufacturing,9
2025-03-15,VMC Operator,Nagpur City,Engineering,5
2025-03-15,CNC Operator - Night Shift,"Nagpur, MH",Manufacturing,3
2025-04-15,CNC Operator,Nagpur,Manufacturing,14
2025-04-15,Senior CNC Machinist,Nagpur City,Engineering,10
2025-04-15,VMC Operator,"Nagpur, MH",Manufacturing,5
2025-04-15,CNC Operator - Night Shift,Nagpur,Engineering,3
2025-05-15,CNC Operator,Nagpur City,Engineering,14
2025-05-15,CNC Machinist,"Nagpur, MH",Manufacturing,10
2025-05-15,VMC Operator,Nagpur,Engineering,5
2025-05-15,CNC Operator - Night Shift,Nagpur City,Manufacturing,3
2025-06-15,CNC Operator,Nagpur District,Manufacturing,15
2025-06-15,Senior CNC Machinist,Nagpur District,Engineering,10
2025-06-15,VMC Operator,Nagpur District,Manufacturing,5
2025-06-15,CNC Operator - Night Shift,Nagpur District,Engineering,3
2025-07-15,CNC Operator,Nagpur,Engineering,15
2025-07-15,CNC Machinist,Nagpur City,Manufacturing,10
2025-07-15,VMC Operator,"Nagpur, MH",Engineering,5
2025-07-15,CNC Operator - Night Shift,Nagpur,Manufacturing,3
2025-08-15,CNC Operator,Nagpur City,Manufacturing,15
2025-08-15,Senior CNC Machinist,"Nagpur, MH",Engineering,10
2025-08-15,VMC Operator,Nagpur,Manufacturing,5
2025-08-15,CNC Operator - Night Shift,Nagpur City,Engineering,3
2025-09-15,CNC Operator,"Nagpur, MH",Engineering,14
2025-09-15,CNC Machinist,Nagpur,Manufacturing,10
2025-09-15,VMC Operator,Nagpur City,Engineering,5
2025-09-15,CNC Operator - Night Shift,"Nagpur, MH",Manufacturing,3
2025-10-15,CNC Operator,Nagpur,Manufacturing,13
2025-10-15,Senior CNC Machinist,Nagpur City,Engineering,9
2025-10-15,VMC Operator,"Nagpur, MH",Manufacturing,4
2025-10-15,CNC Operator - Night Shift,Nagpur,Engineering,3
2025-11-15,CNC Operator,Nagpur City,Engineering,13
2025-11-15,CNC Machinist,"Nagpur, MH",Manufacturing,9
2025-11-15,VMC Operator,Nagpur,Engineering,4
2025-11-15,CNC Operator - Night Shift,Nagpur City,Manufacturing,3
2025-12-15,CNC Operator,"Nagpur, MH",Manufacturing,13
2025-12-15,Senior CNC Machinist,Nagpur,Engineering,9
2025-12-15,VMC Operator,Nagpur City,Manufacturing,4
2025-12-15,CNC Operator - Night Shift,"Nagpur, MH",Engineering,3
2026-01-15,CNC Operator,Nagpur,Engineering,14
2026-01-15,CNC Machinist,Nagpur City,Manufacturing,10
2026-01-15,VMC Operator,"Nagpur, MH",Engineering,5
2026-01-15,CNC Operator - Night Shift,Nagpur,Manufacturing,3
2026-02-15,CNC Operator,Nagpur City,Manufacturing,15
2026-02-15,Senior CNC Machinist,"Nagpur, MH",Engineering,10
2026-02-15,VMC Operator,Nagpur,Manufacturing,5
2026-02-15,CNC Operator - Night Shift,Nagpur City,Engineering,3
2026-03-15,CNC Operator,"Nagpur, MH",Engineering,15
2026-03-15,CNC Machinist,Nagpur,Manufacturing,10
2026-03-15,VMC Operator,Nagpur City,Engineering,5
2026-03-15,CNC Operator - Night Shift,"Nagpur, MH",Manufacturing,4
2026-04-15,CNC Operator,Nagpur,Manufacturing,16
2026-04-15,Senior CNC Machinist,Nagpur City,Engineering,11
2026-04-15,VMC Operator,"Nagpur, MH",Manufacturing,5
2026-04-15,CNC Operator - Night Shift,Nagpur,Engineering,3
2026-05-15,CNC Operator,Nagpur City,Engineering,16
2026-05-15,CNC Machinist,"Nagpur, MH",Manufacturing,11
2026-05-15,VMC Operator,Nagpur,Engineering,5
2026-05-15,CNC Operator - Night Shift,Nagpur City,Manufacturing,4
2026-06-15,CNC Operator,Nagpur District,Manufacturing,16
2026-06-15,Senior CNC Machinist,Nagpur District,Engineering,11
2026-06-15,VMC Operator,Nagpur District,Manufacturing,5
2026-06-15,CNC Operator - Night Shift,Nagpur District,Engineering,4
2026-07-15,CNC Operator,Nagpur District,Engineering,16
2026-07-15,CNC Machinist,Nagpur District,Manufacturing,11
2026-07-15,VMC Operator,Nagpur District,Engineering,5
2026-07-15,CNC Operator - Night Shift,Nagpur District,Manufacturing,4
2026-08-15,CNC Operator,Nagpur City,Manufacturing,16
2026-08-15,Senior CNC Machinist,"Nagpur, MH",Engineering,11
2026-08-15,VMC Operator,Nagpur,Manufacturing,5
2026-08-15,CNC Operator - Night Shift,Nagpur City,Engineering,4
2026-09-15,CNC Operator,"Nagpur, MH",Engineering,16
2026-09-15,CNC Machinist,Nagpur,Manufacturing,11
2026-09-15,VMC Operator,Nagpur City,Engineering,5
2026-09-15,CNC Operator - Night Shift,"Nagpur, MH",Manufacturing,4
2024-10-15,Welder,Nagpur,Manufacturing,11
2024-10-15,Senior MIG Welder,Nagpur City,Engineering,7
2024-10-15,Arc Welder,"Nagpur, MH",Manufacturing,4
2024-10-15,Fabricator cum Welder,Nagpur,Engineering,2
2024-11-15,Welder,Nagpur City,Engineering,11
2024-11-15,MIG Welder,"Nagpur, MH",Manufacturing,8
2024-11-15,Arc Welder,Nagpur,Engineering,4
2024-11-15,Fabricator cum Welder,Nagpur City,Manufacturing,2
2024-12-15,Welder,"Nagpur, MH",Manufacturing,11
2024-12-15,Senior MIG Welder,Nagpur,Engineering,8
2024-12-15,Arc Welder,Nagpur City,Manufacturing,4
2024-12-15,Fabricator cum Welder,"Nagpur, MH",Engineering,2
2025-01-15,Welder,Nagpur,Engineering,13
2025-01-15,MIG Welder,Nagpur City,Manufacturing,8
2025-01-15,Arc Welder,"Nagpur, MH",Engineering,4
2025-01-15,Fabricator cum Welder,Nagpur,Manufacturing,3
2025-02-15,Welder,Nagpur City,Manufacturing,13
2025-02-15,Senior MIG Welder,"Nagpur, MH",Engineering,8
2025-02-15,Arc Welder,Nagpur District,Manufacturing,4
2025-02-15,Fabricator cum Welder,Nagpur City,Engineering,3
2025-03-15,Welder,Nagpur District,Engineering,12
2025-03-15,MIG Welder,Nagpur District,Manufacturing,8
2025-03-15,Arc Welder,Nagpur District,Engineering,4
2025-03-15,Fabricator cum Welder,Nagpur District,Manufacturing,3
2025-04-15,Welder,Nagpur,Manufacturing,12
2025-04-15,Senior MIG Welder,Nagpur City,Engineering,8
2025-04-15,Arc Welder,"Nagpur, MH",Manufacturing,4
2025-04-15,Fabricator cum Welder,Nagpur,Engineering,2
2025-05-15,Welder,Nagpur City,Engineering,12
2025-05-15,MIG Welder,"Nagpur, MH",Manufacturing,8
2025-05-15,Arc Welder,Nagpur,Engineering,4
2025-05-15,Fabricator cum Welder,Nagpur City,Manufacturing,2
2025-06-15,Welder,"Nagpur, MH",Manufacturing,12
2025-06-15,Senior MIG Welder,Nagpur,Engineering,8
2025-06-15,Arc Welder,Nagpur City,Manufacturing,4
2025-06-15,Fabricator cum Welder,"Nagpur, MH",Engineering,2
2025-07-15,Welder,Nagpur,Engineering,12
2025-07-15,MIG Welder,Nagpur City,Manufacturing,8
2025-07-15,Arc Welder,"Nagpur, MH",Engineering,4
2025-07-15,Fabricator cum Welder,Nagpur,Manufacturing,2
2025-08-15,Welder,Nagpur City,Manufacturing,12
2025-08-15,Senior MIG Welder,"Nagpur, MH",Engineering,8
2025-08-15,Arc Welder,Nagpur,Manufacturing,4
2025-08-15,Fabricator cum Welder,Nagpur City,Engineering,2
2025-09-15,Welder,"Nagpur, MH",Engineering,12
2025-09-15,MIG Welder,Nagpur,Manufacturing,8
2025-09-15,Arc Welder,Nagpur City,Engineering,4
2025-09-15,Fabricator cum Welder,"Nagpur, MH",Manufacturing,3
2025-10-15,Welder,Nagpur District,Manufacturing,11
2025-10-15,Senior MIG Welder,Nagpur District,Engineering,8
2025-10-15,Arc Welder,Nagpur District,Manufacturing,4
2025-10-15,Fabricator cum Welder,Nagpur District,Engineering,2
2025-11-15,Welder,Nagpur District,Engineering,12
2025-11-15,MIG Welder,Nagpur District,Manufacturing,8
2025-11-15,Arc Welder,Nagpur District,Engineering,4
2025-11-15,Fabricator cum Welder,Nagpur District,Manufacturing,2
2025-12-15,Welder,"Nagpur, MH",Manufacturing,12
2025-12-15,Senior MIG Welder,Nagpur,Engineering,8
2025-12-15,Arc Welder,Nagpur City,Manufacturing,4
2025-12-15,Fabricator cum Welder,"Nagpur, MH",Engineering,2
2026-01-15,Welder,Nagpur,Engineering,11
2026-01-15,MIG Welder,Nagpur City,Manufacturing,7
2026-01-15,Arc Welder,"Nagpur, MH",Engineering,4
2026-01-15,Fabricator cum Welder,Nagpur,Manufacturing,2
2026-02-15,Welder,Nagpur City,Manufacturing,10
2026-02-15,Senior MIG Welder,"Nagpur, MH",Engineering,7
2026-02-15,Arc Welder,Nagpur,Manufacturing,4
2026-02-15,Fabricator cum Welder,Nagpur City,Engineering,2
2026-03-15,Welder,"Nagpur, MH",Engineering,10
2026-03-15,MIG Welder,Nagpur,Manufacturing,7
2026-03-15,Arc Welder,Nagpur City,Engineering,4
2026-03-15,Fabricator cum Welder,"Nagpur, MH",Manufacturing,2
2026-04-15,Welder,Nagpur,Manufacturing,10
2026-04-15,Senior MIG Welder,Nagpur City,Engineering,7
2026-04-15,Arc Welder,"Nagpur, MH",Manufacturing,4
2026-04-15,Fabricator cum Welder,Nagpur,Engineering,2
2026-05-15,Welder,Nagpur City,Engineering,10
2026-05-15,MIG Welder,"Nagpur, MH",Manufacturing,7
2026-05-15,Arc Welder,Nagpur,Engineering,4
2026-05-15,Fabricator cum Welder,Nagpur City,Manufacturing,2
2026-06-15,Welder,Nagpur District,Manufacturing,10
2026-06-15,Senior MIG Welder,Nagpur District,Engineering,7
2026-06-15,Arc Welder,Nagpur District,Manufacturing,4
2026-06-15,Fabricator cum Welder,Nagpur District,Engineering,2
2026-07-15,Welder,Nagpur,Engineering,10
2026-07-15,MIG Welder,Nagpur City,Manufacturing,7
2026-07-15,Arc Welder,"Nagpur, MH",Engineering,4
2026-07-15,Fabricator cum Welder,Nagpur,Manufacturing,2
2026-08-15,Welder,Nagpur City,Manufacturing,10
2026-08-15,Senior MIG Welder,"Nagpur, MH",Engineering,7
2026-08-15,Arc Welder,Nagpur,Manufacturing,4
2026-08-15,Fabricator cum Welder,Nagpur City,Engineering,2
2026-09-15,Welder,"Nagpur, MH",Engineering,10
2026-09-15,MIG Welder,Nagpur,Manufacturing,7
2026-09-15,Arc Welder,Nagpur City,Engineering,4
2026-09-15,Fabricator cum Welder,"Nagpur, MH",Manufacturing,2
2024-10-15,Warehouse Associate,Nagpur,Logistics,41
2024-10-15,Senior Picker Packer,Nagpur City,Warehousing,27
2024-10-15,Warehouse Executive,"Nagpur, MH",Logistics,13
2024-10-15,Wearhouse Associate,Nagpur,Warehousing,9
2024-11-15,Warehouse Associate,Nagpur City,Warehousing,41
2024-11-15,Picker Packer,"Nagpur, MH",Logistics,27
2024-11-15,Warehouse Executive,Nagpur,Warehousing,14
2024-11-15,Wearhouse Associate,Nagpur City,Logistics,9
2024-12-15,Warehouse Associate,"Nagpur, MH",Logistics,41
2024-12-15,Senior Picker Packer,Nagpur,Warehousing,27
2024-12-15,Warehouse Executive,Nagpur City,Logistics,14
2024-12-15,Wearhouse Associate,"Nagpur, MH",Warehousing,9
2025-01-15,Warehouse Associate,Nagpur,Warehousing,40
2025-01-15,Picker Packer,Nagpur City,Logistics,26
2025-01-15,Warehouse Executive,"Nagpur, MH",Warehousing,13
2025-01-15,Wearhouse Associate,Nagpur,Logistics,9
2025-02-15,Warehouse Associate,Nagpur District,Logistics,40
2025-02-15,Senior Picker Packer,"Nagpur, MH",Warehousing,26
2025-02-15,Warehouse Executive,Nagpur District,Logistics,13
2025-02-15,Wearhouse Associate,Nagpur District,Warehousing,9
2025-03-15,Warehouse Associate,Nagpur District,Warehousing,40
2025-03-15,Picker Packer,Nagpur District,Logistics,26
2025-03-15,Warehouse Executive,Nagpur District,Warehousing,13
2025-03-15,Wearhouse Associate,Nagpur District,Logistics,9
2025-04-15,Warehouse Associate,Nagpur,Logistics,40
2025-04-15,Senior Picker Packer,Nagpur City,Warehousing,26
2025-04-15,Warehouse Executive,"Nagpur, MH",Logistics,13
2025-04-15,Wearhouse Associate,Nagpur,Warehousing,9
2025-05-15,Warehouse Associate,Nagpur City,Warehousing,41
2025-05-15,Picker Packer,"Nagpur, MH",Logistics,27
2025-05-15,Warehouse Executive,Nagpur,Warehousing,13
2025-05-15,Wearhouse Associate,Nagpur City,Logistics,9
2025-06-15,Warehouse Associate,"Nagpur, MH",Logistics,41
2025-06-15,Senior Picker Packer,Nagpur,Warehousing,28
2025-06-15,Warehouse Executive,Nagpur City,Logistics,14
2025-06-15,Wearhouse Associate,"Nagpur, MH",Warehousing,9
2025-07-15,Warehouse Associate,Nagpur,Warehousing,43
2025-07-15,Picker Packer,Nagpur City,Logistics,29
2025-07-15,Warehouse Executive,"Nagpur, MH",Warehousing,14
2025-07-15,Wearhouse Associate,Nagpur,Logistics,10
2025-08-15,Warehouse Associate,Nagpur City,Logistics,44
2025-08-15,Senior Picker Packer,"Nagpur, MH",Warehousing,30
2025-08-15,Warehouse Executive,Nagpur,Logistics,15
2025-08-15,Wearhouse Associate,Nagpur City,Warehousing,10
2025-09-15,Warehouse Associate,"Nagpur, MH",Warehousing,46
2025-09-15,Picker Packer,Nagpur,Logistics,30
2025-09-15,Warehouse Executive,Nagpur City,Warehousing,15
2025-09-15,Wearhouse Associate,"Nagpur, MH",Logistics,10
2025-10-15,Warehouse Associate,Nagpur,Logistics,46
2025-10-15,Senior Picker Packer,Nagpur City,Warehousing,31
2025-10-15,Warehouse Executive,"Nagpur, MH",Logistics,16
2025-10-15,Wearhouse Associate,Nagpur,Warehousing,10
2025-11-15,Warehouse Associate,Nagpur City,Warehousing,47
2025-11-15,Picker Packer,"Nagpur, MH",Logistics,31
2025-11-15,Warehouse Executive,Nagpur,Warehousing,16
2025-11-15,Wearhouse Associate,Nagpur City,Logistics,10
2025-12-15,Warehouse Associate,"Nagpur, MH",Logistics,46
2025-12-15,Senior Picker Packer,Nagpur,Warehousing,31
2025-12-15,Warehouse Executive,Nagpur City,Logistics,16
2025-12-15,Wearhouse Associate,"Nagpur, MH",Warehousing,10
2026-01-15,Warehouse Associate,Nagpur,Warehousing,48
2026-01-15,Picker Packer,Nagpur City,Logistics,32
2026-01-15,Warehouse Executive,"Nagpur, MH",Warehousing,16
2026-01-15,Wearhouse Associate,Nagpur,Logistics,10
2026-02-15,Warehouse Associate,Nagpur District,Logistics,47
2026-02-15,Senior Picker Packer,Nagpur District,Warehousing,32
2026-02-15,Warehouse Executive,Nagpur District,Logistics,16
2026-02-15,Wearhouse Associate,Nagpur District,Warehousing,10
2026-03-15,Warehouse Associate,Nagpur District,Warehousing,47
2026-03-15,Picker Packer,Nagpur District,Logistics,32
2026-03-15,Warehouse Executive,Nagpur District,Warehousing,16
2026-03-15,Wearhouse Associate,Nagpur District,Logistics,10
2026-04-15,Warehouse Associate,Nagpur,Logistics,48
2026-04-15,Senior Picker Packer,Nagpur City,Warehousing,32
2026-04-15,Warehouse Executive,"Nagpur, MH",Logistics,16
2026-04-15,Wearhouse Associate,Nagpur,Warehousing,10
2026-05-15,Warehouse Associate,Nagpur City,Warehousing,49
2026-05-15,Picker Packer,"Nagpur, MH",Logistics,32
2026-05-15,Warehouse Executive,Nagpur,Warehousing,16
2026-05-15,Wearhouse Associate,Nagpur City,Logistics,11
2026-06-15,Warehouse Associate,"Nagpur, MH",Logistics,50
2026-06-15,Senior Picker Packer,Nagpur,Warehousing,33
2026-06-15,Warehouse Executive,Nagpur City,Logistics,17
2026-06-15,Wearhouse Associate,"Nagpur, MH",Warehousing,11
2026-07-15,Warehouse Associate,Nagpur,Warehousing,52
2026-07-15,Picker Packer,Nagpur City,Logistics,35
2026-07-15,Warehouse Executive,"Nagpur, MH",Warehousing,17
2026-07-15,Wearhouse Associate,Nagpur,Logistics,11
2026-08-15,Warehouse Associate,Nagpur City,Logistics,53
2026-08-15,Senior Picker Packer,"Nagpur, MH",Warehousing,36
2026-08-15,Warehouse Executive,Nagpur,Logistics,18
2026-08-15,Wearhouse Associate,Nagpur City,Warehousing,12
2026-09-15,Warehouse Associate,"Nagpur, MH",Warehousing,55
2026-09-15,Picker Packer,Nagpur,Logistics,37
2026-09-15,Warehouse Executive,Nagpur City,Warehousing,18
2026-09-15,Wearhouse Associate,"Nagpur, MH",Logistics,12
2024-10-15,Logistics Coordinator,Nagpur,Logistics,14
2024-10-15,Senior Dispatch Coordinator,Nagpur City,Warehousing,9
2024-10-15,Transport Coordinator,"Nagpur, MH",Logistics,4
2024-10-15,Logistics Co-ordinator,Nagpur,Warehousing,3
2024-11-15,Logistics Coordinator,Nagpur City,Warehousing,14
2024-11-15,Dispatch Coordinator,"Nagpur, MH",Logistics,9
2024-11-15,Transport Coordinator,Nagpur,Warehousing,5
2024-11-15,Logistics Co-ordinator,Nagpur City,Logistics,3
2024-12-15,Logistics Coordinator,"Nagpur, MH",Logistics,14
2024-12-15,Senior Dispatch Coordinator,Nagpur,Warehousing,10
2024-12-15,Transport Coordinator,Nagpur City,Logistics,5
2024-12-15,Logistics Co-ordinator,"Nagpur, MH",Warehousing,3
2025-01-15,Logistics Coordinator,Nagpur,Warehousing,14
2025-01-15,Dispatch Coordinator,Nagpur City,Logistics,10
2025-01-15,Transport Coordinator,"Nagpur, MH",Warehousing,5
2025-01-15,Logistics Co-ordinator,Nagpur,Logistics,3
2025-02-15,Logistics Coordinator,Nagpur City,Logistics,15
2025-02-15,Senior Dispatch Coordinator,"Nagpur, MH",Warehousing,10
2025-02-15,Transport Coordinator,Nagpur,Logistics,5
2025-02-15,Logistics Co-ordinator,Nagpur City,Warehousing,3
2025-03-15,Logistics Coordinator,"Nagpur, MH",Warehousing,15
2025-03-15,Dispatch Coordinator,Nagpur,Logistics,10
2025-03-15,Transport Coordinator,Nagpur City,Warehousing,5
2025-03-15,Logistics Co-ordinator,"Nagpur, MH",Logistics,4
2025-04-15,Logistics Coordinator,Nagpur District,Logistics,15
2025-04-15,Senior Dispatch Coordinator,Nagpur District,Warehousing,10
2025-04-15,Transport Coordinator,Nagpur District,Logistics,5
2025-04-15,Logistics Co-ordinator,Nagpur District,Warehousing,4
2025-05-15,Logistics Coordinator,Nagpur City,Warehousing,15
2025-05-15,Dispatch Coordinator,"Nagpur, MH",Logistics,10
2025-05-15,Transport Coordinator,Nagpur,Warehousing,5
2025-05-15,Logistics Co-ordinator,Nagpur City,Logistics,4
2025-06-15,Logistics Coordinator,"Nagpur, MH",Logistics,15
2025-06-15,Senior Dispatch Coordinator,Nagpur,Warehousing,10
2025-06-15,Transport Coordinator,Nagpur City,Logistics,5
2025-06-15,Logistics Co-ordinator,"Nagpur, MH",Warehousing,4
2025-07-15,Logistics Coordinator,Nagpur,Warehousing,15
2025-07-15,Dispatch Coordinator,Nagpur City,Logistics,10
2025-07-15,Transport Coordinator,"Nagpur, MH",Warehousing,5
2025-07-15,Logistics Co-ordinator,Nagpur,Logistics,4
2025-08-15,Logistics Coordinator,Nagpur City,Logistics,15
2025-08-15,Senior Dispatch Coordinator,"Nagpur, MH",Warehousing,10
2025-08-15,Transport Coordinator,Nagpur,Logistics,5
2025-08-15,Logistics Co-ordinator,Nagpur City,Warehousing,4
2025-09-15,Logistics Coordinator,"Nagpur, MH",Warehousing,15
2025-09-15,Dispatch Coordinator,Nagpur,Logistics,10
2025-09-15,Transport Coordinator,Nagpur City,Warehousing,5
2025-09-15,Logistics Co-ordinator,"Nagpur, MH",Logistics,4
2025-10-15,Logistics Coordinator,Nagpur,Logistics,15
2025-10-15,Senior Dispatch Coordinator,Nagpur City,Warehousing,10
2025-10-15,Transport Coordinator,"Nagpur, MH",Logistics,5
2025-10-15,Logistics Co-ordinator,Nagpur,Warehousing,4
2025-11-15,Logistics Coordinator,Nagpur City,Warehousing,16
2025-11-15,Dispatch Coordinator,"Nagpur, MH",Logistics,11
2025-11-15,Transport Coordinator,Nagpur,Warehousing,5
2025-11-15,Logistics Co-ordinator,Nagpur City,Logistics,3
2025-12-15,Logistics Coordinator,"Nagpur, MH",Logistics,16
2025-12-15,Senior Dispatch Coordinator,Nagpur,Warehousing,11
2025-12-15,Transport Coordinator,Nagpur City,Logistics,5
2025-12-15,Logistics Co-ordinator,"Nagpur, MH",Warehousing,4
2026-01-15,Logistics Coordinator,Nagpur,Warehousing,17
2026-01-15,Dispatch Coordinator,Nagpur City,Logistics,11
2026-01-15,Transport Coordinator,"Nagpur, MH",Warehousing,6
2026-01-15,Logistics Co-ordinator,Nagpur,Logistics,4
2026-02-15,Logistics Coordinator,Nagpur City,Logistics,18
2026-02-15,Senior Dispatch Coordinator,"Nagpur, MH",Warehousing,12
2026-02-15,Transport Coordinator,Nagpur,Logistics,6
2026-02-15,Logistics Co-ordinator,Nagpur City,Warehousing,4
2026-03-15,Logistics Coordinator,"Nagpur, MH",Warehousing,19
2026-03-15,Dispatch Coordinator,Nagpur,Logistics,12
2026-03-15,Transport Coordinator,Nagpur City,Warehousing,6
2026-03-15,Logistics Co-ordinator,"Nagpur, MH",Logistics,4
2026-04-15,Logistics Coordinator,Nagpur,Logistics,19
2026-04-15,Senior Dispatch Coordinator,Nagpur City,Warehousing,12
2026-04-15,Transport Coordinator,"Nagpur, MH",Logistics,6
2026-04-15,Logistics Co-ordinator,Nagpur,Warehousing,4
2026-05-15,Logistics Coordinator,Nagpur City,Warehousing,19
2026-05-15,Dispatch Coordinator,"Nagpur, MH",Logistics,12
2026-05-15,Transport Coordinator,Nagpur,Warehousing,6
2026-05-15,Logistics Co-ordinator,Nagpur City,Logistics,4
2026-06-15,Logistics Coordinator,"Nagpur, MH",Logistics,19
2026-06-15,Senior Dispatch Coordinator,Nagpur,Warehousing,12
2026-06-15,Transport Coordinator,Nagpur City,Logistics,6
2026-06-15,Logistics Co-ordinator,"Nagpur, MH",Warehousing,4
2026-07-15,Logistics Coordinator,Nagpur,Warehousing,18
2026-07-15,Dispatch Coordinator,Nagpur City,Logistics,12
2026-07-15,Transport Coordinator,"Nagpur, MH",Warehousing,6
2026-07-15,Logistics Co-ordinator,Nagpur,Logistics,4
2026-08-15,Logistics Coordinator,Nagpur District,Logistics,18
2026-08-15,Senior Dispatch Coordinator,Nagpur District,Warehousing,12
2026-08-15,Transport Coordinator,Nagpur District,Logistics,6
2026-08-15,Logistics Co-ordinator,Nagpur District,Warehousing,4
2026-09-15,Logistics Coordinator,Nagpur District,Warehousing,18
2026-09-15,Dispatch Coordinator,Nagpur District,Logistics,12
2026-09-15,Transport Coordinator,Nagpur District,Warehousing,6
2026-09-15,Logistics Co-ordinator,Nagpur District,Logistics,4
2024-10-15,Electrician,Nagpur,Construction,23
2024-10-15,Senior Wireman,Nagpur City,Real Estate,15
2024-10-15,Electrical Technician,"Nagpur, MH",Construction,7
2024-10-15,Electrician cum Wireman,Nagpur,Real Estate,5
2024-11-15,Electrician,Nagpur District,Real Estate,23
2024-11-15,Wireman,Nagpur District,Construction,15
2024-11-15,Electrical Technician,Nagpur District,Real Estate,8
2024-11-15,Electrician cum Wireman,Nagpur District,Construction,5
2024-12-15,Electrician,"Nagpur, MH",Construction,23
2024-12-15,Senior Wireman,Nagpur,Real Estate,16
2024-12-15,Electrical Technician,Nagpur City,Construction,8
2024-12-15,Electrician cum Wireman,"Nagpur, MH",Real Estate,5
2025-01-15,Electrician,Nagpur,Real Estate,23
2025-01-15,Wireman,Nagpur City,Construction,15
2025-01-15,Electrical Technician,"Nagpur, MH",Real Estate,7
2025-01-15,Electrician cum Wireman,Nagpur,Construction,5
2025-02-15,Electrician,Nagpur City,Construction,23
2025-02-15,Senior Wireman,"Nagpur, MH",Real Estate,15
2025-02-15,Electrical Technician,Nagpur,Construction,7
2025-02-15,Electrician cum Wireman,Nagpur City,Real Estate,5
2025-03-15,Electrician,"Nagpur, MH",Real Estate,23
2025-03-15,Wireman,Nagpur,Construction,15
2025-03-15,Electrical Technician,Nagpur City,Real Estate,7
2025-03-15,Electrician cum Wireman,"Nagpur, MH",Construction,5
2025-04-15,Electrician,Nagpur,Construction,23
2025-04-15,Senior Wireman,Nagpur City,Real Estate,15
2025-04-15,Electrical Technician,"Nagpur, MH",Construction,7
2025-04-15,Electrician cum Wireman,Nagpur,Real Estate,5
2025-05-15,Electrician,Nagpur City,Real Estate,22
2025-05-15,Wireman,"Nagpur, MH",Construction,15
2025-05-15,Electrical Technician,Nagpur,Real Estate,7
2025-05-15,Electrician cum Wireman,Nagpur City,Construction,5
2025-06-15,Electrician,"Nagpur, MH",Construction,22
2025-06-15,Senior Wireman,Nagpur,Real Estate,15
2025-06-15,Electrical Technician,Nagpur City,Construction,7
2025-06-15,Electrician cum Wireman,"Nagpur, MH",Real Estate,5
2025-07-15,Electrician,Nagpur,Real Estate,22
2025-07-15,Wireman,Nagpur City,Construction,15
2025-07-15,Electrical Technician,"Nagpur, MH",Real Estate,7
2025-07-15,Electrician cum Wireman,Nagpur,Construction,5
2025-08-15,Electrician,Nagpur City,Construction,22
2025-08-15,Senior Wireman,"Nagpur, MH",Real Estate,15
2025-08-15,Electrical Technician,Nagpur,Construction,7
2025-08-15,Electrician cum Wireman,Nagpur City,Real Estate,5
2025-09-15,Electrician,"Nagpur, MH",Real Estate,23
2025-09-15,Wireman,Nagpur,Construction,15
2025-09-15,Electrical Technician,Nagpur City,Real Estate,7
2025-09-15,Electrician cum Wireman,"Nagpur, MH",Construction,5
2025-10-15,Electrician,Nagpur,Construction,25
2025-10-15,Senior Wireman,Nagpur City,Real Estate,17
2025-10-15,Electrical Technician,"Nagpur, MH",Construction,8
2025-10-15,Electrician cum Wireman,Nagpur,Real Estate,6
2025-11-15,Electrician,Nagpur City,Real Estate,26
2025-11-15,Wireman,"Nagpur, MH",Construction,17
2025-11-15,Electrical Technician,Nagpur,Real Estate,9
2025-11-15,Electrician cum Wireman,Nagpur City,Construction,6
2025-12-15,Electrician,"Nagpur, MH",Construction,26
2025-12-15,Senior Wireman,Nagpur,Real Estate,18
2025-12-15,Electrical Technician,Nagpur City,Construction,9
2025-12-15,Electrician cum Wireman,"Nagpur, MH",Real Estate,6
2026-01-15,Electrician,Nagpur,Real Estate,26
2026-01-15,Wireman,Nagpur City,Construction,18
2026-01-15,Electrical Technician,"Nagpur, MH",Real Estate,9
2026-01-15,Electrician cum Wireman,Nagpur,Construction,6
2026-02-15,Electrician,Nagpur District,Construction,26
2026-02-15,Senior Wireman,Nagpur District,Real Estate,18
2026-02-15,Electrical Technician,Nagpur District,Construction,9
2026-02-15,Electrician cum Wireman,Nagpur District,Real Estate,6
2026-03-15,Electrician,Nagpur District,Real Estate,26
2026-03-15,Wireman,Nagpur District,Construction,18
2026-03-15,Electrical Technician,Nagpur District,Real Estate,9
2026-03-15,Electrician cum Wireman,Nagpur District,Construction,6
2026-04-15,Electrician,Nagpur,Construction,26
2026-04-15,Senior Wireman,Nagpur City,Real Estate,17
2026-04-15,Electrical Technician,"Nagpur, MH",Construction,9
2026-04-15,Electrician cum Wireman,Nagpur,Real Estate,6
2026-05-15,Electrician,Nagpur City,Real Estate,26
2026-05-15,Wireman,"Nagpur, MH",Construction,17
2026-05-15,Electrical Technician,Nagpur,Real Estate,9
2026-05-15,Electrician cum Wireman,Nagpur City,Construction,6
2026-06-15,Electrician,"Nagpur, MH",Construction,26
2026-06-15,Senior Wireman,Nagpur,Real Estate,17
2026-06-15,Electrical Technician,Nagpur City,Construction,8
2026-06-15,Electrician cum Wireman,"Nagpur, MH",Real Estate,6
2026-07-15,Electrician,Nagpur,Real Estate,26
2026-07-15,Wireman,Nagpur City,Construction,17
2026-07-15,Electrical Technician,"Nagpur, MH",Real Estate,8
2026-07-15,Electrician cum Wireman,Nagpur,Construction,6
2026-08-15,Electrician,Nagpur City,Construction,26
2026-08-15,Senior Wireman,"Nagpur, MH",Real Estate,17
2026-08-15,Electrical Technician,Nagpur,Construction,9
2026-08-15,Electrician cum Wireman,Nagpur City,Real Estate,6
2026-09-15,Electrician,"Nagpur, MH",Real Estate,26
2026-09-15,Wireman,Nagpur,Construction,18
2026-09-15,Electrical Technician,Nagpur City,Real Estate,9
2026-09-15,Electrician cum Wireman,"Nagpur, MH",Construction,6
2024-10-15,Mason,Nagpur,Construction,15
2024-10-15,Senior Bricklayer,Nagpur City,Real Estate,10
2024-10-15,Tile Mason,"Nagpur, MH",Construction,5
2024-10-15,Shuttering Carpenter,Nagpur,Real Estate,4
2024-11-15,Mason,Nagpur City,Real Estate,16
2024-11-15,Bricklayer,"Nagpur, MH",Construction,11
2024-11-15,Tile Mason,Nagpur,Real Estate,5
2024-11-15,Shuttering Carpenter,Nagpur City,Construction,3
2024-12-15,Mason,"Nagpur, MH",Construction,16
2024-12-15,Senior Bricklayer,Nagpur,Real Estate,11
2024-12-15,Tile Mason,Nagpur City,Construction,5
2024-12-15,Shuttering Carpenter,"Nagpur, MH",Real Estate,4
2025-01-15,Mason,Nagpur,Real Estate,17
2025-01-15,Bricklayer,Nagpur City,Construction,11
2025-01-15,Tile Mason,"Nagpur, MH",Real Estate,5
2025-01-15,Shuttering Carpenter,Nagpur,Construction,4
2025-02-15,Mason,Nagpur City,Construction,17
2025-02-15,Senior Bricklayer,"Nagpur, MH",Real Estate,11
2025-02-15,Tile Mason,Nagpur,Construction,5
2025-02-15,Shuttering Carpenter,Nagpur City,Real Estate,4
2025-03-15,Mason,"Nagpur, MH",Real Estate,17
2025-03-15,Bricklayer,Nagpur,Construction,11
2025-03-15,Tile Mason,Nagpur City,Real Estate,5
2025-03-15,Shuttering Carpenter,"Nagpur, MH",Construction,4
2025-04-15,Mason,Nagpur,Construction,17
2025-04-15,Senior Bricklayer,Nagpur City,Real Estate,11
2025-04-15,Tile Mason,"Nagpur, MH",Construction,5
2025-04-15,Shuttering Carpenter,Nagpur,Real Estate,4
2025-05-15,Mason,Nagpur City,Real Estate,16
2025-05-15,Bricklayer,"Nagpur, MH",Construction,11
2025-05-15,Tile Mason,Nagpur,Real Estate,5
2025-05-15,Shuttering Carpenter,Nagpur City,Construction,4
2025-06-15,Mason,"Nagpur, MH",Construction,16
2025-06-15,Senior Bricklayer,Nagpur,Real Estate,11
2025-06-15,Tile Mason,Nagpur City,Construction,5
2025-06-15,Shuttering Carpenter,"Nagpur, MH",Real Estate,4
2025-07-15,Mason,Nagpur,Real Estate,16
2025-07-15,Bricklayer,Nagpur City,Construction,11
2025-07-15,Tile Mason,"Nagpur, MH",Real Estate,5
2025-07-15,Shuttering Carpenter,Nagpur,Construction,3
2025-08-15,Mason,Nagpur City,Construction,16
2025-08-15,Senior Bricklayer,"Nagpur, MH",Real Estate,11
2025-08-15,Tile Mason,Nagpur,Construction,5
2025-08-15,Shuttering Carpenter,Nagpur City,Real Estate,3
2025-09-15,Mason,"Nagpur, MH",Real Estate,16
2025-09-15,Bricklayer,Nagpur,Construction,11
2025-09-15,Tile Mason,Nagpur City,Real Estate,5
2025-09-15,Shuttering Carpenter,"Nagpur, MH",Construction,4
2025-10-15,Mason,Nagpur District,Construction,16
2025-10-15,Senior Bricklayer,Nagpur District,Real Estate,11
2025-10-15,Tile Mason,Nagpur District,Construction,5
2025-10-15,Shuttering Carpenter,Nagpur District,Real Estate,4
2025-11-15,Mason,Nagpur District,Real Estate,17
2025-11-15,Bricklayer,Nagpur District,Construction,11
2025-11-15,Tile Mason,Nagpur District,Real Estate,5
2025-11-15,Shuttering Carpenter,Nagpur District,Construction,4
2025-12-15,Mason,"Nagpur, MH",Construction,17
2025-12-15,Senior Bricklayer,Nagpur,Real Estate,11
2025-12-15,Tile Mason,Nagpur City,Construction,6
2025-12-15,Shuttering Carpenter,"Nagpur, MH",Real Estate,4
2026-01-15,Mason,Nagpur,Real Estate,14
2026-01-15,Bricklayer,Nagpur City,Construction,10
2026-01-15,Tile Mason,"Nagpur, MH",Real Estate,5
2026-01-15,Shuttering Carpenter,Nagpur,Construction,3
2026-02-15,Mason,Nagpur City,Construction,15
2026-02-15,Senior Bricklayer,"Nagpur, MH",Real Estate,10
2026-02-15,Tile Mason,Nagpur,Construction,5
2026-02-15,Shuttering Carpenter,Nagpur City,Real Estate,3
2026-03-15,Mason,"Nagpur, MH",Real Estate,15
2026-03-15,Bricklayer,Nagpur,Construction,10
2026-03-15,Tile Mason,Nagpur City,Real Estate,5
2026-03-15,Shuttering Carpenter,"Nagpur, MH",Construction,3
2026-04-15,Mason,Nagpur District,Construction,15
2026-04-15,Senior Bricklayer,Nagpur District,Real Estate,10
2026-04-15,Tile Mason,Nagpur District,Construction,5
2026-04-15,Shuttering Carpenter,Nagpur District,Real Estate,3
2026-05-15,Mason,Nagpur City,Real Estate,14
2026-05-15,Bricklayer,"Nagpur, MH",Construction,10
2026-05-15,Tile Mason,Nagpur,Real Estate,5
2026-05-15,Shuttering Carpenter,Nagpur City,Construction,3
2026-06-15,Mason,"Nagpur, MH",Construction,14
2026-06-15,Senior Bricklayer,Nagpur,Real Estate,10
2026-06-15,Tile Mason,Nagpur City,Construction,5
2026-06-15,Shuttering Carpenter,"Nagpur, MH",Real Estate,3
2026-07-15,Mason,Nagpur,Real Estate,14
2026-07-15,Bricklayer,Nagpur City,Construction,9
2026-07-15,Tile Mason,"Nagpur, MH",Real Estate,5
2026-07-15,Shuttering Carpenter,Nagpur,Construction,3
2026-08-15,Mason,Nagpur District,Construction,14
2026-08-15,Senior Bricklayer,Nagpur District,Real Estate,9
2026-08-15,Tile Mason,Nagpur District,Construction,5
2026-08-15,Shuttering Carpenter,Nagpur District,Real Estate,3
2026-09-15,Mason,Nagpur District,Real Estate,14
2026-09-15,Bricklayer,Nagpur District,Construction,9
2026-09-15,Tile Mason,Nagpur District,Real Estate,5
2026-09-15,Shuttering Carpenter,Nagpur District,Construction,3
2024-10-15,Retail Sales Associate,Nagpur,Retail,49
2024-10-15,Senior Store Associate,Nagpur City,Organised Retail,32
2024-10-15,Counter Sales Executive,"Nagpur, MH",Retail,16
2024-10-15,Retail Sales Assosiate,Nagpur,Organised Retail,11
2024-11-15,Retail Sales Associate,Nagpur City,Organised Retail,48
2024-11-15,Store Associate,"Nagpur, MH",Retail,32
2024-11-15,Counter Sales Executive,Nagpur,Organised Retail,16
2024-11-15,Retail Sales Assosiate,Nagpur City,Retail,11
2024-12-15,Retail Sales Associate,Nagpur District,Retail,48
2024-12-15,Senior Store Associate,Nagpur District,Organised Retail,32
2024-12-15,Counter Sales Executive,Nagpur District,Retail,16
2024-12-15,Retail Sales Assosiate,Nagpur District,Organised Retail,11
2025-01-15,Retail Sales Associate,Nagpur,Organised Retail,48
2025-01-15,Store Associate,Nagpur City,Retail,32
2025-01-15,Counter Sales Executive,"Nagpur, MH",Organised Retail,16
2025-01-15,Retail Sales Assosiate,Nagpur,Retail,10
2025-02-15,Retail Sales Associate,Nagpur City,Retail,48
2025-02-15,Senior Store Associate,"Nagpur, MH",Organised Retail,32
2025-02-15,Counter Sales Executive,Nagpur,Retail,16
2025-02-15,Retail Sales Assosiate,Nagpur City,Organised Retail,11
2025-03-15,Retail Sales Associate,"Nagpur, MH",Organised Retail,49
2025-03-15,Store Associate,Nagpur,Retail,32
2025-03-15,Counter Sales Executive,Nagpur City,Organised Retail,16
2025-03-15,Retail Sales Assosiate,"Nagpur, MH",Retail,11
2025-04-15,Retail Sales Associate,Nagpur,Retail,49
2025-04-15,Senior Store Associate,Nagpur City,Organised Retail,32
2025-04-15,Counter Sales Executive,"Nagpur, MH",Retail,16
2025-04-15,Retail Sales Assosiate,Nagpur,Organised Retail,11
2025-05-15,Retail Sales Associate,Nagpur City,Organised Retail,49
2025-05-15,Store Associate,"Nagpur, MH",Retail,32
2025-05-15,Counter Sales Executive,Nagpur,Organised Retail,16
2025-05-15,Retail Sales Assosiate,Nagpur City,Retail,11
2025-06-15,Retail Sales Associate,"Nagpur, MH",Retail,48
2025-06-15,Senior Store Associate,Nagpur,Organised Retail,32
2025-06-15,Counter Sales Executive,Nagpur City,Retail,16
2025-06-15,Retail Sales Assosiate,"Nagpur, MH",Organised Retail,10
2025-07-15,Retail Sales Associate,Nagpur,Organised Retail,47
2025-07-15,Store Associate,Nagpur City,Retail,31
2025-07-15,Counter Sales Executive,"Nagpur, MH",Organised Retail,16
2025-07-15,Retail Sales Assosiate,Nagpur,Retail,10
2025-08-15,Retail Sales Associate,Nagpur City,Retail,46
2025-08-15,Senior Store Associate,"Nagpur, MH",Organised Retail,30
2025-08-15,Counter Sales Executive,Nagpur,Retail,15
2025-08-15,Retail Sales Assosiate,Nagpur City,Organised Retail,10
2025-09-15,Retail Sales Associate,"Nagpur, MH",Organised Retail,44
2025-09-15,Store Associate,Nagpur,Retail,30
2025-09-15,Counter Sales Executive,Nagpur City,Organised Retail,15
2025-09-15,Retail Sales Assosiate,"Nagpur, MH",Retail,10
2025-10-15,Retail Sales Associate,Nagpur,Retail,44
2025-10-15,Senior Store Associate,Nagpur City,Organised Retail,29
2025-10-15,Counter Sales Executive,"Nagpur, MH",Retail,14
2025-10-15,Retail Sales Assosiate,Nagpur,Organised Retail,10
2025-11-15,Retail Sales Associate,Nagpur City,Organised Retail,43
2025-11-15,Store Associate,"Nagpur, MH",Retail,29
2025-11-15,Counter Sales Executive,Nagpur,Organised Retail,14
2025-11-15,Retail Sales Assosiate,Nagpur City,Retail,10
2025-12-15,Retail Sales Associate,"Nagpur, MH",Retail,43
2025-12-15,Senior Store Associate,Nagpur,Organised Retail,29
2025-12-15,Counter Sales Executive,Nagpur City,Retail,14
2025-12-15,Retail Sales Assosiate,"Nagpur, MH",Organised Retail,10
2026-01-15,Retail Sales Associate,Nagpur,Organised Retail,46
2026-01-15,Store Associate,Nagpur City,Retail,30
2026-01-15,Counter Sales Executive,"Nagpur, MH",Organised Retail,15
2026-01-15,Retail Sales Assosiate,Nagpur,Retail,10
2026-02-15,Retail Sales Associate,Nagpur City,Retail,46
2026-02-15,Senior Store Associate,"Nagpur, MH",Organised Retail,31
2026-02-15,Counter Sales Executive,Nagpur,Retail,16
2026-02-15,Retail Sales Assosiate,Nagpur City,Organised Retail,10
2026-03-15,Retail Sales Associate,"Nagpur, MH",Organised Retail,47
2026-03-15,Store Associate,Nagpur,Retail,31
2026-03-15,Counter Sales Executive,Nagpur City,Organised Retail,16
2026-03-15,Retail Sales Assosiate,"Nagpur, MH",Retail,10
2026-04-15,Retail Sales Associate,Nagpur,Retail,47
2026-04-15,Senior Store Associate,Nagpur City,Organised Retail,32
2026-04-15,Counter Sales Executive,"Nagpur, MH",Retail,16
2026-04-15,Retail Sales Assosiate,Nagpur,Organised Retail,10
2026-05-15,Retail Sales Associate,Nagpur City,Organised Retail,47
2026-05-15,Store Associate,"Nagpur, MH",Retail,31
2026-05-15,Counter Sales Executive,Nagpur,Organised Retail,16
2026-05-15,Retail Sales Assosiate,Nagpur City,Retail,10
2026-06-15,Retail Sales Associate,"Nagpur, MH",Retail,46
2026-06-15,Senior Store Associate,Nagpur,Organised Retail,31
2026-06-15,Counter Sales Executive,Nagpur City,Retail,16
2026-06-15,Retail Sales Assosiate,"Nagpur, MH",Organised Retail,10
2026-07-15,Retail Sales Associate,Nagpur,Organised Retail,46
2026-07-15,Store Associate,Nagpur City,Retail,30
2026-07-15,Counter Sales Executive,"Nagpur, MH",Organised Retail,15
2026-07-15,Retail Sales Assosiate,Nagpur,Retail,10
2026-08-15,Retail Sales Associate,Nagpur District,Retail,44
2026-08-15,Senior Store Associate,Nagpur District,Organised Retail,29
2026-08-15,Counter Sales Executive,Nagpur District,Retail,14
2026-08-15,Retail Sales Assosiate,Nagpur District,Organised Retail,10
2026-09-15,Retail Sales Associate,Nagpur District,Organised Retail,42
2026-09-15,Store Associate,Nagpur District,Retail,28
2026-09-15,Counter Sales Executive,Nagpur District,Organised Retail,14
2026-09-15,Retail Sales Assosiate,Nagpur District,Retail,10
2024-10-15,Solar Technician,Nagpur,Renewable Energy,13
2024-10-15,Senior Solar PV Installer,Nagpur City,Green Jobs,8
2024-10-15,Rooftop Solar Installer,"Nagpur, MH",Power,4
2024-10-15,Solar Technician - Rooftop,Nagpur,Renewable Energy,3
2024-11-15,Solar Technician,Nagpur City,Green Jobs,13
2024-11-15,Solar PV Installer,"Nagpur, MH",Power,9
2024-11-15,Rooftop Solar Installer,Nagpur,Renewable Energy,4
2024-11-15,Solar Technician - Rooftop,Nagpur City,Green Jobs,3
2024-12-15,Solar Technician,"Nagpur, MH",Power,13
2024-12-15,Senior Solar PV Installer,Nagpur,Renewable Energy,9
2024-12-15,Rooftop Solar Installer,Nagpur City,Green Jobs,4
2024-12-15,Solar Technician - Rooftop,"Nagpur, MH",Power,3
2025-01-15,Solar Technician,Nagpur,Renewable Energy,12
2025-01-15,Solar PV Installer,Nagpur City,Green Jobs,8
2025-01-15,Rooftop Solar Installer,"Nagpur, MH",Power,4
2025-01-15,Solar Technician - Rooftop,Nagpur,Renewable Energy,3
2025-02-15,Solar Technician,Nagpur City,Green Jobs,12
2025-02-15,Senior Solar PV Installer,"Nagpur, MH",Power,8
2025-02-15,Rooftop Solar Installer,Nagpur,Renewable Energy,4
2025-02-15,Solar Technician - Rooftop,Nagpur City,Green Jobs,3
2025-03-15,Solar Technician,"Nagpur, MH",Power,12
2025-03-15,Solar PV Installer,Nagpur,Renewable Energy,8
2025-03-15,Rooftop Solar Installer,Nagpur City,Green Jobs,4
2025-03-15,Solar Technician - Rooftop,"Nagpur, MH",Power,3
2025-04-15,Solar Technician,Nagpur District,Renewable Energy,12
2025-04-15,Senior Solar PV Installer,Nagpur District,Green Jobs,8
2025-04-15,Rooftop Solar Installer,Nagpur District,Power,4
2025-04-15,Solar Technician - Rooftop,Nagpur District,Renewable Energy,3
2025-05-15,Solar Technician,Nagpur City,Green Jobs,12
2025-05-15,Solar PV Installer,"Nagpur, MH",Power,8
2025-05-15,Rooftop Solar Installer,Nagpur,Renewable Energy,4
2025-05-15,Solar Technician - Rooftop,Nagpur City,Green Jobs,3
2025-06-15,Solar Technician,"Nagpur, MH",Power,13
2025-06-15,Senior Solar PV Installer,Nagpur,Renewable Energy,8
2025-06-15,Rooftop Solar Installer,Nagpur City,Green Jobs,4
2025-06-15,Solar Technician - Rooftop,"Nagpur, MH",Power,3
2025-07-15,Solar Technician,Nagpur,Renewable Energy,13
2025-07-15,Solar PV Installer,Nagpur City,Green Jobs,9
2025-07-15,Rooftop Solar Installer,"Nagpur, MH",Power,4
2025-07-15,Solar Technician - Rooftop,Nagpur,Renewable Energy,3
2025-08-15,Solar Technician,Nagpur City,Green Jobs,14
2025-08-15,Senior Solar PV Installer,"Nagpur, MH",Power,9
2025-08-15,Rooftop Solar Installer,Nagpur,Renewable Energy,4
2025-08-15,Solar Technician - Rooftop,Nagpur City,Green Jobs,3
2025-09-15,Solar Technician,"Nagpur, MH",Power,14
2025-09-15,Solar PV Installer,Nagpur,Renewable Energy,9
2025-09-15,Rooftop Solar Installer,Nagpur City,Green Jobs,5
2025-09-15,Solar Technician - Rooftop,"Nagpur, MH",Power,3
2025-10-15,Solar Technician,Nagpur,Renewable Energy,14
2025-10-15,Senior Solar PV Installer,Nagpur City,Green Jobs,10
2025-10-15,Rooftop Solar Installer,"Nagpur, MH",Power,5
2025-10-15,Solar Technician - Rooftop,Nagpur,Renewable Energy,3
2025-11-15,Solar Technician,Nagpur City,Green Jobs,15
2025-11-15,Solar PV Installer,"Nagpur, MH",Power,10
2025-11-15,Rooftop Solar Installer,Nagpur,Renewable Energy,5
2025-11-15,Solar Technician - Rooftop,Nagpur City,Green Jobs,3
2025-12-15,Solar Technician,"Nagpur, MH",Power,15
2025-12-15,Senior Solar PV Installer,Nagpur,Renewable Energy,10
2025-12-15,Rooftop Solar Installer,Nagpur City,Green Jobs,5
2025-12-15,Solar Technician - Rooftop,"Nagpur, MH",Power,4
2026-01-15,Solar Technician,Nagpur,Renewable Energy,14
2026-01-15,Solar PV Installer,Nagpur City,Green Jobs,10
2026-01-15,Rooftop Solar Installer,"Nagpur, MH",Power,5
2026-01-15,Solar Technician - Rooftop,Nagpur,Renewable Energy,3
2026-02-15,Solar Technician,Nagpur City,Green Jobs,14
2026-02-15,Senior Solar PV Installer,"Nagpur, MH",Power,10
2026-02-15,Rooftop Solar Installer,Nagpur,Renewable Energy,5
2026-02-15,Solar Technician - Rooftop,Nagpur City,Green Jobs,3
2026-03-15,Solar Technician,"Nagpur, MH",Power,14
2026-03-15,Solar PV Installer,Nagpur,Renewable Energy,10
2026-03-15,Rooftop Solar Installer,Nagpur City,Green Jobs,5
2026-03-15,Solar Technician - Rooftop,"Nagpur, MH",Power,3
2026-04-15,Solar Technician,Nagpur,Renewable Energy,14
2026-04-15,Senior Solar PV Installer,Nagpur City,Green Jobs,10
2026-04-15,Rooftop Solar Installer,"Nagpur, MH",Power,5
2026-04-15,Solar Technician - Rooftop,Nagpur,Renewable Energy,3
2026-05-15,Solar Technician,Nagpur City,Green Jobs,14
2026-05-15,Solar PV Installer,"Nagpur, MH",Power,10
2026-05-15,Rooftop Solar Installer,Nagpur,Renewable Energy,5
2026-05-15,Solar Technician - Rooftop,Nagpur City,Green Jobs,3
2026-06-15,Solar Technician,"Nagpur, MH",Power,14
2026-06-15,Senior Solar PV Installer,Nagpur,Renewable Energy,10
2026-06-15,Rooftop Solar Installer,Nagpur City,Green Jobs,5
2026-06-15,Solar Technician - Rooftop,"Nagpur, MH",Power,3
2026-07-15,Solar Technician,Nagpur,Renewable Energy,15
2026-07-15,Solar PV Installer,Nagpur City,Green Jobs,10
2026-07-15,Rooftop Solar Installer,"Nagpur, MH",Power,5
2026-07-15,Solar Technician - Rooftop,Nagpur,Renewable Energy,4
2026-08-15,Solar Technician,Nagpur City,Green Jobs,15
2026-08-15,Senior Solar PV Installer,"Nagpur, MH",Power,10
2026-08-15,Rooftop Solar Installer,Nagpur,Renewable Energy,5
2026-08-15,Solar Technician - Rooftop,Nagpur City,Green Jobs,4
2026-09-15,Solar Technician,Nagpur District,Power,16
2026-09-15,Solar PV Installer,Nagpur District,Renewable Energy,11
2026-09-15,Rooftop Solar Installer,Nagpur District,Green Jobs,5
2026-09-15,Solar Technician - Rooftop,Nagpur District,Power,4
2026-06-15,Wind Turbine Technician,"Nagpur, MH",Power,6
2026-06-15,Senior Wind Technician,Nagpur,Renewable Energy,4
2026-06-15,WTG Technician,Nagpur City,Green Jobs,2
2026-06-15,Wind Turbine Technician (O&M),"Nagpur, MH",Power,1
2026-07-15,Wind Turbine Technician,Nagpur,Renewable Energy,6
2026-07-15,Wind Technician,Nagpur City,Green Jobs,4
2026-07-15,WTG Technician,"Nagpur, MH",Power,2
2026-07-15,Wind Turbine Technician (O&M),Nagpur,Renewable Energy,1
2026-08-15,Wind Turbine Technician,Nagpur City,Green Jobs,6
2026-08-15,Senior Wind Technician,"Nagpur, MH",Power,4
2026-08-15,WTG Technician,Nagpur,Renewable Energy,2
2026-08-15,Wind Turbine Technician (O&M),Nagpur City,Green Jobs,1
2026-09-15,Wind Turbine Technician,"Nagpur, MH",Power,6
2026-09-15,Wind Technician,Nagpur,Renewable Energy,4
2026-09-15,WTG Technician,Nagpur City,Green Jobs,2
2026-09-15,Wind Turbine Technician (O&M),"Nagpur, MH",Power,1
2026-09-15,Astrologer,Hyderabad,Services,12
2026-09-15,Software Engineer,Chennai,IT,240
2026-08-15,Drone Pilot,Pune,Aviation,9
